date,open,high,low,close,preclose,volume,amount,turn,tradestatus,pctChg,peTTM,psTTM,pcfNcfTTM,pbMRQ,isST,foreAdjustFactor,factor,adjustFactor,vwap,code
2005-04-08,984.665,1003.699,979.529,1003.445,984.733,1476252600.0,9151349808.0,0.014011,1.0,1.900214,0.0,0.0,0.0,0.0,0.0,1.0,1.0,1.0,6.19904060321384,SH000300
2005-04-11,1003.879,1008.735,992.773,995.421,1003.445,1593606600.0,10436232248.0,0.015125,1.0,-0.799644,0.0,0.0,0.0,0.0,0.0,1.0,1.0,1.0,6.548813394723641,SH000300
2005-04-12,993.711,993.711,978.204,978.697,995.421,1022619300.0,6479563495.0,0.009705,1.0,-1.680093,0.0,0.0,0.0,0.0,0.0,1.0,1.0,1.0,6.336242133313932,SH000300
2005-04-13,987.95,1006.499,987.95,1000.9,978.697,1607168700.0,10029602129.0,0.015239,1.0,2.268629,0.0,0.0,0.0,0.0,0.0,1.0,1.0,1.0,6.240540976812204,SH000300
2005-04-14,1004.64,1006.416,985.578,986.975,1000.9,1294571000.0,7813424514.0,0.012275,1.0,-1.391253,0.0,0.0,0.0,0.0,0.0,1.0,1.0,1.0,6.03553185881655,SH000300
2005-04-15,982.613,982.613,971.93,974.082,986.975,1040895500.0,6541675456.0,0.00987,1.0,-1.306315,0.0,0.0,0.0,0.0,0.0,1.0,1.0,1.0,6.284661098064118,SH000300
2005-04-18,970.907,970.907,958.649,963.772,974.082,859840000.0,5329138712.0,0.008128,1.0,-1.058432,0.0,0.0,0.0,0.0,0.0,1.0,1.0,1.0,6.1978260048381095,SH000300
2005-04-19,962.916,968.867,957.91,965.886,963.772,921262300.0,5768907755.0,0.008709,1.0,0.219348,0.0,0.0,0.0,0.0,0.0,1.0,1.0,1.0,6.261960089976546,SH000300
2005-04-20,964.151,964.151,946.197,950.867,965.886,885070500.0,5300003714.0,0.008366,1.0,-1.554944,0.0,0.0,0.0,0.0,0.0,1.0,1.0,1.0,5.988227733270965,SH000300
2005-04-21,948.861,955.553,938.595,943.981,950.867,994614500.0,6140646108.0,0.009255,1.0,-0.72418,0.0,0.0,0.0,0.0,0.0,1.0,1.0,1.0,6.173895622877004,SH000300
2005-04-22,942.908,947.909,934.957,939.101,943.981,1069188400.0,6373550345.0,0.009948,1.0,-0.51696,0.0,0.0,0.0,0.0,0.0,1.0,1.0,1.0,5.961110637751027,SH000300
2005-04-25,935.993,935.993,920.162,930.07,939.101,1147047800.0,6667303132.0,0.010643,1.0,-0.961665,0.0,0.0,0.0,0.0,0.0,1.0,1.0,1.0,5.812576539530436,SH000300
2005-04-26,928.428,939.696,924.655,937.083,930.07,1169047100.0,7029373085.0,0.010847,1.0,0.754029,0.0,0.0,0.0,0.0,0.0,1.0,1.0,1.0,6.012908363572349,SH000300
2005-04-27,938.57,938.91,925.896,926.604,937.083,1078061100.0,6432845906.0,0.009991,1.0,-1.118258,0.0,0.0,0.0,0.0,0.0,1.0,1.0,1.0,5.9670513164791865,SH000300
2005-04-28,923.529,945.504,914.829,942.073,926.604,1434348600.0,8315813742.0,0.013293,1.0,1.669429,0.0,0.0,0.0,0.0,0.0,1.0,1.0,1.0,5.797623912345995,SH000300
2005-04-29,940.806,942.453,929.81,932.395,942.073,1123541900.0,6853192443.0,0.010378,1.0,-1.027307,0.0,0.0,0.0,0.0,0.0,1.0,1.0,1.0,6.0996322816265245,SH000300
2005-05-09,934.65,937.39,909.174,909.174,932.395,852911500.0,4889696446.0,0.007868,1.0,-2.490469,0.0,0.0,0.0,0.0,0.0,1.0,1.0,1.0,5.732947024398194,SH000300
2005-05-10,905.543,913.388,892.313,913.076,909.174,1049433100.0,5960910722.0,0.00968,1.0,0.429178,0.0,0.0,0.0,0.0,0.0,1.0,1.0,1.0,5.680124556772604,SH000300
2005-05-11,911.838,917.223,900.438,901.851,913.076,904204700.0,5128333208.0,0.008321,1.0,-1.229358,0.0,0.0,0.0,0.0,0.0,1.0,1.0,1.0,5.6716506870623435,SH000300
2005-05-12,899.968,900.063,883.511,885.82,901.851,1022872000.0,6107327165.0,0.009411,1.0,-1.777567,0.0,0.0,0.0,0.0,0.0,1.0,1.0,1.0,5.970763854128376,SH000300
2005-05-13,883.505,898.505,875.576,887.543,885.82,1124490600.0,6228419643.0,0.010346,1.0,0.194512,0.0,0.0,0.0,0.0,0.0,1.0,1.0,1.0,5.538881021326457,SH000300
2005-05-16,885.389,885.389,869.334,875.271,887.543,822428800.0,4630088469.0,0.007562,1.0,-1.382697,0.0,0.0,0.0,0.0,0.0,1.0,1.0,1.0,5.62977423577579,SH000300
2005-05-17,873.077,888.281,868.212,881.462,875.271,877227300.0,4635198616.0,0.008066,1.0,0.707321,0.0,0.0,0.0,0.0,0.0,1.0,1.0,1.0,5.283919704733312,SH000300
2005-05-18,881.141,890.403,871.821,883.196,881.462,787861000.0,4615409280.0,0.007217,1.0,0.19672,0.0,0.0,0.0,0.0,0.0,1.0,1.0,1.0,5.858151729810207,SH000300
2005-05-19,882.842,888.016,871.289,884.171,883.196,814958300.0,4263472583.0,0.007456,1.0,0.110399,0.0,0.0,0.0,0.0,0.0,1.0,1.0,1.0,5.2315223772799175,SH000300
2005-05-20,883.513,891.02,879.18,882.763,884.171,722667600.0,3835476288.0,0.006604,1.0,-0.159247,0.0,0.0,0.0,0.0,0.0,1.0,1.0,1.0,5.307386532895622,SH000300
2005-05-23,880.281,880.281,862.098,863.341,882.763,727979500.0,3725791093.0,0.006653,1.0,-2.200137,0.0,0.0,0.0,0.0,0.0,1.0,1.0,1.0,5.1179890271635395,SH000300
2005-05-24,861.195,871.767,855.587,868.456,863.341,920692900.0,4777971875.0,0.008414,1.0,0.592465,0.0,0.0,0.0,0.0,0.0,1.0,1.0,1.0,5.189539177504247,SH000300
2005-05-25,867.658,876.305,861.659,868.451,868.456,723855600.0,3742173189.0,0.006615,1.0,-0.000576,0.0,0.0,0.0,0.0,0.0,1.0,1.0,1.0,5.169778598107136,SH000300
2005-05-26,867.758,872.835,854.956,857.331,868.451,662278600.0,3470051082.0,0.006052,1.0,-1.28044,0.0,0.0,0.0,0.0,0.0,1.0,1.0,1.0,5.239563956920849,SH000300
2005-05-27,855.595,864.963,848.398,849.508,857.331,774998300.0,4240678764.0,0.007069,1.0,-0.912483,0.0,0.0,0.0,0.0,0.0,1.0,1.0,1.0,5.471855569231571,SH000300
2005-05-30,847.634,858.462,842.102,855.612,849.508,697158300.0,3712116331.0,0.006354,1.0,0.718534,0.0,0.0,0.0,0.0,0.0,1.0,1.0,1.0,5.324639082687533,SH000300
2005-05-31,856.561,863.198,853.291,855.946,855.612,704782100.0,3601006687.0,0.006424,1.0,0.039035,0.0,0.0,0.0,0.0,0.0,1.0,1.0,1.0,5.109390103693042,SH000300
2005-06-01,855.206,857.657,836.04,837.532,855.946,790230200.0,4274074912.0,0.007203,1.0,-2.151304,0.0,0.0,0.0,0.0,0.0,1.0,1.0,1.0,5.408645369412609,SH000300
2005-06-02,835.467,835.493,812.989,818.379,837.532,950865700.0,5220786229.0,0.008667,1.0,-2.286833,0.0,0.0,0.0,0.0,0.0,1.0,1.0,1.0,5.490561105527311,SH000300
2005-06-03,816.546,823.86,807.965,818.033,818.379,793605600.0,4164754479.0,0.007233,1.0,-0.04228,0.0,0.0,0.0,0.0,0.0,1.0,1.0,1.0,5.247889479358513,SH000300
2005-06-06,816.731,839.15,807.784,838.997,818.033,900918500.0,4685006534.0,0.008212,1.0,2.562732,0.0,0.0,0.0,0.0,0.0,1.0,1.0,1.0,5.20025566574557,SH000300
2005-06-07,841.579,858.092,835.179,837.282,838.997,1306706800.0,7248577634.0,0.011908,1.0,-0.204414,0.0,0.0,0.0,0.0,0.0,1.0,1.0,1.0,5.547210463739838,SH000300
2005-06-08,848.536,908.829,844.473,905.773,837.282,3290783900.0,17414544247.0,0.029939,1.0,8.180162,0.0,0.0,0.0,0.0,0.0,1.0,1.0,1.0,5.2919136522455945,SH000300
2005-06-09,907.569,925.365,895.036,912.604,905.773,3314184000.0,17782386004.0,0.030149,1.0,0.754162,0.0,0.0,0.0,0.0,0.0,1.0,1.0,1.0,5.3655397539786565,SH000300
2005-06-10,911.941,911.941,889.103,894.556,912.604,2239150200.0,12006754528.0,0.02037,1.0,-1.977635,0.0,0.0,0.0,0.0,0.0,1.0,1.0,1.0,5.362192553228453,SH000300
2005-06-13,894.997,900.18,877.69,892.959,894.556,1562800200.0,7944060172.0,0.014217,1.0,-0.178529,0.0,0.0,0.0,0.0,0.0,1.0,1.0,1.0,5.08322188082648,SH000300
2005-06-14,895.391,905.415,882.862,883.537,892.959,1434357000.0,7692070462.0,0.013046,1.0,-1.055143,0.0,0.0,0.0,0.0,0.0,1.0,1.0,1.0,5.36273079993335,SH000300
2005-06-15,881.208,881.248,865.136,866.834,883.537,1145405600.0,6272310250.0,0.010418,1.0,-1.89047,0.0,0.0,0.0,0.0,0.0,1.0,1.0,1.0,5.476060401660337,SH000300
2005-06-16,866.659,879.493,861.827,879.237,866.834,1104968500.0,6115269193.0,0.01005,1.0,1.430841,0.0,0.0,0.0,0.0,0.0,1.0,1.0,1.0,5.534338031355645,SH000300
2005-06-17,883.605,888.078,876.038,880.345,879.237,1496300900.0,8285455982.0,0.013565,1.0,0.126015,0.0,0.0,0.0,0.0,0.0,1.0,1.0,1.0,5.537292654171363,SH000300
2005-06-20,881.623,906.482,872.563,906.255,880.345,1899208200.0,10290889580.0,0.017078,1.0,2.943168,0.0,0.0,0.0,0.0,0.0,1.0,1.0,1.0,5.418515768834612,SH000300
2005-06-21,906.306,906.306,894.386,896.166,906.255,1277478400.0,6890936652.0,0.011487,1.0,-1.113262,0.0,0.0,0.0,0.0,0.0,1.0,1.0,1.0,5.394170775803333,SH000300
2005-06-22,894.769,901.243,891.926,900.646,896.166,1047813400.0,5882401451.0,0.009407,1.0,0.499905,0.0,0.0,0.0,0.0,0.0,1.0,1.0,1.0,5.613978071858978,SH000300
2005-06-23,900.059,904.896,892.831,893.572,900.646,950930800.0,5465028353.0,0.008533,1.0,-0.785433,0.0,0.0,0.0,0.0,0.0,1.0,1.0,1.0,5.747030544178399,SH000300
2005-06-24,892.061,898.67,888.397,898.301,893.572,891873900.0,4732186046.0,0.008002,1.0,0.529225,0.0,0.0,0.0,0.0,0.0,1.0,1.0,1.0,5.305891388905987,SH000300
2005-06-27,904.209,920.647,904.209,916.043,898.301,1654540200.0,8903493734.0,0.014844,1.0,1.975062,0.0,0.0,0.0,0.0,0.0,1.0,1.0,1.0,5.381249566495876,SH000300
2005-06-28,913.48,913.48,901.207,903.716,916.043,1040221900.0,5536098456.0,0.009324,1.0,-1.345682,0.0,0.0,0.0,0.0,0.0,1.0,1.0,1.0,5.322036054038086,SH000300
2005-06-29,906.751,907.571,898.084,898.898,903.716,1080674600.0,5751998008.0,0.009617,1.0,-0.533131,0.0,0.0,0.0,0.0,0.0,1.0,1.0,1.0,5.322599428171996,SH000300
2005-06-30,897.102,897.102,876.884,878.686,898.898,1085547200.0,5597946269.0,0.00965,1.0,-2.248535,0.0,0.0,0.0,0.0,0.0,1.0,1.0,1.0,5.156796746378232,SH000300
2005-07-01,875.935,875.935,858.37,859.494,878.686,1009459700.0,5086726820.0,0.008976,1.0,-2.184165,0.0,0.0,0.0,0.0,0.0,1.0,1.0,1.0,5.0390588351372525,SH000300
2005-07-04,855.317,856.1,842.812,855.932,859.494,884027700.0,4026099534.0,0.007861,1.0,-0.414431,0.0,0.0,0.0,0.0,0.0,1.0,1.0,1.0,4.554268530273429,SH000300
2005-07-05,853.679,856.738,845.361,849.679,855.932,799268800.0,4529674417.0,0.007091,1.0,-0.730548,0.0,0.0,0.0,0.0,0.0,1.0,1.0,1.0,5.667272908688541,SH000300
2005-07-06,850.253,854.448,838.609,842.556,849.679,689831400.0,3627265630.0,0.006118,1.0,-0.838315,0.0,0.0,0.0,0.0,0.0,1.0,1.0,1.0,5.258191537816342,SH000300
2005-07-07,841.748,848.022,839.282,844.729,842.556,596246500.0,2901826588.0,0.005283,1.0,0.257903,0.0,0.0,0.0,0.0,0.0,1.0,1.0,1.0,4.866823684499615,SH000300
2005-07-08,842.62,842.62,827.229,829.489,844.729,722100000.0,3447787083.0,0.006398,1.0,-1.804128,0.0,0.0,0.0,0.0,0.0,1.0,1.0,1.0,4.774667058579144,SH000300
2005-07-11,837.863,850.658,822.524,824.097,829.489,843900600.0,4092653674.0,0.007456,1.0,-0.650042,0.0,0.0,0.0,0.0,0.0,1.0,1.0,1.0,4.8496868872945464,SH000300
2005-07-12,821.911,854.286,818.863,851.816,824.097,1498987100.0,7519245269.0,0.013244,1.0,3.36356,0.0,0.0,0.0,0.0,0.0,1.0,1.0,1.0,5.016217463779375,SH000300
2005-07-13,850.469,851.949,841.858,846.231,851.816,939884200.0,4674024437.0,0.008304,1.0,-0.655654,0.0,0.0,0.0,0.0,0.0,1.0,1.0,1.0,4.972979051036288,SH000300
2005-07-14,844.94,856.095,843.176,849.59,846.231,936196800.0,4742557429.0,0.008272,1.0,0.396937,0.0,0.0,0.0,0.0,0.0,1.0,1.0,1.0,5.065769749480024,SH000300
2005-07-15,849.873,854.604,837.783,841.001,849.59,888956300.0,4203939701.0,0.007854,1.0,-1.010964,0.0,0.0,0.0,0.0,0.0,1.0,1.0,1.0,4.729073522511737,SH000300
2005-07-18,839.221,840.005,829.679,832.995,841.001,850000600.0,3767754660.0,0.00751,1.0,-0.951959,0.0,0.0,0.0,0.0,0.0,1.0,1.0,1.0,4.432649412247474,SH000300
2005-07-19,831.501,840.143,829.277,835.608,832.995,789181800.0,3622924794.0,0.006969,1.0,0.313684,0.0,0.0,0.0,0.0,0.0,1.0,1.0,1.0,4.590735359076958,SH000300
2005-07-20,835.301,844.712,832.144,842.641,835.608,852647300.0,3953440082.0,0.007503,1.0,0.841665,0.0,0.0,0.0,0.0,0.0,1.0,1.0,1.0,4.6366652213640975,SH000300
2005-07-21,842.746,843.987,835.757,843.987,842.641,836610100.0,4118496717.0,0.007362,1.0,0.159737,0.0,0.0,0.0,0.0,0.0,1.0,1.0,1.0,4.9228388672333745,SH000300
2005-07-22,847.541,867.165,842.987,859.693,843.987,2162514094.0,10199001746.0,1.901809,1.0,1.860929,0.0,0.0,0.0,0.0,0.0,1.0,1.0,1.0,4.716270647344045,SH000300
2005-07-25,858.328,860.951,854.284,856.86,859.693,1181608000.0,5762385031.0,0.010387,1.0,-0.329537,0.0,0.0,0.0,0.0,0.0,1.0,1.0,1.0,4.876731564952167,SH000300
2005-07-26,856.189,880.034,856.189,876.48,856.86,2182677600.0,10513580671.0,0.019186,1.0,2.289755,0.0,0.0,0.0,0.0,0.0,1.0,1.0,1.0,4.816827126003401,SH000300
2005-07-27,876.942,894.026,876.036,894.012,876.48,2040953700.0,9688109273.0,0.017923,1.0,2.000279,0.0,0.0,0.0,0.0,0.0,1.0,1.0,1.0,4.746854018785434,SH000300
2005-07-28,893.879,900.997,888.5,890.885,894.012,2062252700.0,10326374188.0,0.018111,1.0,-0.349773,0.0,0.0,0.0,0.0,0.0,1.0,1.0,1.0,5.007327272744024,SH000300
2005-07-29,889.41,892.294,883.383,888.164,890.885,1339740600.0,6409062024.0,0.011747,1.0,-0.305428,0.0,0.0,0.0,0.0,0.0,1.0,1.0,1.0,4.78380816704368,SH000300
2005-08-01,887.718,897.285,885.85,891.607,888.164,1180830900.0,5451576867.0,0.010351,1.0,0.387653,0.0,0.0,0.0,0.0,0.0,1.0,1.0,1.0,4.616729513938025,SH000300
2005-08-02,892.13,903.648,888.396,903.598,891.607,1429254700.0,6441958706.0,0.012528,1.0,1.344878,0.0,0.0,0.0,0.0,0.0,1.0,1.0,1.0,4.507215338175904,SH000300
2005-08-03,905.181,919.282,903.76,909.57,903.598,2578629800.0,11911777040.0,0.022603,1.0,0.660912,0.0,0.0,0.0,0.0,0.0,1.0,1.0,1.0,4.619421151496814,SH000300
2005-08-04,907.42,909.827,901.625,904.15,909.57,1451925600.0,6682690057.0,0.012727,1.0,-0.595884,0.0,0.0,0.0,0.0,0.0,1.0,1.0,1.0,4.602639458247723,SH000300
2005-08-05,904.039,923.808,903.94,923.803,904.15,1912376500.0,9585685726.0,0.016747,1.0,2.173639,0.0,0.0,0.0,0.0,0.0,1.0,1.0,1.0,5.012446935004692,SH000300
2005-08-08,926.571,933.154,923.573,927.471,923.803,2160894400.0,11135756693.0,0.018923,1.0,0.397058,0.0,0.0,0.0,0.0,0.0,1.0,1.0,1.0,5.153309061747765,SH000300
2005-08-09,926.973,933.394,919.107,933.089,927.471,1953290700.0,9704541246.0,0.01709,1.0,0.605731,0.0,0.0,0.0,0.0,0.0,1.0,1.0,1.0,4.968303615022587,SH000300
2005-08-10,933.26,940.37,926.275,940.37,933.089,2151576300.0,10214864206.0,0.018825,1.0,0.780312,0.0,0.0,0.0,0.0,0.0,1.0,1.0,1.0,4.747618853210086,SH000300
2005-08-11,940.785,953.992,939.386,953.992,940.37,2707366600.0,14042061872.0,0.023686,1.0,1.44858,0.0,0.0,0.0,0.0,0.0,1.0,1.0,1.0,5.18661265600307,SH000300
2005-08-12,954.719,959.268,933.985,938.316,953.992,2916814400.0,14457553256.0,0.025359,1.0,-1.643203,0.0,0.0,0.0,0.0,0.0,1.0,1.0,1.0,4.956624341953331,SH000300
2005-08-15,937.705,954.502,936.113,954.502,938.316,2043081300.0,10503460782.0,0.017741,1.0,1.725009,0.0,0.0,0.0,0.0,0.0,1.0,1.0,1.0,5.14099012212583,SH000300
2005-08-16,955.27,959.343,939.916,945.058,954.502,2386181800.0,12606079730.0,0.020704,1.0,-0.98942,0.0,0.0,0.0,0.0,0.0,1.0,1.0,1.0,5.282950247127021,SH000300
2005-08-17,943.405,953.342,930.325,953.012,945.058,2145776900.0,10910460911.0,0.018586,1.0,0.841646,0.0,0.0,0.0,0.0,0.0,1.0,1.0,1.0,5.084620358714832,SH000300
2005-08-18,954.155,956.841,919.121,920.671,953.012,3185532700.0,15916423709.0,0.027341,1.0,-3.393557,0.0,0.0,0.0,0.0,0.0,1.0,1.0,1.0,4.996471613366267,SH000300
2005-08-19,918.091,927.32,910.083,923.038,920.671,2224267900.0,10881501177.0,0.01909,1.0,0.257096,0.0,0.0,0.0,0.0,0.0,1.0,1.0,1.0,4.8921720162395905,SH000300
2005-08-22,923.108,933.351,919.222,931.673,923.038,1603101000.0,7745835021.0,0.01373,1.0,0.935492,0.0,0.0,0.0,0.0,0.0,1.0,1.0,1.0,4.831782290074051,SH000300
2005-08-23,931.809,931.809,915.033,923.414,931.673,1540648800.0,7508824639.0,0.01318,1.0,-0.886467,0.0,0.0,0.0,0.0,0.0,1.0,1.0,1.0,4.873806826708332,SH000300
2005-08-24,923.558,935.23,923.558,930.651,923.414,1595974700.0,7736512283.0,0.013654,1.0,0.783722,0.0,0.0,0.0,0.0,0.0,1.0,1.0,1.0,4.847515617258845,SH000300
2005-08-25,930.975,933.196,920.61,930.118,930.651,1629205700.0,7604864624.0,0.013938,1.0,-0.057274,0.0,0.0,0.0,0.0,0.0,1.0,1.0,1.0,4.667835758247102,SH000300
2005-08-26,930.246,930.325,921.843,928.258,930.118,1542980400.0,7186198527.0,0.013189,1.0,-0.199973,0.0,0.0,0.0,0.0,0.0,1.0,1.0,1.0,4.6573491970474805,SH000300
2005-08-29,928.341,928.341,913.767,917.371,928.258,1546226100.0,7137708170.0,0.013217,1.0,-1.172845,0.0,0.0,0.0,0.0,0.0,1.0,1.0,1.0,4.616212447843171,SH000300
2005-08-30,916.086,920.208,912.838,914.88,917.371,1243817000.0,5858436210.0,0.010632,1.0,-0.271533,0.0,0.0,0.0,0.0,0.0,1.0,1.0,1.0,4.710046743210617,SH000300
2005-08-31,915.122,928.212,911.505,927.916,914.88,1462363000.0,7034282250.0,0.0125,1.0,1.424888,0.0,0.0,0.0,0.0,0.0,1.0,1.0,1.0,4.810216239059659,SH000300
2005-09-01,928.52,944.947,926.06,944.559,927.916,2230638400.0,10558677965.0,0.019067,1.0,1.79359,0.0,0.0,0.0,0.0,0.0,1.0,1.0,1.0,4.733478077397036,SH000300
2005-09-02,945.978,947.918,941.314,947.871,944.559,1861443800.0,8864773608.0,0.015911,1.0,0.350635,0.0,0.0,0.0,0.0,0.0,1.0,1.0,1.0,4.762310636506995,SH000300
2005-09-05,949.077,952.985,944.629,952.717,947.871,1784331800.0,8242226133.0,0.015252,1.0,0.511252,0.0,0.0,0.0,0.0,0.0,1.0,1.0,1.0,4.619222799817837,SH000300
2005-09-06,953.41,956.297,934.972,936.61,952.717,2122225500.0,10583985179.0,0.018141,1.0,-1.690638,0.0,0.0,0.0,0.0,0.0,1.0,1.0,1.0,4.987210444413188,SH000300
2005-09-07,934.991,952.896,932.648,952.758,936.61,1960846600.0,9956808193.0,0.016761,1.0,1.724091,0.0,0.0,0.0,0.0,0.0,1.0,1.0,1.0,5.077810876689691,SH000300
2005-09-08,954.273,958.867,947.707,955.282,952.758,2242439300.0,11753260243.0,0.019168,1.0,0.264914,0.0,0.0,0.0,0.0,0.0,1.0,1.0,1.0,5.241283562502673,SH000300
2005-09-09,955.112,959.898,946.021,949.065,955.282,1621931000.0,7924193974.0,0.013853,1.0,-0.650801,0.0,0.0,0.0,0.0,0.0,1.0,1.0,1.0,4.885654182576201,SH000300
2005-09-12,949.779,952.551,945.403,949.506,949.065,1167261300.0,5610130326.0,0.00997,1.0,0.046465,0.0,0.0,0.0,0.0,0.0,1.0,1.0,1.0,4.80623346803325,SH000300
2005-09-13,949.584,963.921,948.128,963.774,949.506,1657943100.0,7999031246.0,0.014161,1.0,1.502677,0.0,0.0,0.0,0.0,0.0,1.0,1.0,1.0,4.8246717550198195,SH000300
2005-09-14,964.97,970.263,961.64,970.193,963.774,1995829100.0,9942627972.0,0.017047,1.0,0.666028,0.0,0.0,0.0,0.0,0.0,1.0,1.0,1.0,4.981703078685444,SH000300
2005-09-15,970.58,970.964,965.656,969.598,970.193,1637767900.0,8098160518.0,0.013988,1.0,-0.061325,0.0,0.0,0.0,0.0,0.0,1.0,1.0,1.0,4.944632580721603,SH000300
2005-09-16,969.619,970.37,964.285,967.495,969.598,1397857100.0,6989327513.0,0.011939,1.0,-0.216897,0.0,0.0,0.0,0.0,0.0,1.0,1.0,1.0,5.000030055289629,SH000300
2005-09-19,967.44,971.987,964.263,971.136,967.495,1473742100.0,7427481654.0,0.012587,1.0,0.376332,0.0,0.0,0.0,0.0,0.0,1.0,1.0,1.0,5.03987885940152,SH000300
2005-09-20,971.379,971.65,957.118,961.919,971.136,1863660400.0,9189438331.0,0.015918,1.0,-0.949093,0.0,0.0,0.0,0.0,0.0,1.0,1.0,1.0,4.930854532832269,SH000300
2005-09-21,961.374,961.374,943.824,944.408,961.919,1854189500.0,8760459022.0,0.015837,1.0,-1.820422,0.0,0.0,0.0,0.0,0.0,1.0,1.0,1.0,4.724683761826933,SH000300
2005-09-22,942.726,942.726,914.232,923.274,944.408,1811552500.0,8625589892.0,0.015473,1.0,-2.237808,0.0,0.0,0.0,0.0,0.0,1.0,1.0,1.0,4.761435228622963,SH000300
2005-09-23,921.51,927.419,914.806,916.154,923.274,1154764400.0,5549882042.0,0.009863,1.0,-0.771168,0.0,0.0,0.0,0.0,0.0,1.0,1.0,1.0,4.806073032732911,SH000300
2005-09-26,915.84,919.65,913.613,918.485,916.154,883624100.0,4398425669.0,0.007547,1.0,0.254433,0.0,0.0,0.0,0.0,0.0,1.0,1.0,1.0,4.977711301672284,SH000300
2005-09-27,918.866,921.132,903.387,904.214,918.485,1108605600.0,5576097392.0,0.009469,1.0,-1.553754,0.0,0.0,0.0,0.0,0.0,1.0,1.0,1.0,5.029829717620045,SH000300
2005-09-28,903.328,910.333,901.382,903.719,904.214,885031000.0,4331475905.0,0.007559,1.0,-0.054743,0.0,0.0,0.0,0.0,0.0,1.0,1.0,1.0,4.8941516229375015,SH000300
2005-09-29,904.28,915.975,904.28,915.975,903.719,1193897800.0,5798238295.0,0.010197,1.0,1.356172,0.0,0.0,0.0,0.0,0.0,1.0,1.0,1.0,4.85656167135914,SH000300
2005-09-30,916.587,918.662,913.452,917.392,915.975,900143300.0,4529466676.0,0.007668,1.0,0.154704,0.0,0.0,0.0,0.0,0.0,1.0,1.0,1.0,5.031939554513154,SH000300
2005-10-10,917.211,917.211,906.88,907.321,917.392,715845100.0,3665624376.0,0.006098,1.0,-1.097791,0.0,0.0,0.0,0.0,0.0,1.0,1.0,1.0,5.120694932465138,SH000300
2005-10-11,906.628,919.796,904.045,919.72,907.321,775829500.0,4032539378.0,0.006609,1.0,1.366549,0.0,0.0,0.0,0.0,0.0,1.0,1.0,1.0,5.197713386768614,SH000300
2005-10-12,920.453,926.094,917.377,923.485,919.72,1220885200.0,6653231000.0,0.0104,1.0,0.409365,0.0,0.0,0.0,0.0,0.0,1.0,1.0,1.0,5.449514008360492,SH000300
2005-10-13,923.426,926.009,916.275,916.499,923.485,1082890400.0,6021814326.0,0.009223,1.0,-0.756478,0.0,0.0,0.0,0.0,0.0,1.0,1.0,1.0,5.560871465847328,SH000300
2005-10-14,916.337,917.89,902.813,904.828,916.499,1012394000.0,5568049025.0,0.008623,1.0,-1.273435,0.0,0.0,0.0,0.0,0.0,1.0,1.0,1.0,5.4998834692817224,SH000300
2005-10-17,903.266,903.266,892.359,897.623,904.828,1055250600.0,5516482064.0,0.008984,1.0,-0.796286,0.0,0.0,0.0,0.0,0.0,1.0,1.0,1.0,5.227651198682095,SH000300
2005-10-18,897.366,903.001,895.622,902.366,897.623,1136631700.0,5849997730.0,0.009677,1.0,0.5284,0.0,0.0,0.0,0.0,0.0,1.0,1.0,1.0,5.146783896665912,SH000300
2005-10-19,902.036,907.876,897.045,898.744,902.366,1103304800.0,5474099406.0,0.009393,1.0,-0.40139,0.0,0.0,0.0,0.0,0.0,1.0,1.0,1.0,4.961547711928744,SH000300
2005-10-20,898.891,900.126,889.569,899.915,898.744,1260872500.0,6082545635.0,0.010735,1.0,0.130288,0.0,0.0,0.0,0.0,0.0,1.0,1.0,1.0,4.824076688959431,SH000300
2005-10-21,899.645,907.792,897.986,904.414,899.915,1136458800.0,5645096184.0,0.009669,1.0,0.499939,0.0,0.0,0.0,0.0,0.0,1.0,1.0,1.0,4.967268662973088,SH000300
2005-10-24,905.129,908.453,900.229,906.652,904.414,921898200.0,4674775354.0,0.007809,1.0,0.24745,0.0,0.0,0.0,0.0,0.0,1.0,1.0,1.0,5.07081514423176,SH000300
2005-10-25,905.967,905.967,893.609,894.272,906.652,1121340100.0,5687104900.0,0.009415,1.0,-1.365464,0.0,0.0,0.0,0.0,0.0,1.0,1.0,1.0,5.071703847922677,SH000300
2005-10-26,892.617,892.617,873.895,875.82,894.272,1216712300.0,5911800808.0,0.010216,1.0,-2.063351,0.0,0.0,0.0,0.0,0.0,1.0,1.0,1.0,4.858832123255432,SH000300
2005-10-27,873.472,879.668,869.72,875.849,875.82,1190858800.0,5881848405.0,0.009971,1.0,0.00331,0.0,0.0,0.0,0.0,0.0,1.0,1.0,1.0,4.939165252001329,SH000300
2005-10-28,875.862,880.206,859.692,867.729,875.849,1197337600.0,5565266453.0,0.010005,1.0,-0.9271,0.0,0.0,0.0,0.0,0.0,1.0,1.0,1.0,4.648034483340371,SH000300
2005-10-31,866.618,878.409,866.153,876.282,867.729,1044365100.0,4954801462.0,0.008719,1.0,0.985674,0.0,0.0,0.0,0.0,0.0,1.0,1.0,1.0,4.7443192634453215,SH000300
2005-11-01,875.956,875.956,862.686,872.865,876.282,1008274500.0,4762514458.0,0.008415,1.0,-0.389942,0.0,0.0,0.0,0.0,0.0,1.0,1.0,1.0,4.7234304328831085,SH000300
2005-11-02,873.393,884.936,873.393,882.478,872.865,1310497300.0,6115386842.0,0.010934,1.0,1.10132,0.0,0.0,0.0,0.0,0.0,1.0,1.0,1.0,4.6664627557798095,SH000300
2005-11-03,882.189,885.681,872.11,874.575,882.478,1217918200.0,5843191842.0,0.010149,1.0,-0.895548,0.0,0.0,0.0,0.0,0.0,1.0,1.0,1.0,4.797688253611778,SH000300
2005-11-04,873.353,878.361,869.68,878.361,874.575,956731000.0,4570236086.0,0.007961,1.0,0.432897,0.0,0.0,0.0,0.0,0.0,1.0,1.0,1.0,4.776929028117621,SH000300
2005-11-07,877.617,877.617,870.082,877.278,878.361,771325900.0,3758294613.0,0.006399,1.0,-0.123299,0.0,0.0,0.0,0.0,0.0,1.0,1.0,1.0,4.872511882461097,SH000300
2005-11-08,876.432,881.895,870.962,881.524,877.278,1012876100.0,4617261094.0,0.008397,1.0,0.483994,0.0,0.0,0.0,0.0,0.0,1.0,1.0,1.0,4.5585645608579375,SH000300
2005-11-09,881.513,884.942,878.684,879.252,881.524,1177440500.0,5544780425.0,0.009762,1.0,-0.257732,0.0,0.0,0.0,0.0,0.0,1.0,1.0,1.0,4.709180994708437,SH000300
2005-11-10,878.625,878.625,862.091,862.968,879.252,1085377100.0,5071603818.0,0.008994,1.0,-1.852028,0.0,0.0,0.0,0.0,0.0,1.0,1.0,1.0,4.672665212855514,SH000300
2005-11-11,861.221,867.328,857.789,864.79,862.968,921972000.0,4221479222.0,0.00764,1.0,0.211127,0.0,0.0,0.0,0.0,0.0,1.0,1.0,1.0,4.57874992082189,SH000300
2005-11-14,864.081,864.246,858.344,862.149,864.79,627167400.0,2924317719.0,0.005173,1.0,-0.305391,0.0,0.0,0.0,0.0,0.0,1.0,1.0,1.0,4.662738718562221,SH000300
2005-11-15,862.067,867.46,853.859,856.635,862.149,825247800.0,4158739868.0,0.006806,1.0,-0.639562,0.0,0.0,0.0,0.0,0.0,1.0,1.0,1.0,5.039383162245328,SH000300
2005-11-16,855.449,863.167,847.49,863.119,856.635,906613800.0,4185382359.0,0.007477,1.0,0.756916,0.0,0.0,0.0,0.0,0.0,1.0,1.0,1.0,4.616499725682535,SH000300
2005-11-17,863.077,865.791,859.0,862.658,863.119,881163700.0,4120494742.0,0.007264,1.0,-0.053411,0.0,0.0,0.0,0.0,0.0,1.0,1.0,1.0,4.676196649952784,SH000300
2005-11-18,862.579,886.582,862.403,882.241,862.658,1759780300.0,8353934317.0,0.01449,1.0,2.270078,0.0,0.0,0.0,0.0,0.0,1.0,1.0,1.0,4.747146173303565,SH000300
2005-11-21,882.79,886.106,880.3,883.871,882.241,1025996300.0,4897254555.0,0.008415,1.0,0.18475,0.0,0.0,0.0,0.0,0.0,1.0,1.0,1.0,4.77316980090474,SH000300
2005-11-22,883.931,883.931,869.53,869.617,883.871,1059723600.0,4500600972.0,0.008692,1.0,-1.612675,0.0,0.0,0.0,0.0,0.0,1.0,1.0,1.0,4.246957387756581,SH000300
2005-11-23,868.005,876.816,866.19,876.229,869.617,991692000.0,3944070407.0,0.008134,1.0,0.760335,0.0,0.0,0.0,0.0,0.0,1.0,1.0,1.0,3.9771122556196885,SH000300
2005-11-24,875.827,885.745,874.879,881.493,876.229,1462900800.0,6102429919.0,0.011998,1.0,0.600754,0.0,0.0,0.0,0.0,0.0,1.0,1.0,1.0,4.171458460477976,SH000300
2005-11-25,881.248,884.162,877.262,884.105,881.493,1300354600.0,5127946933.0,0.010653,1.0,0.296315,0.0,0.0,0.0,0.0,0.0,1.0,1.0,1.0,3.94349889868502,SH000300
2005-11-28,883.241,886.743,877.637,880.167,884.105,973973500.0,4239101597.0,0.007972,1.0,-0.445421,0.0,0.0,0.0,0.0,0.0,1.0,1.0,1.0,4.352378783406325,SH000300
2005-11-29,879.254,879.254,870.564,871.31,880.167,841499400.0,3597357382.0,0.006888,1.0,-1.006286,0.0,0.0,0.0,0.0,0.0,1.0,1.0,1.0,4.274937548380902,SH000300
2005-11-30,870.452,873.933,866.984,873.825,871.31,804073800.0,3676845309.0,0.006575,1.0,0.288648,0.0,0.0,0.0,0.0,0.0,1.0,1.0,1.0,4.572770943413403,SH000300
2005-12-01,873.474,877.312,870.703,873.067,873.825,706923500.0,3355702993.0,0.005776,1.0,-0.086745,0.0,0.0,0.0,0.0,0.0,1.0,1.0,1.0,4.746911077365514,SH000300
2005-12-02,872.93,875.825,866.374,869.936,873.067,849202100.0,3937214093.0,0.006928,1.0,-0.358626,0.0,0.0,0.0,0.0,0.0,1.0,1.0,1.0,4.636368766633997,SH000300
2005-12-05,869.427,869.427,858.859,859.61,869.936,1028689700.0,4606548004.0,0.008389,1.0,-1.186983,0.0,0.0,0.0,0.0,0.0,1.0,1.0,1.0,4.478073420974274,SH000300
2005-12-06,858.108,867.187,855.715,866.075,859.61,1030351400.0,4737134619.0,0.008403,1.0,0.752088,0.0,0.0,0.0,0.0,0.0,1.0,1.0,1.0,4.597591286817294,SH000300
2005-12-07,865.724,873.999,865.017,873.838,866.075,984295500.0,4368779146.0,0.008004,1.0,0.896343,0.0,0.0,0.0,0.0,0.0,1.0,1.0,1.0,4.438483307096294,SH000300
2005-12-08,874.132,877.97,870.122,874.056,873.838,1025917400.0,5018813137.0,0.008342,1.0,0.024949,0.0,0.0,0.0,0.0,0.0,1.0,1.0,1.0,4.892024579171774,SH000300
2005-12-09,873.693,887.568,871.261,887.358,874.056,1271952600.0,5793086795.0,0.010337,1.0,1.521864,0.0,0.0,0.0,0.0,0.0,1.0,1.0,1.0,4.554483237032575,SH000300
2005-12-12,887.064,890.694,884.256,888.518,887.358,1069928000.0,5082260512.0,0.008692,1.0,0.130729,0.0,0.0,0.0,0.0,0.0,1.0,1.0,1.0,4.750095812054643,SH000300
2005-12-13,887.996,889.221,880.743,889.101,888.518,1054723800.0,5148218278.0,0.008562,1.0,0.065616,0.0,0.0,0.0,0.0,0.0,1.0,1.0,1.0,4.881105629739274,SH000300
2005-12-14,888.604,899.011,884.368,898.153,889.101,1386837600.0,6757243552.0,0.011258,1.0,1.018107,0.0,0.0,0.0,0.0,0.0,1.0,1.0,1.0,4.8724115584982695,SH000300
2005-12-15,898.382,904.012,895.168,896.434,898.153,1625978200.0,7498123901.0,0.013188,1.0,-0.191392,0.0,0.0,0.0,0.0,0.0,1.0,1.0,1.0,4.611454139422041,SH000300
2005-12-16,895.827,902.747,894.099,902.561,896.434,1145210700.0,5418465602.0,0.009283,1.0,0.683481,0.0,0.0,0.0,0.0,0.0,1.0,1.0,1.0,4.731413705792305,SH000300
2005-12-19,902.049,904.472,898.794,902.91,902.561,993632700.0,4380561278.0,0.008048,1.0,0.038668,0.0,0.0,0.0,0.0,0.0,1.0,1.0,1.0,4.408632362843936,SH000300
2005-12-20,902.746,907.318,899.662,907.318,902.91,1029465900.0,4665761570.0,0.00833,1.0,0.488202,0.0,0.0,0.0,0.0,0.0,1.0,1.0,1.0,4.532215753819529,SH000300
2005-12-21,907.053,910.933,902.114,903.144,907.318,1027397600.0,4892864878.0,0.008292,1.0,-0.460038,0.0,0.0,0.0,0.0,0.0,1.0,1.0,1.0,4.76238690649073,SH000300
2005-12-22,902.371,909.061,900.664,908.754,903.144,894702600.0,4441384591.0,0.007208,1.0,0.621169,0.0,0.0,0.0,0.0,0.0,1.0,1.0,1.0,4.964090403895105,SH000300
2005-12-23,908.96,915.89,908.514,915.89,908.754,1190699900.0,5799046691.0,0.009589,1.0,0.78525,0.0,0.0,0.0,0.0,0.0,1.0,1.0,1.0,4.870284016148822,SH000300
2005-12-26,916.668,925.005,916.409,922.378,915.89,1534265000.0,7501782773.0,0.012356,1.0,0.708379,0.0,0.0,0.0,0.0,0.0,1.0,1.0,1.0,4.88949612550635,SH000300
2005-12-27,922.439,922.439,916.005,919.36,922.378,1205035900.0,5640640118.0,0.009697,1.0,-0.327198,0.0,0.0,0.0,0.0,0.0,1.0,1.0,1.0,4.680889688016764,SH000300
2005-12-28,919.051,920.984,915.116,920.919,919.36,1213103200.0,5731256513.0,0.009761,1.0,0.169577,0.0,0.0,0.0,0.0,0.0,1.0,1.0,1.0,4.7244591498893085,SH000300
2005-12-29,921.144,932.031,921.144,932.031,920.919,1725495900.0,8798040548.0,0.013871,1.0,1.206621,0.0,0.0,0.0,0.0,0.0,1.0,1.0,1.0,5.098847553332349,SH000300
2005-12-30,933.45,933.999,921.834,923.451,932.031,1560025100.0,8517980122.0,0.01251,1.0,-0.920572,0.0,0.0,0.0,0.0,0.0,1.0,1.0,1.0,5.460155815441688,SH000300
2006-01-04,926.559,941.428,926.412,941.428,923.451,2112689900.0,11442608327.0,0.016799,1.0,1.946718,0.0,0.0,0.0,0.0,0.0,1.0,1.0,1.0,5.4161324513360904,SH000300
2006-01-05,943.85,959.625,942.308,959.134,941.428,2731174300.0,14693493720.0,0.021716,1.0,1.880759,0.0,0.0,0.0,0.0,0.0,1.0,1.0,1.0,5.379917978870846,SH000300
2006-01-06,961.915,975.628,956.04,970.032,959.134,3028636800.0,16170989866.0,0.024022,1.0,1.136234,0.0,0.0,0.0,0.0,0.0,1.0,1.0,1.0,5.339362536306764,SH000300
2006-01-09,971.089,976.273,966.053,975.253,970.032,2432955200.0,12626400277.0,0.019297,1.0,0.53823,0.0,0.0,0.0,0.0,0.0,1.0,1.0,1.0,5.189738091765931,SH000300
2006-01-10,975.282,978.277,964.43,978.154,975.253,2273530200.0,12344022953.0,0.018025,1.0,0.297461,0.0,0.0,0.0,0.0,0.0,1.0,1.0,1.0,5.4294519391033385,SH000300
2006-01-11,977.644,983.39,963.394,973.477,978.154,2652413800.0,13488346780.0,0.021015,1.0,-0.478146,0.0,0.0,0.0,0.0,0.0,1.0,1.0,1.0,5.085310135243604,SH000300
2006-01-12,972.389,984.076,968.538,983.716,973.477,2189668000.0,11028175836.0,0.017342,1.0,1.051798,0.0,0.0,0.0,0.0,0.0,1.0,1.0,1.0,5.036460246941545,SH000300
2006-01-13,985.039,988.111,973.685,978.809,983.716,2228186100.0,11215633222.0,0.017631,1.0,-0.498821,0.0,0.0,0.0,0.0,0.0,1.0,1.0,1.0,5.0335262489968855,SH000300
2006-01-16,977.886,977.886,960.879,961.439,978.809,2030521500.0,9896151721.0,0.016053,1.0,-1.774605,0.0,0.0,0.0,0.0,0.0,1.0,1.0,1.0,4.87369955009095,SH000300
2006-01-17,959.395,965.984,952.234,964.29,961.439,1603727600.0,8076118846.0,0.012679,1.0,0.29653,0.0,0.0,0.0,0.0,0.0,1.0,1.0,1.0,5.035842025790415,SH000300
2006-01-18,964.16,984.672,963.077,983.622,964.29,2082351800.0,10389841771.0,0.016453,1.0,2.004794,0.0,0.0,0.0,0.0,0.0,1.0,1.0,1.0,4.989474771265835,SH000300
2006-01-19,985.232,992.272,978.278,991.222,983.622,2645560900.0,12714862349.0,0.020849,1.0,0.772652,0.0,0.0,0.0,0.0,0.0,1.0,1.0,1.0,4.806112136371535,SH000300
2006-01-20,991.572,994.5,987.06,993.34,991.222,2614706200.0,12929890431.0,0.020604,1.0,0.21368,0.0,0.0,0.0,0.0,0.0,1.0,1.0,1.0,4.945064355987682,SH000300
2006-01-23,993.744,997.332,989.342,996.162,993.34,2254601900.0,11459294356.0,0.017755,1.0,0.284088,0.0,0.0,0.0,0.0,0.0,1.0,1.0,1.0,5.082624278813923,SH000300
2006-01-24,997.791,1006.146,993.394,999.093,996.162,2419799100.0,13914239772.0,0.018903,1.0,0.294232,0.0,0.0,0.0,0.0,0.0,1.0,1.0,1.0,5.750163214789195,SH000300
2006-01-25,998.828,1009.648,989.514,1009.597,999.093,2180075800.0,11644197379.0,0.017026,1.0,1.05135,0.0,0.0,0.0,0.0,0.0,1.0,1.0,1.0,5.341189227915836,SH000300
2006-02-06,1013.425,1033.354,1012.807,1033.234,1009.597,2503877100.0,13466978183.0,0.019541,1.0,2.341233,0.0,0.0,0.0,0.0,0.0,1.0,1.0,1.0,5.378450157557653,SH000300
2006-02-07,1034.678,1038.501,1019.936,1029.937,1033.234,3295478700.0,17669257813.0,0.025707,1.0,-0.319095,0.0,0.0,0.0,0.0,0.0,1.0,1.0,1.0,5.361666519950501,SH000300
2006-02-08,1028.445,1033.399,1022.937,1033.072,1029.937,2698672900.0,13692515175.0,0.021052,1.0,0.304389,0.0,0.0,0.0,0.0,0.0,1.0,1.0,1.0,5.0737957812523335,SH000300
2006-02-09,1033.192,1033.192,1017.047,1019.599,1033.072,2383960100.0,12115067169.0,0.018565,1.0,-1.304171,0.0,0.0,0.0,0.0,0.0,1.0,1.0,1.0,5.081908530683882,SH000300
2006-02-10,1019.416,1032.598,1018.482,1032.337,1019.599,2202445300.0,11411753871.0,0.017113,1.0,1.249318,0.0,0.0,0.0,0.0,0.0,1.0,1.0,1.0,5.181401722440054,SH000300
2006-02-13,1034.381,1034.642,1021.839,1031.614,1032.337,2215729800.0,11454695538.0,0.017202,1.0,-0.070037,0.0,0.0,0.0,0.0,0.0,1.0,1.0,1.0,5.169716784961777,SH000300
2006-02-14,1032.645,1038.81,1030.461,1038.531,1031.614,1855622000.0,9730559347.0,0.014384,1.0,0.670502,0.0,0.0,0.0,0.0,0.0,1.0,1.0,1.0,5.243826246401476,SH000300
2006-02-15,1040.332,1048.344,1038.744,1041.66,1038.531,2478462800.0,12747811508.0,0.019211,1.0,0.301294,0.0,0.0,0.0,0.0,0.0,1.0,1.0,1.0,5.14343467571916,SH000300
2006-02-16,1041.665,1041.665,1019.21,1020.121,1041.66,2615989200.0,13407183725.0,0.020257,1.0,-2.067763,0.0,0.0,0.0,0.0,0.0,1.0,1.0,1.0,5.125091389903291,SH000300
2006-02-17,1020.063,1028.574,1015.992,1020.368,1020.121,2102687500.0,10774127956.0,0.016262,1.0,0.024214,0.0,0.0,0.0,0.0,0.0,1.0,1.0,1.0,5.12397964795054,SH000300
2006-02-20,1020.74,1030.052,1020.015,1021.639,1020.368,1881888300.0,10303300141.0,0.014546,1.0,0.124563,0.0,0.0,0.0,0.0,0.0,1.0,1.0,1.0,5.474979647304253,SH000300
2006-02-21,1020.977,1038.937,1014.663,1038.816,1021.639,2367803900.0,13180216400.0,0.0183,1.0,1.681324,0.0,0.0,0.0,0.0,0.0,1.0,1.0,1.0,5.5664307335586365,SH000300
2006-02-22,1039.649,1046.45,1036.38,1037.885,1038.816,2538070400.0,13435059019.0,0.019597,1.0,-0.089624,0.0,0.0,0.0,0.0,0.0,1.0,1.0,1.0,5.293414642478002,SH000300
2006-02-23,1038.253,1041.592,1029.248,1041.373,1037.885,1978503700.0,10259755542.0,0.015253,1.0,0.336072,0.0,0.0,0.0,0.0,0.0,1.0,1.0,1.0,5.185613522987094,SH000300
2006-02-24,1041.97,1049.688,1041.97,1049.444,1041.373,1967610400.0,10286380796.0,0.015165,1.0,0.775027,0.0,0.0,0.0,0.0,0.0,1.0,1.0,1.0,5.2278544553332305,SH000300
2006-02-27,1055.947,1057.223,1045.967,1047.845,1049.444,2287209900.0,12520438962.0,0.017496,1.0,-0.152366,0.0,0.0,0.0,0.0,0.0,1.0,1.0,1.0,5.4741101645284065,SH000300
2006-02-28,1046.713,1053.72,1033.661,1053.01,1047.845,1935326700.0,10427830678.0,0.014786,1.0,0.49292,0.0,0.0,0.0,0.0,0.0,1.0,1.0,1.0,5.388150061692427,SH000300
2006-03-01,1051.759,1057.693,1049.642,1056.619,1053.01,1942573000.0,10518419421.0,0.01483,1.0,0.342733,0.0,0.0,0.0,0.0,0.0,1.0,1.0,1.0,5.414684246615185,SH000300
2006-03-02,1055.858,1056.053,1034.68,1038.666,1056.619,2487786100.0,13748692907.0,0.018964,1.0,-1.699099,0.0,0.0,0.0,0.0,0.0,1.0,1.0,1.0,5.526477098252137,SH000300
2006-03-03,1037.988,1043.422,1029.561,1041.677,1038.666,2120053900.0,11437141697.0,0.016137,1.0,0.28989,0.0,0.0,0.0,0.0,0.0,1.0,1.0,1.0,5.394741000217023,SH000300
2006-03-06,1041.659,1044.417,1036.108,1038.873,1041.677,1787096300.0,9091203924.0,0.013591,1.0,-0.269177,0.0,0.0,0.0,0.0,0.0,1.0,1.0,1.0,5.087137119583315,SH000300
2006-03-07,1037.928,1037.976,1013.142,1014.973,1038.873,1933651600.0,9676508800.0,0.014668,1.0,-2.300572,0.0,0.0,0.0,0.0,0.0,1.0,1.0,1.0,5.00426695274371,SH000300
2006-03-08,1012.578,1014.965,999.931,1009.271,1014.973,1746305500.0,8818082801.0,0.013239,1.0,-0.561791,0.0,0.0,0.0,0.0,0.0,1.0,1.0,1.0,5.049564810395432,SH000300
2006-03-09,1006.965,1010.91,1002.196,1004.344,1009.271,1273509900.0,6640051345.0,0.009643,1.0,-0.488174,0.0,0.0,0.0,0.0,0.0,1.0,1.0,1.0,5.213977013449209,SH000300
2006-03-10,1004.747,1011.762,1004.688,1008.897,1004.344,1188798300.0,6337829115.0,0.009001,1.0,0.453329,0.0,0.0,0.0,0.0,0.0,1.0,1.0,1.0,5.331290526744528,SH000300
2006-03-13,1008.803,1020.876,1008.513,1019.864,1008.897,1176591100.0,6101943506.0,0.008908,1.0,1.087033,0.0,0.0,0.0,0.0,0.0,1.0,1.0,1.0,5.186120739822016,SH000300
2006-03-14,1020.468,1021.651,1012.112,1018.272,1019.864,1134803000.0,5861599356.0,0.008587,1.0,-0.156103,0.0,0.0,0.0,0.0,0.0,1.0,1.0,1.0,5.165301251406632,SH000300
2006-03-15,1018.154,1028.965,1017.081,1028.958,1018.272,1484206800.0,7822300458.0,0.01122,1.0,1.049428,0.0,0.0,0.0,0.0,0.0,1.0,1.0,1.0,5.270357512174179,SH000300
2006-03-16,1028.96,1029.805,1025.523,1027.616,1028.958,1478433900.0,7936360041.0,0.011153,1.0,-0.130427,0.0,0.0,0.0,0.0,0.0,1.0,1.0,1.0,5.368085810938183,SH000300
2006-03-17,1027.637,1029.559,1021.081,1024.015,1027.616,1500192400.0,7945174864.0,0.011292,1.0,-0.350418,0.0,0.0,0.0,0.0,0.0,1.0,1.0,1.0,5.296103929069365,SH000300
2006-03-20,1024.502,1037.908,1019.647,1037.659,1024.015,1538991200.0,8246315688.0,0.011581,1.0,1.332407,0.0,0.0,0.0,0.0,0.0,1.0,1.0,1.0,5.358260455290453,SH000300
2006-03-21,1037.949,1047.051,1036.235,1040.757,1037.659,1907766200.0,10271579935.0,0.014356,1.0,0.298547,0.0,0.0,0.0,0.0,0.0,1.0,1.0,1.0,5.384087387123223,SH000300
2006-03-22,1041.138,1047.939,1036.706,1047.666,1040.757,1864057500.0,10034541922.0,0.014007,1.0,0.663849,0.0,0.0,0.0,0.0,0.0,1.0,1.0,1.0,5.383171882841597,SH000300
2006-03-23,1047.349,1049.325,1042.825,1048.537,1047.666,2046788500.0,10825049824.0,0.01538,1.0,0.083134,0.0,0.0,0.0,0.0,0.0,1.0,1.0,1.0,5.288797461975187,SH000300
2006-03-24,1049.122,1051.757,1041.231,1042.601,1048.537,2009823700.0,11031900342.0,0.015102,1.0,-0.566125,0.0,0.0,0.0,0.0,0.0,1.0,1.0,1.0,5.488989079987464,SH000300
2006-03-27,1042.629,1050.707,1037.076,1050.707,1042.601,1713407000.0,9201788180.0,0.012815,1.0,0.777486,0.0,0.0,0.0,0.0,0.0,1.0,1.0,1.0,5.37046258127812,SH000300
2006-03-28,1050.068,1056.516,1048.636,1055.982,1050.707,2227399900.0,10630507500.0,0.016627,1.0,0.502045,0.0,0.0,0.0,0.0,0.0,1.0,1.0,1.0,4.772608412167029,SH000300
2006-03-29,1058.738,1074.038,1057.678,1065.294,1055.982,3052634500.0,15882110482.0,0.022753,1.0,0.881823,0.0,0.0,0.0,0.0,0.0,1.0,1.0,1.0,5.202755351811689,SH000300
2006-03-30,1065.843,1067.99,1055.137,1055.634,1065.294,2201249400.0,12089930817.0,0.0164,1.0,-0.906784,0.0,0.0,0.0,0.0,0.0,1.0,1.0,1.0,5.4923039692821725,SH000300
2006-03-31,1053.854,1061.473,1050.222,1061.088,1055.634,2227619000.0,12045672446.0,0.016512,1.0,0.516654,0.0,0.0,0.0,0.0,0.0,1.0,1.0,1.0,5.407420409863626,SH000300
2006-04-03,1061.962,1079.366,1061.962,1079.322,1061.088,2772976100.0,15703156870.0,0.020535,1.0,1.718426,0.0,0.0,0.0,0.0,0.0,1.0,1.0,1.0,5.662925428747835,SH000300
2006-04-04,1080.857,1089.371,1076.198,1089.371,1079.322,3114875700.0,17525218334.0,0.023061,1.0,0.931043,0.0,0.0,0.0,0.0,0.0,1.0,1.0,1.0,5.626297811498546,SH000300
2006-04-05,1091.175,1100.558,1089.549,1099.97,1089.371,3293691400.0,18539588008.0,0.024295,1.0,0.972947,0.0,0.0,0.0,0.0,0.0,1.0,1.0,1.0,5.628817565604355,SH000300
2006-04-06,1102.543,1109.683,1097.316,1103.237,1099.97,3616704900.0,19687813538.0,0.026595,1.0,0.297016,0.0,0.0,0.0,0.0,0.0,1.0,1.0,1.0,5.443577533240271,SH000300
2006-04-07,1102.944,1105.104,1091.894,1103.154,1103.237,3257086000.0,17760103659.0,0.023948,1.0,-0.007524,0.0,0.0,0.0,0.0,0.0,1.0,1.0,1.0,5.452758588198162,SH000300
2006-04-10,1104.321,1118.082,1100.69,1117.91,1103.154,3206752000.0,17246470925.0,0.023574,1.0,1.337617,0.0,0.0,0.0,0.0,0.0,1.0,1.0,1.0,5.378174216465757,SH000300
2006-04-11,1120.163,1126.089,1112.007,1123.308,1117.91,3560752000.0,19796708290.0,0.026141,1.0,0.482861,0.0,0.0,0.0,0.0,0.0,1.0,1.0,1.0,5.5596987069023625,SH000300
2006-04-12,1123.782,1123.782,1116.149,1117.073,1123.308,3033384500.0,15991141463.0,0.022217,1.0,-0.555056,0.0,0.0,0.0,0.0,0.0,1.0,1.0,1.0,5.271715953912206,SH000300
2006-04-13,1116.837,1122.394,1093.508,1093.925,1117.073,3382414600.0,17190084945.0,0.024773,1.0,-2.072197,0.0,0.0,0.0,0.0,0.0,1.0,1.0,1.0,5.082193337564236,SH000300
2006-04-14,1091.689,1118.665,1091.673,1118.607,1093.925,3352796200.0,16782531968.0,0.024468,1.0,2.256279,0.0,0.0,0.0,0.0,0.0,1.0,1.0,1.0,5.005532984080571,SH000300
2006-04-17,1120.186,1129.154,1114.527,1124.414,1118.607,3570454800.0,18349161711.0,0.025785,1.0,0.519118,0.0,0.0,0.0,0.0,0.0,1.0,1.0,1.0,5.1391665036622225,SH000300
2006-04-18,1127.506,1135.448,1119.271,1131.281,1124.414,3231722300.0,17403457422.0,0.02325,1.0,0.610724,0.0,0.0,0.0,0.0,0.0,1.0,1.0,1.0,5.385195820197794,SH000300
2006-04-19,1135.614,1140.407,1125.204,1138.241,1131.281,3432289800.0,19364959974.0,0.024625,1.0,0.615228,0.0,0.0,0.0,0.0,0.0,1.0,1.0,1.0,5.641994441728085,SH000300
2006-04-20,1139.642,1142.538,1127.09,1134.381,1138.241,3788565100.0,21561233693.0,0.027097,1.0,-0.339118,0.0,0.0,0.0,0.0,0.0,1.0,1.0,1.0,5.691134538773004,SH000300
2006-04-21,1133.205,1152.888,1127.648,1149.158,1134.381,4077291000.0,22750697130.0,0.029066,1.0,1.302647,0.0,0.0,0.0,0.0,0.0,1.0,1.0,1.0,5.57985611770168,SH000300
2006-04-24,1156.908,1160.579,1135.751,1142.698,1149.158,4593621900.0,26245896335.0,0.032642,1.0,-0.562147,0.0,0.0,0.0,0.0,0.0,1.0,1.0,1.0,5.713551725926768,SH000300
2006-04-25,1139.495,1149.544,1123.099,1141.93,1142.698,3861112500.0,22885232669.0,0.027415,1.0,-0.067204,0.0,0.0,0.0,0.0,0.0,1.0,1.0,1.0,5.92710848725594,SH000300
2006-04-26,1142.902,1162.021,1142.074,1155.726,1141.93,4182430100.0,25476171649.0,0.029682,1.0,1.208121,0.0,0.0,0.0,0.0,0.0,1.0,1.0,1.0,6.0912366829513775,SH000300
2006-04-27,1157.379,1159.898,1145.26,1155.268,1155.726,3198045100.0,18862520936.0,0.022696,1.0,-0.039629,0.0,0.0,0.0,0.0,0.0,1.0,1.0,1.0,5.898141003702543,SH000300
2006-04-28,1143.587,1173.88,1133.193,1172.347,1155.268,4080185800.0,24343009251.0,0.028933,1.0,1.478367,0.0,0.0,0.0,0.0,0.0,1.0,1.0,1.0,5.966152142140194,SH000300
2006-05-08,1179.581,1218.859,1179.581,1218.445,1172.347,4491282100.0,26536314891.0,0.031843,1.0,3.932104,0.0,0.0,0.0,0.0,0.0,1.0,1.0,1.0,5.908405283872059,SH000300
2006-05-09,1226.315,1252.759,1222.679,1251.611,1218.445,5599386100.0,33111916341.0,0.039662,1.0,2.721996,0.0,0.0,0.0,0.0,0.0,1.0,1.0,1.0,5.913490470142789,SH000300
2006-05-10,1257.984,1273.684,1243.472,1265.933,1251.611,5566704300.0,33568258225.0,0.039423,1.0,1.144287,0.0,0.0,0.0,0.0,0.0,1.0,1.0,1.0,6.030185261502035,SH000300
2006-05-11,1267.219,1294.868,1254.348,1255.035,1265.933,6113372500.0,37299607468.0,0.04326,1.0,-0.860863,0.0,0.0,0.0,0.0,0.0,1.0,1.0,1.0,6.101314367478834,SH000300
2006-05-12,1255.234,1296.379,1252.677,1296.257,1255.035,5492033100.0,34261843942.0,0.038789,1.0,3.284524,0.0,0.0,0.0,0.0,0.0,1.0,1.0,1.0,6.238462754712822,SH000300
2006-05-15,1312.137,1352.412,1301.797,1352.155,1296.257,7353400500.0,45768188032.0,0.051857,1.0,4.312268,0.0,0.0,0.0,0.0,0.0,1.0,1.0,1.0,6.2240847662248235,SH000300
2006-05-16,1368.134,1387.397,1322.136,1331.127,1352.155,7965817000.0,50916396723.0,0.055916,1.0,-1.555153,0.0,0.0,0.0,0.0,0.0,1.0,1.0,1.0,6.391861214361314,SH000300
2006-05-17,1331.686,1356.132,1306.871,1335.523,1331.127,6182328700.0,39133826398.0,0.043376,1.0,0.330246,0.0,0.0,0.0,0.0,0.0,1.0,1.0,1.0,6.329949165918661,SH000300
2006-05-18,1322.652,1340.523,1301.109,1331.201,1335.523,5205636300.0,31832852065.0,0.036497,1.0,-0.323611,0.0,0.0,0.0,0.0,0.0,1.0,1.0,1.0,6.115074167782333,SH000300
2006-05-19,1334.069,1371.222,1329.317,1366.097,1331.201,6712386900.0,36222359895.0,0.046425,1.0,2.621392,0.0,0.0,0.0,0.0,0.0,1.0,1.0,1.0,5.396345656863135,SH000300
2006-05-22,1366.316,1387.571,1360.348,1373.674,1366.097,6626217200.0,38198875541.0,0.045773,1.0,0.554639,0.0,0.0,0.0,0.0,0.0,1.0,1.0,1.0,5.764808847648399,SH000300
2006-05-23,1365.1,1365.1,1316.549,1317.654,1373.674,5687238800.0,32747751170.0,0.039249,1.0,-4.078107,0.0,0.0,0.0,0.0,0.0,1.0,1.0,1.0,5.758110802380937,SH000300
2006-05-24,1325.683,1351.308,1277.332,1308.242,1317.654,5117663200.0,31096815588.0,0.035277,1.0,-0.714308,0.0,0.0,0.0,0.0,0.0,1.0,1.0,1.0,6.076370087816643,SH000300
2006-05-25,1304.695,1316.475,1285.728,1307.697,1308.242,3404643600.0,20482556624.0,0.02343,1.0,-0.041653,0.0,0.0,0.0,0.0,0.0,1.0,1.0,1.0,6.01606483098554,SH000300
2006-05-26,1312.236,1331.452,1309.46,1331.02,1307.697,3638566500.0,21741991960.0,0.02504,1.0,1.783517,0.0,0.0,0.0,0.0,0.0,1.0,1.0,1.0,5.975427949441078,SH000300
2006-05-29,1339.896,1366.843,1330.628,1366.292,1331.02,4448001100.0,27100627303.0,0.030568,1.0,2.649996,0.0,0.0,0.0,0.0,0.0,1.0,1.0,1.0,6.092765422877256,SH000300
2006-05-30,1375.298,1384.684,1360.548,1378.756,1366.292,4476102700.0,28992430923.0,0.030726,1.0,0.912249,0.0,0.0,0.0,0.0,0.0,1.0,1.0,1.0,6.4771594545853475,SH000300
2006-05-31,1377.449,1386.942,1355.007,1365.451,1378.756,4733588300.0,29359692213.0,0.032482,1.0,-0.964995,0.0,0.0,0.0,0.0,0.0,1.0,1.0,1.0,6.202417775327018,SH000300
2006-06-01,1364.178,1403.265,1362.936,1402.879,1365.451,5349345300.0,31383492665.0,0.036675,1.0,2.741071,0.0,0.0,0.0,0.0,0.0,1.0,1.0,1.0,5.866791337063248,SH000300
2006-06-02,1406.617,1411.78,1382.004,1390.116,1402.879,6410916200.0,37407323630.0,0.043953,1.0,-0.909776,0.0,0.0,0.0,0.0,0.0,1.0,1.0,1.0,5.834941912046831,SH000300
2006-06-05,1391.461,1403.304,1362.723,1403.163,1390.116,5510181900.0,29784741526.0,0.037693,1.0,0.938555,0.0,0.0,0.0,0.0,0.0,1.0,1.0,1.0,5.405400777422611,SH000300
2006-06-06,1400.267,1413.108,1391.895,1399.142,1403.163,4683527800.0,26497855270.0,0.031897,1.0,-0.286567,0.0,0.0,0.0,0.0,0.0,1.0,1.0,1.0,5.657670115676478,SH000300
2006-06-07,1398.184,1398.184,1319.698,1320.233,1399.142,5204764700.0,31076290204.0,0.035415,1.0,-5.639809,0.0,0.0,0.0,0.0,0.0,1.0,1.0,1.0,5.970738735605089,SH000300
2006-06-08,1309.07,1331.885,1286.899,1325.979,1320.233,4567750900.0,26462585864.0,0.031041,1.0,0.435224,0.0,0.0,0.0,0.0,0.0,1.0,1.0,1.0,5.793351354602108,SH000300
2006-06-09,1320.813,1329.835,1293.046,1294.185,1325.979,3739262300.0,21631040581.0,0.025396,1.0,-2.397771,0.0,0.0,0.0,0.0,0.0,1.0,1.0,1.0,5.784841726936353,SH000300
2006-06-12,1283.827,1308.121,1275.399,1297.67,1294.185,2503333100.0,15025360038.0,0.01696,1.0,0.26928,0.0,0.0,0.0,0.0,0.0,1.0,1.0,1.0,6.002141719773529,SH000300
2006-06-13,1296.408,1312.132,1284.62,1298.276,1297.67,2782303100.0,16716170449.0,0.018786,1.0,0.046696,0.0,0.0,0.0,0.0,0.0,1.0,1.0,1.0,6.0080335780095275,SH000300
2006-06-14,1291.69,1291.69,1269.516,1283.88,1298.276,2880166100.0,15982326444.0,0.019447,1.0,-1.108855,0.0,0.0,0.0,0.0,0.0,1.0,1.0,1.0,5.54909886759656,SH000300
2006-06-15,1283.721,1300.111,1280.501,1285.385,1283.88,2324130200.0,12947893429.0,0.01568,1.0,0.117223,0.0,0.0,0.0,0.0,0.0,1.0,1.0,1.0,5.571070600519713,SH000300
2006-06-16,1290.003,1318.019,1290.003,1318.01,1285.385,2840803200.0,16152374694.0,0.019144,1.0,2.53815,0.0,0.0,0.0,0.0,0.0,1.0,1.0,1.0,5.685847824305464,SH000300
2006-06-19,1306.263,1341.99,1294.904,1334.893,1318.01,3072625800.0,18672646769.0,0.020696,1.0,1.280941,0.0,0.0,0.0,0.0,0.0,1.0,1.0,1.0,6.077097565541499,SH000300
2006-06-20,1333.619,1341.244,1323.784,1338.223,1334.893,2779705800.0,16416714736.0,0.01872,1.0,0.249464,0.0,0.0,0.0,0.0,0.0,1.0,1.0,1.0,5.905918078093013,SH000300
2006-06-21,1336.842,1347.002,1320.411,1333.532,1338.223,3244547900.0,18271592334.0,0.02185,1.0,-0.350542,0.0,0.0,0.0,0.0,0.0,1.0,1.0,1.0,5.6314756006530216,SH000300
2006-06-22,1331.926,1341.73,1326.146,1331.553,1333.532,2595315700.0,14642393269.0,0.017462,1.0,-0.148403,0.0,0.0,0.0,0.0,0.0,1.0,1.0,1.0,5.641854387502838,SH000300
2006-06-23,1329.106,1340.266,1319.506,1339.446,1331.553,2565164400.0,15125536432.0,0.017252,1.0,0.592772,0.0,0.0,0.0,0.0,0.0,1.0,1.0,1.0,5.89651736629434,SH000300
2006-06-26,1341.609,1363.569,1341.609,1363.413,1339.446,2959592000.0,18564767865.0,0.019874,1.0,1.789316,0.0,0.0,0.0,0.0,0.0,1.0,1.0,1.0,6.272745657171664,SH000300
2006-06-27,1365.043,1368.411,1354.088,1363.896,1363.413,2645473400.0,16022196955.0,0.017759,1.0,0.035428,0.0,0.0,0.0,0.0,0.0,1.0,1.0,1.0,6.056457401915287,SH000300
2006-06-28,1361.792,1366.338,1353.633,1362.885,1363.896,2579165700.0,14836163873.0,0.017298,1.0,-0.074125,0.0,0.0,0.0,0.0,0.0,1.0,1.0,1.0,5.752311250494685,SH000300
2006-06-29,1365.252,1395.243,1365.252,1395.124,1362.885,4243920100.0,24225652463.0,0.028425,1.0,2.365498,0.0,0.0,0.0,0.0,0.0,1.0,1.0,1.0,5.708319641314642,SH000300
2006-06-30,1402.595,1408.791,1384.991,1393.963,1395.124,3839674500.0,22942443838.0,0.025613,1.0,-0.083219,0.0,0.0,0.0,0.0,0.0,1.0,1.0,1.0,5.9751012326695925,SH000300
2006-07-03,1398.736,1420.328,1393.923,1420.328,1393.963,3829738500.0,24423131531.0,0.026386,1.0,1.891369,0.0,0.0,0.0,0.0,0.0,1.0,1.0,1.0,6.377232161151473,SH000300
2006-07-04,1423.078,1426.098,1401.148,1411.013,1420.328,4274980300.0,28116073765.0,0.029449,1.0,-0.655839,0.0,0.0,0.0,0.0,0.0,1.0,1.0,1.0,6.57688966777227,SH000300
2006-07-05,1409.901,1409.901,1377.22,1393.009,1411.013,3344600500.0,21154127198.0,0.023024,1.0,-1.275956,0.0,0.0,0.0,0.0,0.0,1.0,1.0,1.0,6.324859186620345,SH000300
2006-07-06,1391.638,1418.76,1390.193,1418.675,1393.009,3248073400.0,21637516912.0,0.022346,1.0,1.842487,0.0,0.0,0.0,0.0,0.0,1.0,1.0,1.0,6.6616465354508305,SH000300
2006-07-07,1423.718,1426.397,1405.989,1410.429,1418.675,3355617600.0,22529571028.0,0.023076,1.0,-0.581253,0.0,0.0,0.0,0.0,0.0,1.0,1.0,1.0,6.713986429204567,SH000300
2006-07-10,1410.496,1413.576,1397.441,1412.124,1410.429,2760736900.0,18616784852.0,0.018985,1.0,0.120181,0.0,0.0,0.0,0.0,0.0,1.0,1.0,1.0,6.74341146090379,SH000300
2006-07-11,1414.136,1418.816,1406.496,1418.575,1412.124,2853737900.0,18958953195.0,0.019599,1.0,0.456824,0.0,0.0,0.0,0.0,0.0,1.0,1.0,1.0,6.643550970465788,SH000300
2006-07-12,1419.073,1430.944,1416.739,1419.199,1418.575,3629341700.0,24831173387.0,0.024892,1.0,0.043989,0.0,0.0,0.0,0.0,0.0,1.0,1.0,1.0,6.841784389439,SH000300
2006-07-13,1415.875,1418.135,1344.155,1346.088,1419.199,4897067300.0,31700087656.0,0.033572,1.0,-5.151566,0.0,0.0,0.0,0.0,0.0,1.0,1.0,1.0,6.473279968196476,SH000300
2006-07-14,1333.743,1367.743,1327.587,1357.129,1346.088,3265910500.0,21065092098.0,0.022334,1.0,0.82023,0.0,0.0,0.0,0.0,0.0,1.0,1.0,1.0,6.44999062221699,SH000300
2006-07-17,1354.137,1372.254,1348.432,1372.254,1357.129,2420555200.0,16046823874.0,0.01654,1.0,1.114485,0.0,0.0,0.0,0.0,0.0,1.0,1.0,1.0,6.629398029840426,SH000300
2006-07-18,1370.896,1373.588,1359.909,1373.416,1372.254,2272454400.0,14797115329.0,0.015528,1.0,0.084677,0.0,0.0,0.0,0.0,0.0,1.0,1.0,1.0,6.511512543001963,SH000300
2006-07-19,1370.287,1370.287,1330.284,1336.644,1373.416,2522764700.0,15923621350.0,0.016879,1.0,-2.67741,0.0,0.0,0.0,0.0,0.0,1.0,1.0,1.0,6.311972476069608,SH000300
2006-07-20,1335.412,1346.848,1329.176,1345.194,1336.644,1845062100.0,11505538297.0,0.01234,1.0,0.639656,0.0,0.0,0.0,0.0,0.0,1.0,1.0,1.0,6.235854227887506,SH000300
2006-07-21,1344.601,1357.341,1344.57,1356.033,1345.194,2039364800.0,12442432415.0,0.013639,1.0,0.805757,0.0,0.0,0.0,0.0,0.0,1.0,1.0,1.0,6.101131300785421,SH000300
2006-07-24,1340.279,1359.558,1327.901,1358.122,1356.033,1996619000.0,12517728783.0,0.013353,1.0,0.154052,0.0,0.0,0.0,0.0,0.0,1.0,1.0,1.0,6.269462918563832,SH000300
2006-07-25,1359.323,1378.843,1359.323,1374.17,1358.122,2202350900.0,14089738586.0,0.014729,1.0,1.181639,0.0,0.0,0.0,0.0,0.0,1.0,1.0,1.0,6.397590223247349,SH000300
2006-07-26,1377.784,1380.796,1367.046,1371.295,1374.17,1963344200.0,12059952444.0,0.01311,1.0,-0.209217,0.0,0.0,0.0,0.0,0.0,1.0,1.0,1.0,6.142556381097109,SH000300
2006-07-27,1370.749,1379.253,1347.285,1355.545,1371.295,2381875500.0,14751696304.0,0.015901,1.0,-1.148549,0.0,0.0,0.0,0.0,0.0,1.0,1.0,1.0,6.193311238979535,SH000300
2006-07-28,1354.919,1359.744,1327.663,1341.393,1355.545,2155750500.0,13809393177.0,0.014392,1.0,-1.044015,0.0,0.0,0.0,0.0,0.0,1.0,1.0,1.0,6.405840182804086,SH000300
2006-07-31,1338.039,1338.039,1293.531,1294.328,1341.393,2218121100.0,13115400910.0,0.014808,1.0,-3.508662,0.0,0.0,0.0,0.0,0.0,1.0,1.0,1.0,5.912842590064177,SH000300
2006-08-01,1292.709,1302.889,1278.544,1282.057,1294.328,1744388700.0,10137959452.0,0.011622,1.0,-0.948059,0.0,0.0,0.0,0.0,0.0,1.0,1.0,1.0,5.811754829643187,SH000300
2006-08-02,1281.889,1288.612,1258.008,1275.088,1282.057,1781328400.0,10180840409.0,0.011868,1.0,-0.543579,0.0,0.0,0.0,0.0,0.0,1.0,1.0,1.0,5.71530797409394,SH000300
2006-08-03,1277.632,1281.79,1261.695,1271.744,1275.088,1294047300.0,8115991949.0,0.008619,1.0,-0.262256,0.0,0.0,0.0,0.0,0.0,1.0,1.0,1.0,6.271789252989438,SH000300
2006-08-04,1272.362,1278.246,1239.384,1241.908,1271.744,1605362800.0,9762333439.0,0.010692,1.0,-2.346074,0.0,0.0,0.0,0.0,0.0,1.0,1.0,1.0,6.081076152381256,SH000300
2006-08-07,1233.488,1241.849,1221.989,1224.102,1241.908,1511651900.0,8515702534.0,0.010052,1.0,-1.433754,0.0,0.0,0.0,0.0,0.0,1.0,1.0,1.0,5.633375338594818,SH000300
2006-08-08,1225.04,1252.386,1225.04,1252.386,1224.102,1425048100.0,8387431317.0,0.009476,1.0,2.310586,0.0,0.0,0.0,0.0,0.0,1.0,1.0,1.0,5.8857180448856425,SH000300
2006-08-09,1254.374,1258.206,1245.388,1251.298,1252.386,1285947400.0,7485120544.0,0.008527,1.0,-0.086875,0.0,0.0,0.0,0.0,0.0,1.0,1.0,1.0,5.820705064608397,SH000300
2006-08-10,1251.163,1271.473,1251.081,1271.473,1251.298,1769900600.0,10020038303.0,0.011735,1.0,1.61233,0.0,0.0,0.0,0.0,0.0,1.0,1.0,1.0,5.661356520812525,SH000300
2006-08-11,1273.266,1277.968,1265.52,1275.654,1271.473,1530322700.0,9033367272.0,0.010132,1.0,0.328834,0.0,0.0,0.0,0.0,0.0,1.0,1.0,1.0,5.902916601838292,SH000300
2006-08-14,1275.139,1279.308,1241.954,1245.721,1275.654,1644446900.0,9870530858.0,0.010884,1.0,-2.346491,0.0,0.0,0.0,0.0,0.0,1.0,1.0,1.0,6.002340883126114,SH000300
2006-08-15,1243.16,1265.863,1239.905,1265.863,1245.721,1431936000.0,8592504024.0,0.009306,1.0,1.616902,0.0,0.0,0.0,0.0,0.0,1.0,1.0,1.0,6.0006201562080985,SH000300
2006-08-16,1266.821,1283.567,1262.537,1283.567,1265.863,2080274300.0,12267020733.0,0.013519,1.0,1.39857,0.0,0.0,0.0,0.0,0.0,1.0,1.0,1.0,5.896828477379161,SH000300
2006-08-17,1280.284,1280.284,1263.931,1271.627,1283.567,1545790400.0,8843865980.0,0.010013,1.0,-0.930225,0.0,0.0,0.0,0.0,0.0,1.0,1.0,1.0,5.721258186103368,SH000300
2006-08-18,1270.225,1280.829,1265.818,1267.866,1271.627,1396452400.0,7951341069.0,0.009046,1.0,-0.295762,0.0,0.0,0.0,0.0,0.0,1.0,1.0,1.0,5.693957824126336,SH000300
2006-08-21,1235.426,1270.667,1229.165,1270.562,1267.866,1506476600.0,8661631085.0,0.009757,1.0,0.212644,0.0,0.0,0.0,0.0,0.0,1.0,1.0,1.0,5.749595503176087,SH000300
2006-08-22,1270.103,1289.019,1269.102,1285.268,1270.562,1720094200.0,11224121514.0,0.01114,1.0,1.157435,0.0,0.0,0.0,0.0,0.0,1.0,1.0,1.0,6.525294669326831,SH000300
2006-08-23,1284.817,1294.825,1282.841,1285.68,1285.268,1909287500.0,12215591075.0,0.012366,1.0,0.032064,0.0,0.0,0.0,0.0,0.0,1.0,1.0,1.0,6.39798410401786,SH000300
2006-08-24,1284.835,1292.401,1274.556,1292.401,1285.68,1508130600.0,9416605611.0,0.009762,1.0,0.522754,0.0,0.0,0.0,0.0,0.0,1.0,1.0,1.0,6.2438926781274775,SH000300
2006-08-25,1293.502,1301.753,1292.451,1295.437,1292.401,1855793700.0,11586280956.0,0.012005,1.0,0.234912,0.0,0.0,0.0,0.0,0.0,1.0,1.0,1.0,6.243302235587932,SH000300
2006-08-28,1298.464,1325.894,1298.357,1325.894,1295.437,2618329000.0,16640986510.0,0.016846,1.0,2.351101,0.0,0.0,0.0,0.0,0.0,1.0,1.0,1.0,6.355575067151607,SH000300
2006-08-29,1328.611,1349.201,1327.002,1330.155,1325.894,3176637600.0,20558598283.0,0.020423,1.0,0.321367,0.0,0.0,0.0,0.0,0.0,1.0,1.0,1.0,6.4718110378722455,SH000300
2006-08-30,1328.37,1336.392,1319.823,1334.671,1330.155,2113994900.0,12994582488.0,0.01363,1.0,0.339509,0.0,0.0,0.0,0.0,0.0,1.0,1.0,1.0,6.1469318057484434,SH000300
2006-08-31,1335.588,1342.79,1331.287,1338.694,1334.671,2318827400.0,13932000999.0,0.014932,1.0,0.301419,0.0,0.0,0.0,0.0,0.0,1.0,1.0,1.0,6.00820957997995,SH000300
2006-09-01,1339.309,1340.125,1314.567,1318.099,1338.694,2503368800.0,14832251927.0,0.016121,1.0,-1.538437,0.0,0.0,0.0,0.0,0.0,1.0,1.0,1.0,5.924916826877446,SH000300
2006-09-04,1315.707,1337.243,1315.61,1337.243,1318.099,2109534000.0,12470373587.0,0.013583,1.0,1.452398,0.0,0.0,0.0,0.0,0.0,1.0,1.0,1.0,5.911435220764396,SH000300
2006-09-05,1339.59,1345.708,1334.723,1340.682,1337.243,2686811000.0,15959669593.0,0.017291,1.0,0.257168,0.0,0.0,0.0,0.0,0.0,1.0,1.0,1.0,5.940004560424979,SH000300
2006-09-06,1341.403,1346.367,1331.852,1346.367,1340.682,2315311200.0,13799604057.0,0.0149,1.0,0.424033,0.0,0.0,0.0,0.0,0.0,1.0,1.0,1.0,5.960150867408235,SH000300
2006-09-07,1348.174,1348.278,1323.977,1328.377,1346.367,2188644900.0,13054999552.0,0.014082,1.0,-1.336188,0.0,0.0,0.0,0.0,0.0,1.0,1.0,1.0,5.9648778803724625,SH000300
2006-09-08,1327.555,1334.728,1326.246,1332.153,1328.377,1723027300.0,10157793916.0,0.011086,1.0,0.284257,0.0,0.0,0.0,0.0,0.0,1.0,1.0,1.0,5.895318034717151,SH000300
2006-09-11,1331.89,1338.755,1319.21,1338.755,1332.153,2094726600.0,12839285596.0,0.013478,1.0,0.495593,0.0,0.0,0.0,0.0,0.0,1.0,1.0,1.0,6.129337163141003,SH000300
2006-09-12,1338.815,1350.527,1337.302,1347.639,1338.755,2730189100.0,15787258083.0,0.017566,1.0,0.663604,0.0,0.0,0.0,0.0,0.0,1.0,1.0,1.0,5.782477881477147,SH000300
2006-09-13,1348.849,1356.856,1337.461,1338.386,1347.639,3282119100.0,18701751194.0,0.021117,1.0,-0.686612,0.0,0.0,0.0,0.0,0.0,1.0,1.0,1.0,5.698072076055984,SH000300
2006-09-14,1338.35,1345.59,1323.801,1338.278,1338.386,2221728400.0,13679517835.0,0.014295,1.0,-0.008072,0.0,0.0,0.0,0.0,0.0,1.0,1.0,1.0,6.157151267904754,SH000300
2006-09-15,1338.409,1362.404,1338.143,1362.322,1338.278,3605714800.0,19594629097.0,0.023199,1.0,1.796642,0.0,0.0,0.0,0.0,0.0,1.0,1.0,1.0,5.434325836585855,SH000300
2006-09-18,1367.645,1375.581,1362.143,1375.563,1362.322,3145485100.0,18187622927.0,0.020238,1.0,0.971941,0.0,0.0,0.0,0.0,0.0,1.0,1.0,1.0,5.782136093094194,SH000300
2006-09-19,1377.716,1385.619,1371.43,1378.309,1375.563,2664830100.0,15942860310.0,0.017125,1.0,0.199625,0.0,0.0,0.0,0.0,0.0,1.0,1.0,1.0,5.98269297168326,SH000300
2006-09-20,1376.118,1381.812,1365.717,1378.459,1378.309,2344588000.0,14017239840.0,0.015037,1.0,0.010885,0.0,0.0,0.0,0.0,0.0,1.0,1.0,1.0,5.978551387279983,SH000300
2006-09-21,1378.456,1390.621,1378.456,1387.37,1378.459,2609412100.0,16026131513.0,0.016721,1.0,0.646447,0.0,0.0,0.0,0.0,0.0,1.0,1.0,1.0,6.14166367704051,SH000300
2006-09-22,1389.867,1393.53,1373.945,1374.852,1387.37,2826504200.0,18173169466.0,0.01809,1.0,-0.902279,0.0,0.0,0.0,0.0,0.0,1.0,1.0,1.0,6.429556858963804,SH000300
2006-09-25,1372.808,1383.767,1361.606,1372.399,1374.852,2458478000.0,15493803707.0,0.015722,1.0,-0.178419,0.0,0.0,0.0,0.0,0.0,1.0,1.0,1.0,6.302193351740386,SH000300
2006-09-26,1370.856,1371.582,1351.18,1357.646,1372.399,1970327800.0,11953758768.0,0.012598,1.0,-1.074983,0.0,0.0,0.0,0.0,0.0,1.0,1.0,1.0,6.066888346192953,SH000300
2006-09-27,1357.275,1371.117,1355.393,1371.117,1357.646,1758032300.0,10897805770.0,0.01124,1.0,0.992228,0.0,0.0,0.0,0.0,0.0,1.0,1.0,1.0,6.198865498660065,SH000300
2006-09-28,1372.134,1389.555,1369.398,1387.002,1371.117,2168779200.0,14070853853.0,0.013867,1.0,1.158545,0.0,0.0,0.0,0.0,0.0,1.0,1.0,1.0,6.487914423469204,SH000300
2006-09-29,1389.075,1405.563,1389.038,1403.265,1387.002,2716674200.0,17347640073.0,0.017357,1.0,1.172533,0.0,0.0,0.0,0.0,0.0,1.0,1.0,1.0,6.385616675345171,SH000300
2006-10-09,1420.362,1436.074,1418.207,1436.074,1403.265,3919186200.0,23762250623.0,0.024901,1.0,2.338045,0.0,0.0,0.0,0.0,0.0,1.0,1.0,1.0,6.06305733139191,SH000300
2006-10-10,1437.689,1443.497,1426.969,1437.245,1436.074,3840048600.0,24024747915.0,0.024273,1.0,0.081543,0.0,0.0,0.0,0.0,0.0,1.0,1.0,1.0,6.256365587404284,SH000300
2006-10-11,1436.681,1440.207,1421.808,1435.906,1437.245,3161798700.0,18592012045.0,0.019986,1.0,-0.093164,0.0,0.0,0.0,0.0,0.0,1.0,1.0,1.0,5.880201052963935,SH000300
2006-10-12,1436.198,1438.802,1423.629,1426.5,1435.906,3795623700.0,21048271007.0,0.023992,1.0,-0.655057,0.0,0.0,0.0,0.0,0.0,1.0,1.0,1.0,5.545405095610505,SH000300
2006-10-13,1424.301,1436.102,1420.959,1430.882,1426.5,2829515600.0,16770803951.0,0.017885,1.0,0.307183,0.0,0.0,0.0,0.0,0.0,1.0,1.0,1.0,5.927093652001777,SH000300
2006-10-16,1432.306,1434.532,1415.49,1418.517,1430.882,2849218600.0,17341289788.0,0.017994,1.0,-0.864152,0.0,0.0,0.0,0.0,0.0,1.0,1.0,1.0,6.086331806201181,SH000300
2006-10-17,1416.949,1426.292,1410.674,1414.448,1418.517,2422440300.0,15151115999.0,0.015299,1.0,-0.286847,0.0,0.0,0.0,0.0,0.0,1.0,1.0,1.0,6.2544847850326795,SH000300
2006-10-18,1413.906,1437.593,1413.55,1437.593,1414.448,2429030800.0,15015405334.0,0.01534,1.0,1.636329,0.0,0.0,0.0,0.0,0.0,1.0,1.0,1.0,6.181644684785389,SH000300
2006-10-19,1438.842,1445.617,1433.938,1439.377,1437.593,2382026700.0,14441180899.0,0.015044,1.0,0.124092,0.0,0.0,0.0,0.0,0.0,1.0,1.0,1.0,6.062560465422155,SH000300
2006-10-20,1440.668,1447.951,1436.653,1440.182,1439.377,2656014300.0,16526648077.0,0.016774,1.0,0.055931,0.0,0.0,0.0,0.0,0.0,1.0,1.0,1.0,6.222349057759215,SH000300
2006-10-23,1439.54,1444.915,1403.008,1408.715,1440.182,2895037700.0,17710776103.0,0.018271,1.0,-2.184935,0.0,0.0,0.0,0.0,0.0,1.0,1.0,1.0,6.117632286101145,SH000300
2006-10-24,1408.578,1440.054,1408.578,1440.054,1408.715,2618997200.0,16151232545.0,0.016529,1.0,2.224651,0.0,0.0,0.0,0.0,0.0,1.0,1.0,1.0,6.1669529639054215,SH000300
2006-10-25,1443.108,1459.731,1434.806,1446.825,1440.054,3220489500.0,21177150676.0,0.020325,1.0,0.47019,0.0,0.0,0.0,0.0,0.0,1.0,1.0,1.0,6.575755230998269,SH000300
2006-10-26,1447.088,1457.373,1435.279,1456.095,1446.825,3846636200.0,21300294417.0,0.023609,1.0,0.640715,0.0,0.0,0.0,0.0,0.0,1.0,1.0,1.0,5.537382094256795,SH000300
2006-10-27,1455.978,1460.455,1433.355,1439.05,1456.095,3737930400.0,21496189402.0,0.022941,1.0,-1.170591,0.0,0.0,0.0,0.0,0.0,1.0,1.0,1.0,5.750826554180891,SH000300
2006-10-30,1436.66,1446.239,1428.334,1446.239,1439.05,3532045200.0,19874454982.0,0.021675,1.0,0.499563,0.0,0.0,0.0,0.0,0.0,1.0,1.0,1.0,5.626897125212327,SH000300
2006-10-31,1447.055,1464.478,1447.055,1464.473,1446.239,3695228300.0,21463617498.0,0.022673,1.0,1.260788,0.0,0.0,0.0,0.0,0.0,1.0,1.0,1.0,5.808468585824589,SH000300
2006-11-01,1465.667,1479.409,1461.316,1479.409,1464.473,3892692500.0,23518429064.0,0.023808,1.0,1.019892,0.0,0.0,0.0,0.0,0.0,1.0,1.0,1.0,6.041686843746327,SH000300
2006-11-02,1480.551,1480.551,1464.598,1479.656,1479.409,4237313600.0,24757963551.0,0.0259,1.0,0.016692,0.0,0.0,0.0,0.0,0.0,1.0,1.0,1.0,5.842844284878986,SH000300
2006-11-03,1481.582,1497.466,1480.77,1488.291,1479.656,3937202700.0,23319284127.0,0.024059,1.0,0.583582,0.0,0.0,0.0,0.0,0.0,1.0,1.0,1.0,5.922805073510693,SH000300
2006-11-06,1477.44,1507.972,1472.001,1507.891,1488.291,4203351000.0,25221678236.0,0.025665,1.0,1.316945,0.0,0.0,0.0,0.0,0.0,1.0,1.0,1.0,6.000374043471506,SH000300
2006-11-07,1512.649,1516.803,1491.33,1516.104,1507.891,4303832800.0,27894549966.0,0.026279,1.0,0.544669,0.0,0.0,0.0,0.0,0.0,1.0,1.0,1.0,6.481327519507728,SH000300
2006-11-08,1512.362,1513.037,1497.009,1498.173,1516.104,2872240500.0,19140307948.0,0.017533,1.0,-1.182705,0.0,0.0,0.0,0.0,0.0,1.0,1.0,1.0,6.663894596570169,SH000300
2006-11-09,1491.801,1527.377,1489.199,1524.714,1498.173,3403013300.0,22283038119.0,0.020766,1.0,1.771559,0.0,0.0,0.0,0.0,0.0,1.0,1.0,1.0,6.548031451713691,SH000300
2006-11-10,1525.226,1535.196,1493.197,1504.062,1524.714,5392286700.0,31931185346.0,0.031608,1.0,-1.354482,0.0,0.0,0.0,0.0,0.0,1.0,1.0,1.0,5.921640877514914,SH000300
2006-11-13,1498.064,1512.95,1465.629,1475.779,1504.062,4165330100.0,25176222093.0,0.024343,1.0,-1.880438,0.0,0.0,0.0,0.0,0.0,1.0,1.0,1.0,6.044232146931164,SH000300
2006-11-14,1475.445,1493.877,1453.259,1493.776,1475.779,3630788500.0,22029308293.0,0.021219,1.0,1.219488,0.0,0.0,0.0,0.0,0.0,1.0,1.0,1.0,6.067362032517179,SH000300
2006-11-15,1494.114,1534.849,1490.868,1534.762,1493.776,4058921600.0,26135569100.0,0.023721,1.0,2.743782,0.0,0.0,0.0,0.0,0.0,1.0,1.0,1.0,6.439042601857597,SH000300
2006-11-16,1540.258,1558.406,1531.289,1533.288,1534.762,5776094800.0,34127308461.0,0.033724,1.0,-0.096041,0.0,0.0,0.0,0.0,0.0,1.0,1.0,1.0,5.908370558772685,SH000300
2006-11-17,1528.007,1562.236,1521.549,1562.084,1533.288,4444619100.0,26950444425.0,0.025937,1.0,1.878057,0.0,0.0,0.0,0.0,0.0,1.0,1.0,1.0,6.0636117108437935,SH000300
2006-11-20,1567.344,1593.189,1567.344,1593.158,1562.084,5341235900.0,32990614478.0,0.031158,1.0,1.989264,0.0,0.0,0.0,0.0,0.0,1.0,1.0,1.0,6.176588170913777,SH000300
2006-11-21,1591.47,1612.46,1568.95,1612.249,1593.158,4860184200.0,32628579472.0,0.028352,1.0,1.198316,0.0,0.0,0.0,0.0,0.0,1.0,1.0,1.0,6.713445031980475,SH000300
2006-11-22,1610.049,1639.414,1600.383,1624.028,1612.249,5706549500.0,38065264000.0,0.033199,1.0,0.73059,0.0,0.0,0.0,0.0,0.0,1.0,1.0,1.0,6.6704519079349085,SH000300
2006-11-23,1623.714,1642.808,1618.043,1634.914,1624.028,5136067900.0,31474406048.0,0.029879,1.0,0.670308,0.0,0.0,0.0,0.0,0.0,1.0,1.0,1.0,6.128113307847819,SH000300
2006-11-24,1629.894,1640.752,1611.547,1636.58,1634.914,4971209600.0,32398044934.0,0.028908,1.0,0.101902,0.0,0.0,0.0,0.0,0.0,1.0,1.0,1.0,6.517135172494035,SH000300
2006-11-27,1632.659,1651.801,1627.919,1651.801,1636.58,4726727000.0,32057818416.0,0.027486,1.0,0.930053,0.0,0.0,0.0,0.0,0.0,1.0,1.0,1.0,6.78224454596172,SH000300
2006-11-28,1649.681,1656.188,1629.825,1644.014,1651.801,4476291600.0,29502974821.0,0.026029,1.0,-0.471424,0.0,0.0,0.0,0.0,0.0,1.0,1.0,1.0,6.590941220406642,SH000300
2006-11-29,1617.69,1672.909,1604.815,1667.142,1644.014,4557841100.0,30895012009.0,0.026503,1.0,1.406796,0.0,0.0,0.0,0.0,0.0,1.0,1.0,1.0,6.778431132449966,SH000300
2006-11-30,1671.665,1714.493,1671.665,1714.358,1667.142,6021608800.0,39869047599.0,0.034988,1.0,2.832156,0.0,0.0,0.0,0.0,0.0,1.0,1.0,1.0,6.620995970213143,SH000300
2006-12-01,1719.278,1741.804,1715.786,1729.224,1714.358,5841358100.0,41045221076.0,0.03394,1.0,0.867145,0.0,0.0,0.0,0.0,0.0,1.0,1.0,1.0,7.026657221374598,SH000300
2006-12-04,1731.897,1780.801,1731.897,1780.736,1729.224,7143433300.0,46947580844.0,0.041506,1.0,2.978906,0.0,0.0,0.0,0.0,0.0,1.0,1.0,1.0,6.572131196913395,SH000300
2006-12-05,1785.443,1811.658,1777.432,1794.231,1780.736,6720257600.0,47255774605.0,0.039021,1.0,0.757833,0.0,0.0,0.0,0.0,0.0,1.0,1.0,1.0,7.031839762362681,SH000300
2006-12-06,1794.256,1806.645,1717.722,1779.411,1794.231,8127670000.0,53383291513.0,0.047042,1.0,-0.825978,0.0,0.0,0.0,0.0,0.0,1.0,1.0,1.0,6.568092886768286,SH000300
2006-12-07,1774.185,1820.719,1770.569,1775.714,1779.411,8048750200.0,51388011540.0,0.046586,1.0,-0.207767,0.0,0.0,0.0,0.0,0.0,1.0,1.0,1.0,6.384595156152318,SH000300
2006-12-08,1752.771,1772.162,1710.001,1711.584,1775.714,6625774600.0,41980241160.0,0.03835,1.0,-3.611506,0.0,0.0,0.0,0.0,0.0,1.0,1.0,1.0,6.335899376957375,SH000300
2006-12-11,1705.911,1790.115,1705.911,1789.924,1711.584,5133597500.0,33169358578.0,0.02971,1.0,4.577045,0.0,0.0,0.0,0.0,0.0,1.0,1.0,1.0,6.461230857697745,SH000300
2006-12-12,1798.464,1819.802,1772.108,1802.788,1789.924,5783354300.0,38702468004.0,0.03346,1.0,0.718691,0.0,0.0,0.0,0.0,0.0,1.0,1.0,1.0,6.692045134430032,SH000300
2006-12-13,1805.424,1813.276,1779.558,1803.856,1802.788,4800445800.0,33154391167.0,0.027774,1.0,0.059241,0.0,0.0,0.0,0.0,0.0,1.0,1.0,1.0,6.906523383099128,SH000300
2006-12-14,1807.079,1836.194,1805.2,1836.143,1803.856,4720622700.0,33323930871.0,0.027311,1.0,1.789887,0.0,0.0,0.0,0.0,0.0,1.0,1.0,1.0,7.059223536547414,SH000300
2006-12-15,1842.883,1867.777,1832.514,1867.636,1836.143,4941444100.0,36957407983.0,0.028588,1.0,1.715174,0.0,0.0,0.0,0.0,0.0,1.0,1.0,1.0,7.479070335532077,SH000300
2006-12-18,1875.005,1918.291,1875.005,1916.108,1867.636,6189299000.0,46530167681.0,0.035805,1.0,2.595369,0.0,0.0,0.0,0.0,0.0,1.0,1.0,1.0,7.517841306584154,SH000300
2006-12-19,1924.799,1936.751,1882.541,1921.444,1916.108,6778893500.0,48969821687.0,0.039209,1.0,0.278478,0.0,0.0,0.0,0.0,0.0,1.0,1.0,1.0,7.223866503729554,SH000300
2006-12-20,1912.904,1936.802,1893.424,1936.547,1921.444,5634850200.0,39745359733.0,0.03256,1.0,0.786025,0.0,0.0,0.0,0.0,0.0,1.0,1.0,1.0,7.053490034748395,SH000300
2006-12-21,1935.784,1945.473,1905.72,1908.985,1936.547,6022516400.0,43437770784.0,0.034726,1.0,-1.423256,0.0,0.0,0.0,0.0,0.0,1.0,1.0,1.0,7.21256164350171,SH000300
2006-12-22,1896.48,1918.487,1880.566,1895.644,1908.985,4623050100.0,34870781835.0,0.026657,1.0,-0.69885,0.0,0.0,0.0,0.0,0.0,1.0,1.0,1.0,7.542808552950789,SH000300
2006-12-25,1898.819,1957.466,1898.819,1939.104,1895.644,5625174200.0,41951575108.0,0.032424,1.0,2.292622,0.0,0.0,0.0,0.0,0.0,1.0,1.0,1.0,7.45782683636713,SH000300
2006-12-26,1941.795,1959.982,1914.975,1938.238,1939.104,5696738300.0,39106900197.0,0.032836,1.0,-0.044658,0.0,0.0,0.0,0.0,0.0,1.0,1.0,1.0,6.864787908020981,SH000300
2006-12-27,1940.412,1983.109,1939.553,1982.877,1938.238,5600564700.0,38961689252.0,0.032251,1.0,2.303067,0.0,0.0,0.0,0.0,0.0,1.0,1.0,1.0,6.95674299629107,SH000300
2006-12-28,1988.016,2010.371,1964.973,1979.933,1982.877,6319283400.0,45224328165.0,0.036357,1.0,-0.14847,0.0,0.0,0.0,0.0,0.0,1.0,1.0,1.0,7.156559581581671,SH000300
2006-12-29,1991.876,2052.861,1991.876,2041.047,1979.933,7385194700.0,55716388327.0,0.04246,1.0,3.086671,0.0,0.0,0.0,0.0,0.0,1.0,1.0,1.0,7.544335740667744,SH000300
2007-01-04,2073.25,2139.494,2054.242,2067.092,2041.047,10671970700.0,82381072591.0,0.061801,1.0,1.276063,0.0,0.0,0.0,0.0,0.0,1.0,1.0,1.0,7.719387066064565,SH000300
2007-01-05,2051.152,2083.402,2030.762,2072.883,2067.092,9274344700.0,68026060235.0,0.053436,1.0,0.280153,0.0,0.0,0.0,0.0,0.0,1.0,1.0,1.0,7.334864341951836,SH000300
2007-01-08,2072.005,2131.737,2071.721,2131.556,2072.883,8476790900.0,66303936118.0,0.04882,1.0,2.830495,0.0,0.0,0.0,0.0,0.0,1.0,1.0,1.0,7.821820415317783,SH000300
2007-01-09,2137.485,2201.36,2128.064,2200.086,2131.556,8157762900.0,65456192715.0,0.046983,1.0,3.215024,0.0,0.0,0.0,0.0,0.0,1.0,1.0,1.0,8.023792002461851,SH000300
2007-01-10,2210.757,2255.966,2194.77,2255.966,2200.086,8490497900.0,68822624817.0,0.048878,1.0,2.539907,0.0,0.0,0.0,0.0,0.0,1.0,1.0,1.0,8.105840862053567,SH000300
2007-01-11,2257.01,2289.95,2224.366,2231.629,2255.966,8627654800.0,68730011815.0,0.04966,1.0,-1.078791,0.0,0.0,0.0,0.0,0.0,1.0,1.0,1.0,7.966244988730889,SH000300
2007-01-12,2215.859,2249.543,2159.775,2173.747,2231.629,7652572000.0,61742830353.0,0.044027,1.0,-2.593703,0.0,0.0,0.0,0.0,0.0,1.0,1.0,1.0,8.068245598081273,SH000300
2007-01-15,2170.943,2287.684,2170.943,2287.342,2173.747,6640309700.0,57043453710.0,0.0382,1.0,5.225768,0.0,0.0,0.0,0.0,0.0,1.0,1.0,1.0,8.590480909346743,SH000300
2007-01-16,2310.963,2354.431,2297.238,2353.874,2287.342,7636425400.0,67843434156.0,0.04393,1.0,2.908703,0.0,0.0,0.0,0.0,0.0,1.0,1.0,1.0,8.884187378560656,SH000300
2007-01-17,2360.41,2393.218,2266.344,2308.931,2353.874,8901554000.0,80008901771.0,0.051208,1.0,-1.909325,0.0,0.0,0.0,0.0,0.0,1.0,1.0,1.0,8.988194844518159,SH000300
2007-01-18,2292.173,2325.528,2240.214,2317.095,2308.931,7864860600.0,69894972894.0,0.045226,1.0,0.353586,0.0,0.0,0.0,0.0,0.0,1.0,1.0,1.0,8.886994499813513,SH000300
2007-01-19,2320.873,2396.093,2320.873,2396.093,2317.095,8333402200.0,73538873546.0,0.047855,1.0,3.409357,0.0,0.0,0.0,0.0,0.0,1.0,1.0,1.0,8.824591899092546,SH000300
2007-01-22,2424.815,2491.711,2424.815,2491.313,2396.093,9389299300.0,81870488111.0,0.053919,1.0,3.973968,0.0,0.0,0.0,0.0,0.0,1.0,1.0,1.0,8.719552492165203,SH000300
2007-01-23,2508.265,2516.593,2415.111,2508.13,2491.313,10233761600.0,92812872354.0,0.05862,1.0,0.675021,0.0,0.0,0.0,0.0,0.0,1.0,1.0,1.0,9.069282242611553,SH000300
2007-01-24,2508.523,2556.099,2489.932,2536.428,2508.13,8443369700.0,80277493989.0,0.048314,1.0,1.128255,0.0,0.0,0.0,0.0,0.0,1.0,1.0,1.0,9.507755415352712,SH000300
2007-01-25,2512.459,2529.432,2449.051,2452.831,2536.428,8105515100.0,77241720261.0,0.046368,1.0,-3.295853,0.0,0.0,0.0,0.0,0.0,1.0,1.0,1.0,9.529526416032462,SH000300
2007-01-26,2415.746,2524.243,2356.982,2512.922,2452.831,7865400800.0,73275675715.0,0.044994,1.0,2.449866,0.0,0.0,0.0,0.0,0.0,1.0,1.0,1.0,9.316203659322738,SH000300
2007-01-29,2529.943,2582.405,2521.503,2576.917,2512.922,8545208500.0,79544859355.0,0.048235,1.0,2.546632,0.0,0.0,0.0,0.0,0.0,1.0,1.0,1.0,9.308709009850373,SH000300
2007-01-30,2586.523,2599.452,2531.776,2551.884,2576.917,7821152800.0,73485012977.0,0.044148,1.0,-0.97143,0.0,0.0,0.0,0.0,0.0,1.0,1.0,1.0,9.395675401841018,SH000300
2007-01-31,2544.3,2548.175,2367.67,2385.335,2551.884,8090913700.0,71945032667.0,0.045667,1.0,-6.526514,0.0,0.0,0.0,0.0,0.0,1.0,1.0,1.0,8.89207762369286,SH000300
2007-02-01,2350.596,2410.422,2310.569,2395.172,2385.335,6507809500.0,57578101142.0,0.036638,1.0,0.412402,0.0,0.0,0.0,0.0,0.0,1.0,1.0,1.0,8.84753942812862,SH000300
2007-02-02,2397.058,2403.619,2293.277,2298.003,2395.172,5937715400.0,53535112102.0,0.033428,1.0,-4.056877,0.0,0.0,0.0,0.0,0.0,1.0,1.0,1.0,9.016112847375608,SH000300
2007-02-05,2282.77,2304.318,2247.929,2271.797,2298.003,4758750600.0,42358010146.0,0.026788,1.0,-1.140373,0.0,0.0,0.0,0.0,0.0,1.0,1.0,1.0,8.901077973281474,SH000300
2007-02-06,2271.372,2316.702,2198.901,2316.04,2271.797,6701064800.0,61206502550.0,0.037721,1.0,1.947485,0.0,0.0,0.0,0.0,0.0,1.0,1.0,1.0,9.133847287971308,SH000300
2007-02-07,2330.428,2390.867,2330.428,2369.787,2316.04,7010639000.0,66203343445.0,0.039464,1.0,2.320645,0.0,0.0,0.0,0.0,0.0,1.0,1.0,1.0,9.443268073709115,SH000300
2007-02-08,2376.629,2415.959,2354.697,2410.601,2369.787,6265654000.0,58367504085.0,0.035265,1.0,1.722263,0.0,0.0,0.0,0.0,0.0,1.0,1.0,1.0,9.315468757930137,SH000300
2007-02-09,2412.644,2417.643,2376.022,2397.245,2410.601,5551553200.0,51302933998.0,0.031231,1.0,-0.554051,0.0,0.0,0.0,0.0,0.0,1.0,1.0,1.0,9.241185691600686,SH000300
2007-02-12,2397.849,2485.759,2396.786,2485.392,2397.245,5499232000.0,51709436972.0,0.030936,1.0,3.677011,0.0,0.0,0.0,0.0,0.0,1.0,1.0,1.0,9.4030288178422,SH000300
2007-02-13,2498.345,2526.227,2489.66,2522.63,2485.392,5152886200.0,48227864862.0,0.028978,1.0,1.498266,0.0,0.0,0.0,0.0,0.0,1.0,1.0,1.0,9.359388697930104,SH000300
2007-02-14,2527.56,2594.661,2520.533,2588.349,2522.63,6277727900.0,58462267865.0,0.035256,1.0,2.605187,0.0,0.0,0.0,0.0,0.0,1.0,1.0,1.0,9.312647632434022,SH000300
2007-02-15,2607.626,2669.183,2607.626,2668.633,2588.349,7163132900.0,67415688269.0,0.040229,1.0,3.101743,0.0,0.0,0.0,0.0,0.0,1.0,1.0,1.0,9.411480871589022,SH000300
2007-02-16,2692.67,2717.57,2660.486,2676.735,2668.633,7590878500.0,71597577014.0,0.042598,1.0,0.303603,0.0,0.0,0.0,0.0,0.0,1.0,1.0,1.0,9.432054144194245,SH000300
2007-02-26,2679.265,2710.301,2641.12,2707.676,2676.735,7453156000.0,70981612303.0,0.041745,1.0,1.15592,0.0,0.0,0.0,0.0,0.0,1.0,1.0,1.0,9.523698726150371,SH000300
2007-02-27,2717.812,2719.519,2454.918,2457.492,2707.676,10773680700.0,101102755625.0,0.060343,1.0,-9.239808,0.0,0.0,0.0,0.0,0.0,1.0,1.0,1.0,9.38423538252809,SH000300
2007-02-28,2413.422,2554.226,2413.327,2544.571,2457.492,8282257100.0,77148246135.0,0.04637,1.0,3.543413,0.0,0.0,0.0,0.0,0.0,1.0,1.0,1.0,9.314881825511067,SH000300
2007-03-01,2550.26,2550.328,2439.503,2473.544,2544.571,8215965500.0,74299578237.0,0.045995,1.0,-2.791319,0.0,0.0,0.0,0.0,0.0,1.0,1.0,1.0,9.043316727291515,SH000300
2007-03-02,2468.672,2523.856,2455.819,2508.729,2473.544,5794680500.0,54222099462.0,0.0324,1.0,1.422455,0.0,0.0,0.0,0.0,0.0,1.0,1.0,1.0,9.357219860870673,SH000300
2007-03-05,2503.816,2541.818,2409.715,2475.606,2508.729,6851748800.0,63071754494.0,0.038307,1.0,-1.320312,0.0,0.0,0.0,0.0,0.0,1.0,1.0,1.0,9.205205318385286,SH000300
2007-03-06,2467.741,2539.453,2452.142,2520.293,2475.606,5263315300.0,50261314068.0,0.029389,1.0,1.805094,0.0,0.0,0.0,0.0,0.0,1.0,1.0,1.0,9.549364080088457,SH000300
2007-03-07,2532.975,2594.458,2532.148,2589.436,2520.293,5972094900.0,57623239829.0,0.03329,1.0,2.743454,0.0,0.0,0.0,0.0,0.0,1.0,1.0,1.0,9.64874818533108,SH000300
2007-03-08,2597.715,2628.448,2565.109,2627.63,2589.436,5538655900.0,53907621543.0,0.030874,1.0,1.474987,0.0,0.0,0.0,0.0,0.0,1.0,1.0,1.0,9.732978996402359,SH000300
2007-03-09,2632.8,2643.809,2587.488,2611.393,2627.63,7041132600.0,67933045137.0,0.039201,1.0,-0.617926,0.0,0.0,0.0,0.0,0.0,1.0,1.0,1.0,9.648028093804113,SH000300
2007-03-12,2612.957,2619.498,2563.367,2616.172,2611.393,6246892100.0,60438197476.0,0.034771,1.0,0.183008,0.0,0.0,0.0,0.0,0.0,1.0,1.0,1.0,9.674922586865234,SH000300
2007-03-13,2620.715,2641.626,2605.234,2640.169,2616.172,6578890800.0,62061191754.0,0.036618,1.0,0.91725,0.0,0.0,0.0,0.0,0.0,1.0,1.0,1.0,9.433382258602013,SH000300
2007-03-14,2609.927,2625.123,2546.646,2597.357,2640.169,6895208800.0,66581939459.0,0.038379,1.0,-1.621563,0.0,0.0,0.0,0.0,0.0,1.0,1.0,1.0,9.656261527424666,SH000300
2007-03-15,2595.543,2645.877,2595.543,2645.546,2597.357,6377848900.0,63266778524.0,0.035432,1.0,1.855308,0.0,0.0,0.0,0.0,0.0,1.0,1.0,1.0,9.919767544822205,SH000300
2007-03-16,2656.009,2665.39,2576.316,2604.226,2645.546,7533185000.0,74777024467.0,0.041843,1.0,-1.561864,0.0,0.0,0.0,0.0,0.0,1.0,1.0,1.0,9.926349142759669,SH000300
2007-03-19,2533.711,2674.798,2523.302,2659.413,2604.226,7398356600.0,72943661095.0,0.041094,1.0,2.119133,0.0,0.0,0.0,0.0,0.0,1.0,1.0,1.0,9.859441094661483,SH000300
2007-03-20,2669.635,2674.47,2645.25,2672.771,2659.413,6124972600.0,61741482419.0,0.033996,1.0,0.502288,0.0,0.0,0.0,0.0,0.0,1.0,1.0,1.0,10.080287121447695,SH000300
2007-03-21,2685.925,2702.998,2666.891,2702.597,2672.771,6461295700.0,68369315608.0,0.03586,1.0,1.115918,0.0,0.0,0.0,0.0,0.0,1.0,1.0,1.0,10.581363055091257,SH000300
2007-03-22,2720.459,2740.28,2702.414,2711.322,2702.597,8330807400.0,86036277732.0,0.046226,1.0,0.322841,0.0,0.0,0.0,0.0,0.0,1.0,1.0,1.0,10.327483712082937,SH000300
2007-03-23,2710.362,2726.62,2653.794,2716.266,2711.322,7391191900.0,76304490420.0,0.041006,1.0,0.18235,0.0,0.0,0.0,0.0,0.0,1.0,1.0,1.0,10.32370576388363,SH000300
2007-03-26,2725.397,2764.398,2713.926,2764.034,2716.266,7607477300.0,77796101199.0,0.042206,1.0,1.758584,0.0,0.0,0.0,0.0,0.0,1.0,1.0,1.0,10.22626793759871,SH000300
2007-03-27,2770.348,2789.967,2753.017,2784.023,2764.034,8072512700.0,84018394699.0,0.044779,1.0,0.723183,0.0,0.0,0.0,0.0,0.0,1.0,1.0,1.0,10.407960671155092,SH000300
2007-03-28,2787.239,2806.077,2689.114,2797.649,2784.023,11220997000.0,112146081864.0,0.062174,1.0,0.489435,0.0,0.0,0.0,0.0,0.0,1.0,1.0,1.0,9.994306376162475,SH000300
2007-03-29,2802.377,2830.082,2782.93,2783.305,2797.649,10656723900.0,113233436267.0,0.058943,1.0,-0.512716,0.0,0.0,0.0,0.0,0.0,1.0,1.0,1.0,10.625539080260866,SH000300
2007-03-30,2768.71,2801.945,2753.147,2781.784,2783.305,6295070600.0,66536969255.0,0.03462,1.0,-0.054647,0.0,0.0,0.0,0.0,0.0,1.0,1.0,1.0,10.569693889533186,SH000300
2007-04-02,2793.957,2850.152,2793.957,2850.107,2781.784,6924788300.0,76680507856.0,0.037973,1.0,2.456086,0.0,0.0,0.0,0.0,0.0,1.0,1.0,1.0,11.073336040612245,SH000300
2007-04-03,2861.898,2888.329,2852.571,2888.115,2850.107,7701449500.0,87091853081.0,0.042193,1.0,1.333566,0.0,0.0,0.0,0.0,0.0,1.0,1.0,1.0,11.308501481571748,SH000300
2007-04-04,2893.377,2924.676,2875.685,2911.821,2888.115,7550665800.0,88456071223.0,0.041162,1.0,0.820814,0.0,0.0,0.0,0.0,0.0,1.0,1.0,1.0,11.715002831008624,SH000300
2007-04-05,2909.5,2950.659,2895.416,2945.045,2911.821,7413899100.0,85195598382.0,0.040414,1.0,1.141,0.0,0.0,0.0,0.0,0.0,1.0,1.0,1.0,11.491335022619879,SH000300
2007-04-06,2921.727,2977.459,2911.052,2972.008,2945.045,7910232800.0,93049572083.0,0.042989,1.0,0.915542,0.0,0.0,0.0,0.0,0.0,1.0,1.0,1.0,11.763190090056515,SH000300
2007-04-09,2988.377,3043.06,2988.377,3038.172,2972.008,9090170500.0,106218793512.0,0.049365,1.0,2.226241,0.0,0.0,0.0,0.0,0.0,1.0,1.0,1.0,11.68501663549655,SH000300
2007-04-10,3053.355,3081.617,2993.114,3081.568,3038.172,10088834200.0,119702215987.0,0.054667,1.0,1.428359,0.0,0.0,0.0,0.0,0.0,1.0,1.0,1.0,11.864821406917363,SH000300
2007-04-11,3092.085,3121.537,3059.283,3121.319,3081.568,10166993500.0,124218923127.0,0.05508,1.0,1.289959,0.0,0.0,0.0,0.0,0.0,1.0,1.0,1.0,12.217861959585202,SH000300
2007-04-12,3129.247,3176.69,3114.911,3176.437,3121.319,9253518600.0,118434112266.0,0.050066,1.0,1.765853,0.0,0.0,0.0,0.0,0.0,1.0,1.0,1.0,12.798819280052022,SH000300
2007-04-13,3182.777,3211.607,3154.106,3169.233,3176.437,10065311600.0,129728360741.0,0.054449,1.0,-0.226798,0.0,0.0,0.0,0.0,0.0,1.0,1.0,1.0,12.888658185306454,SH000300
2007-04-16,3177.303,3256.566,3177.291,3255.998,3169.233,8792894000.0,112706594206.0,0.047404,1.0,2.737733,0.0,0.0,0.0,0.0,0.0,1.0,1.0,1.0,12.817917992187782,SH000300
2007-04-17,3273.43,3288.166,3182.951,3283.604,3255.998,10530710500.0,133823425844.0,0.05677,1.0,0.847849,0.0,0.0,0.0,0.0,0.0,1.0,1.0,1.0,12.707919930378866,SH000300
2007-04-18,3294.213,3311.981,3244.934,3304.501,3283.604,10142670700.0,129242252479.0,0.054531,1.0,0.636404,0.0,0.0,0.0,0.0,0.0,1.0,1.0,1.0,12.742428133745879,SH000300
2007-04-19,3297.946,3297.946,3065.282,3150.303,3304.501,11527000900.0,143830321586.0,0.061258,1.0,-4.666302,0.0,0.0,0.0,0.0,0.0,1.0,1.0,1.0,12.47768806767422,SH000300
2007-04-20,3165.674,3297.41,3165.674,3289.282,3150.303,9446986900.0,118620474966.0,0.049861,1.0,4.411608,0.0,0.0,0.0,0.0,0.0,1.0,1.0,1.0,12.556434789382422,SH000300
2007-04-23,3330.798,3433.519,3330.798,3431.318,3289.282,10995899100.0,137583437710.0,0.057983,1.0,4.31815,0.0,0.0,0.0,0.0,0.0,1.0,1.0,1.0,12.512249926884106,SH000300
2007-04-24,3462.48,3490.814,3418.301,3445.196,3431.318,11464300600.0,149412298461.0,0.060387,1.0,0.404449,0.0,0.0,0.0,0.0,0.0,1.0,1.0,1.0,13.032831541507207,SH000300
2007-04-25,3432.024,3467.828,3376.084,3448.281,3445.196,10058066900.0,129089171524.0,0.05298,1.0,0.089544,0.0,0.0,0.0,0.0,0.0,1.0,1.0,1.0,12.834391817775641,SH000300
2007-04-26,3465.112,3493.909,3438.879,3493.581,3448.281,7899769000.0,107807045971.0,0.041558,1.0,1.313699,0.0,0.0,0.0,0.0,0.0,1.0,1.0,1.0,13.646860556428928,SH000300
2007-04-27,3499.941,3503.885,3436.002,3470.523,3493.581,8069863600.0,113722809802.0,0.042432,1.0,-0.660013,0.0,0.0,0.0,0.0,0.0,1.0,1.0,1.0,14.092284013573662,SH000300
2007-04-30,3487.358,3568.684,3478.928,3558.709,3470.523,9430286400.0,138081371497.0,0.049328,1.0,2.541001,0.0,0.0,0.0,0.0,0.0,1.0,1.0,1.0,14.642330639820228,SH000300
2007-05-08,3643.813,3699.367,3618.782,3686.03,3558.709,10678873200.0,153677419723.0,0.055654,1.0,3.577731,0.0,0.0,0.0,0.0,0.0,1.0,1.0,1.0,14.390789818817213,SH000300
2007-05-09,3699.296,3717.34,3556.615,3701.277,3686.03,14064835800.0,189060473164.0,0.073281,1.0,0.413645,0.0,0.0,0.0,0.0,0.0,1.0,1.0,1.0,13.442067568538553,SH000300
2007-05-10,3703.525,3742.231,3671.813,3724.51,3701.277,11541992200.0,153159215466.0,0.060068,1.0,0.6277,0.0,0.0,0.0,0.0,0.0,1.0,1.0,1.0,13.269738257664045,SH000300
2007-05-11,3696.294,3715.366,3629.713,3702.612,3724.51,8896176100.0,133773914663.0,0.046227,1.0,-0.587942,0.0,0.0,0.0,0.0,0.0,1.0,1.0,1.0,15.037237702949698,SH000300
2007-05-14,3648.269,3769.159,3620.861,3734.42,3702.612,9109804900.0,137156727352.0,0.046829,1.0,0.859066,0.0,0.0,0.0,0.0,0.0,1.0,1.0,1.0,15.055945638528438,SH000300
2007-05-15,3739.049,3751.642,3600.207,3604.636,3734.42,9357856800.0,138220188526.0,0.048103,1.0,-3.475344,0.0,0.0,0.0,0.0,0.0,1.0,1.0,1.0,14.77049622366523,SH000300
2007-05-16,3597.997,3700.646,3557.198,3700.287,3604.636,8622926800.0,126693808241.0,0.043913,1.0,2.653558,0.0,0.0,0.0,0.0,0.0,1.0,1.0,1.0,14.69266887908639,SH000300
2007-05-17,3716.438,3794.16,3705.275,3778.605,3700.287,9025647800.0,135459100312.0,0.045882,1.0,2.116535,0.0,0.0,0.0,0.0,0.0,1.0,1.0,1.0,15.00824132667796,SH000300
2007-05-18,3771.271,3805.208,3746.242,3776.629,3778.605,8241889800.0,120741772539.0,0.041693,1.0,-0.052296,0.0,0.0,0.0,0.0,0.0,1.0,1.0,1.0,14.649767889277044,SH000300
2007-05-21,3650.803,3843.837,3643.076,3831.443,3776.629,9847865000.0,145129793994.0,0.049674,1.0,1.451406,0.0,0.0,0.0,0.0,0.0,1.0,1.0,1.0,14.737183541204109,SH000300
2007-05-22,3849.043,3893.192,3849.043,3870.489,3831.443,10961818400.0,161323370263.0,0.055163,1.0,1.019091,0.0,0.0,0.0,0.0,0.0,1.0,1.0,1.0,14.716843900917024,SH000300
2007-05-23,3879.759,3939.492,3853.908,3938.945,3870.489,9852317100.0,147494467235.0,0.04958,1.0,1.768667,0.0,0.0,0.0,0.0,0.0,1.0,1.0,1.0,14.970535939713105,SH000300
2007-05-24,3953.887,3972.584,3858.513,3919.748,3938.945,11381426400.0,172374226755.0,0.056888,1.0,-0.487365,0.0,0.0,0.0,0.0,0.0,1.0,1.0,1.0,15.145221758408068,SH000300
2007-05-25,3907.73,3996.853,3888.308,3985.252,3919.748,9541661500.0,150809050028.0,0.047568,1.0,1.671125,0.0,0.0,0.0,0.0,0.0,1.0,1.0,1.0,15.805323845118588,SH000300
2007-05-28,4033.921,4091.935,4027.363,4072.578,3985.252,11404185100.0,183212932635.0,0.056846,1.0,2.191227,0.0,0.0,0.0,0.0,0.0,1.0,1.0,1.0,16.065412042023063,SH000300
2007-05-29,4090.903,4168.529,4079.868,4168.289,4072.578,11326722700.0,179476688188.0,0.056064,1.0,2.350137,0.0,0.0,0.0,0.0,0.0,1.0,1.0,1.0,15.845420863706675,SH000300
2007-05-30,3906.041,4104.2,3849.701,3886.459,4168.289,13273914000.0,210318902841.0,0.065651,1.0,-6.76129,0.0,0.0,0.0,0.0,0.0,1.0,1.0,1.0,15.84452806014865,SH000300
2007-05-31,3828.716,3991.73,3683.562,3927.952,3886.459,12607824800.0,193671975961.0,0.062278,1.0,1.067628,0.0,0.0,0.0,0.0,0.0,1.0,1.0,1.0,15.361252161514807,SH000300
2007-06-01,3953.1,4014.153,3780.029,3803.954,3927.952,11993793900.0,193980269332.0,0.059105,1.0,-3.156806,0.0,0.0,0.0,0.0,0.0,1.0,1.0,1.0,16.173386915711465,SH000300
2007-06-04,3804.958,3822.409,3503.939,3511.431,3803.954,9053101900.0,131296201550.0,0.044536,1.0,-7.689977,0.0,0.0,0.0,0.0,0.0,1.0,1.0,1.0,14.502896686714639,SH000300
2007-06-05,3406.999,3635.153,3246.733,3634.633,3511.431,11376803800.0,150764921394.0,0.055903,1.0,3.508602,0.0,0.0,0.0,0.0,0.0,1.0,1.0,1.0,13.251957583552597,SH000300
2007-06-06,3652.893,3712.528,3550.737,3677.58,3634.633,9595151000.0,135938464230.0,0.047109,1.0,1.181605,0.0,0.0,0.0,0.0,0.0,1.0,1.0,1.0,14.167412709815615,SH000300
2007-06-07,3694.55,3802.304,3684.459,3802.304,3677.58,9419058100.0,137228579079.0,0.046244,1.0,3.391466,0.0,0.0,0.0,0.0,0.0,1.0,1.0,1.0,14.569246481131696,SH000300
2007-06-08,3814.185,3861.206,3769.151,3837.867,3802.304,8907474200.0,136650655463.0,0.04357,1.0,0.935301,0.0,0.0,0.0,0.0,0.0,1.0,1.0,1.0,15.341122791352008,SH000300
2007-06-11,3876.067,3937.793,3870.234,3931.862,3837.867,9098227700.0,140519100272.0,0.044223,1.0,2.44915,0.0,0.0,0.0,0.0,0.0,1.0,1.0,1.0,15.444667346806456,SH000300
2007-06-12,3953.959,4036.355,3834.018,4036.109,3931.862,9938977400.0,158102391031.0,0.04831,1.0,2.651335,0.0,0.0,0.0,0.0,0.0,1.0,1.0,1.0,15.907309642438667,SH000300
2007-06-13,4071.735,4146.522,4064.146,4118.268,4036.109,10945294500.0,165908854362.0,0.053176,1.0,2.035604,0.0,0.0,0.0,0.0,0.0,1.0,1.0,1.0,15.15800733931828,SH000300
2007-06-14,4103.523,4132.004,4022.78,4075.821,4118.268,8660918000.0,133792269965.0,0.042028,1.0,-1.030701,0.0,0.0,0.0,0.0,0.0,1.0,1.0,1.0,15.447816266705216,SH000300
2007-06-15,4043.111,4115.725,4025.1,4099.381,4075.821,6877960000.0,109234266882.0,0.033376,1.0,0.578039,0.0,0.0,0.0,0.0,0.0,1.0,1.0,1.0,15.881782807983763,SH000300
2007-06-18,4178.762,4246.4,4177.19,4227.569,4099.381,8787291300.0,141848326711.0,0.042582,1.0,3.127009,0.0,0.0,0.0,0.0,0.0,1.0,1.0,1.0,16.14244047093329,SH000300
2007-06-19,4227.592,4254.715,4186.176,4253.0,4227.569,8154047100.0,130523272510.0,0.039502,1.0,0.601555,0.0,0.0,0.0,0.0,0.0,1.0,1.0,1.0,16.007176670588525,SH000300
2007-06-20,4268.655,4292.198,4138.331,4157.599,4253.0,8686301500.0,141060757569.0,0.04208,1.0,-2.243143,0.0,0.0,0.0,0.0,0.0,1.0,1.0,1.0,16.239449847440824,SH000300
2007-06-21,4140.693,4208.872,4110.959,4197.28,4157.599,7373947100.0,121783095857.0,0.035672,1.0,0.954413,0.0,0.0,0.0,0.0,0.0,1.0,1.0,1.0,16.51531997795319,SH000300
2007-06-22,4203.134,4220.923,3970.346,4051.426,4197.28,7955237400.0,127747673843.0,0.038469,1.0,-3.474959,0.0,0.0,0.0,0.0,0.0,1.0,1.0,1.0,16.058310697679495,SH000300
2007-06-25,4066.453,4105.986,3850.84,3877.59,4051.426,7003104400.0,113432698719.0,0.033734,1.0,-4.290735,0.0,0.0,0.0,0.0,0.0,1.0,1.0,1.0,16.197487891084418,SH000300
2007-06-26,3804.413,3929.371,3752.926,3928.213,3877.59,5888511400.0,87867741985.0,0.028358,1.0,1.305522,0.0,0.0,0.0,0.0,0.0,1.0,1.0,1.0,14.921893839757193,SH000300
2007-06-27,3946.876,4053.413,3912.199,4040.484,3928.213,6529052000.0,102131620083.0,0.031351,1.0,2.858068,0.0,0.0,0.0,0.0,0.0,1.0,1.0,1.0,15.642641547808166,SH000300
2007-06-28,4038.378,4067.811,3857.848,3858.522,4040.484,6685798000.0,98372047260.0,0.032075,1.0,-4.503469,0.0,0.0,0.0,0.0,0.0,1.0,1.0,1.0,14.713583518377312,SH000300
2007-06-29,3769.331,3867.748,3718.161,3764.078,3858.522,5892087000.0,88527586075.0,0.028251,1.0,-2.447675,0.0,0.0,0.0,0.0,0.0,1.0,1.0,1.0,15.02482669977548,SH000300
2007-07-02,3746.175,3801.904,3644.187,3757.655,3764.078,4974731000.0,71995865464.0,0.023711,1.0,-0.170635,0.0,0.0,0.0,0.0,0.0,1.0,1.0,1.0,14.472313269601914,SH000300
2007-07-03,3782.778,3835.289,3744.015,3832.227,3757.655,4640912600.0,68887494467.0,0.02212,1.0,1.984536,0.0,0.0,0.0,0.0,0.0,1.0,1.0,1.0,14.843523333535735,SH000300
2007-07-04,3840.412,3848.076,3727.562,3743.582,3832.227,3823371600.0,59055648042.0,0.018223,1.0,-2.313146,0.0,0.0,0.0,0.0,0.0,1.0,1.0,1.0,15.44596084827329,SH000300
2007-07-05,3688.312,3706.597,3535.042,3537.435,3743.582,4322552700.0,61324055987.0,0.020526,1.0,-5.506677,0.0,0.0,0.0,0.0,0.0,1.0,1.0,1.0,14.18700019250199,SH000300
2007-07-06,3517.599,3712.742,3475.271,3710.283,3537.435,5136651200.0,71894989944.0,0.024371,1.0,4.88625,0.0,0.0,0.0,0.0,0.0,1.0,1.0,1.0,13.996471075162745,SH000300
2007-07-09,3743.869,3840.988,3722.231,3821.302,3710.283,5407311300.0,79270989350.0,0.025655,1.0,2.992199,0.0,0.0,0.0,0.0,0.0,1.0,1.0,1.0,14.659964065690096,SH000300
2007-07-10,3832.756,3852.933,3764.249,3775.621,3821.302,5190786800.0,77184567956.0,0.024628,1.0,-1.195428,0.0,0.0,0.0,0.0,0.0,1.0,1.0,1.0,14.869531523814462,SH000300
2007-07-11,3751.489,3797.811,3732.294,3789.874,3775.621,3362890700.0,51532285679.0,0.015916,1.0,0.377499,0.0,0.0,0.0,0.0,0.0,1.0,1.0,1.0,15.323806295280427,SH000300
2007-07-12,3799.185,3839.206,3780.028,3816.921,3789.874,3136811900.0,45968043226.0,0.014846,1.0,0.713662,0.0,0.0,0.0,0.0,0.0,1.0,1.0,1.0,14.654383077926987,SH000300
2007-07-13,3825.033,3829.679,3773.929,3820.124,3816.921,2689324200.0,38615513802.0,0.012727,1.0,0.083919,0.0,0.0,0.0,0.0,0.0,1.0,1.0,1.0,14.358816910954804,SH000300
2007-07-16,3824.911,3830.372,3697.217,3697.966,3820.124,2993185700.0,44462951258.0,0.014165,1.0,-3.197749,0.0,0.0,0.0,0.0,0.0,1.0,1.0,1.0,14.85472527080428,SH000300
2007-07-17,3684.335,3812.253,3650.253,3789.651,3697.966,3255385000.0,50158226605.0,0.015406,1.0,2.479331,0.0,0.0,0.0,0.0,0.0,1.0,1.0,1.0,15.407771002508152,SH000300
2007-07-18,3776.94,3861.509,3756.704,3807.574,3789.651,4597582300.0,69467831664.0,0.021758,1.0,0.472948,0.0,0.0,0.0,0.0,0.0,1.0,1.0,1.0,15.109643967439148,SH000300
2007-07-19,3796.915,3836.385,3778.509,3806.997,3807.574,3025846700.0,45728488495.0,0.014314,1.0,-0.015151,0.0,0.0,0.0,0.0,0.0,1.0,1.0,1.0,15.112625664413203,SH000300
2007-07-20,3808.082,3971.892,3808.082,3971.884,3806.997,5527112100.0,81556214966.0,0.026146,1.0,4.331155,0.0,0.0,0.0,0.0,0.0,1.0,1.0,1.0,14.755665072543037,SH000300
2007-07-23,4009.063,4157.392,4009.063,4156.723,3971.884,8527618600.0,125824176741.0,0.040337,1.0,4.653688,0.0,0.0,0.0,0.0,0.0,1.0,1.0,1.0,14.754902000542097,SH000300
2007-07-24,4187.327,4241.581,4143.588,4161.352,4156.723,7609073500.0,112024884957.0,0.035992,1.0,0.11136,0.0,0.0,0.0,0.0,0.0,1.0,1.0,1.0,14.72253947303834,SH000300
2007-07-25,4163.364,4256.054,4163.348,4255.463,4161.352,6459776600.0,101771761398.0,0.030526,1.0,2.261545,0.0,0.0,0.0,0.0,0.0,1.0,1.0,1.0,15.754687460553976,SH000300
2007-07-26,4282.676,4325.931,4244.079,4303.185,4255.463,6549024300.0,103986605581.0,0.03094,1.0,1.121433,0.0,0.0,0.0,0.0,0.0,1.0,1.0,1.0,15.878182889167169,SH000300
2007-07-27,4277.551,4318.343,4225.029,4307.143,4303.185,6502110900.0,105910068484.0,0.03071,1.0,0.091979,0.0,0.0,0.0,0.0,0.0,1.0,1.0,1.0,16.288566915092144,SH000300
2007-07-30,4305.178,4426.307,4303.732,4410.297,4307.143,7544158300.0,121083501332.0,0.035475,1.0,2.394948,0.0,0.0,0.0,0.0,0.0,1.0,1.0,1.0,16.049968269091067,SH000300
2007-07-31,4402.518,4467.647,4359.592,4460.564,4410.297,7137504200.0,118858591415.0,0.033544,1.0,1.139767,0.0,0.0,0.0,0.0,0.0,1.0,1.0,1.0,16.65268251821134,SH000300
2007-08-01,4479.299,4496.249,4271.055,4290.477,4460.564,7936166500.0,128911216769.0,0.037264,1.0,-3.813126,0.0,0.0,0.0,0.0,0.0,1.0,1.0,1.0,16.24351212502913,SH000300
2007-08-02,4311.599,4449.402,4303.975,4436.192,4290.477,6288753800.0,108357964805.0,0.029528,1.0,3.396239,0.0,0.0,0.0,0.0,0.0,1.0,1.0,1.0,17.230435194489566,SH000300
2007-08-03,4472.894,4599.248,4472.894,4598.379,4436.192,7819047300.0,141287524336.0,0.036714,1.0,3.655996,0.0,0.0,0.0,0.0,0.0,1.0,1.0,1.0,18.069659757142023,SH000300
2007-08-06,4642.78,4704.188,4623.489,4703.984,4598.379,7616427100.0,136599019538.0,0.035729,1.0,2.29657,0.0,0.0,0.0,0.0,0.0,1.0,1.0,1.0,17.934789862033867,SH000300
2007-08-07,4715.389,4771.584,4634.868,4724.547,4703.984,8384713300.0,154638115713.0,0.039333,1.0,0.43714,0.0,0.0,0.0,0.0,0.0,1.0,1.0,1.0,18.442862645404944,SH000300
2007-08-08,4679.22,4741.448,4579.404,4668.087,4724.547,8898800100.0,135476625298.0,0.041744,1.0,-1.195034,0.0,0.0,0.0,0.0,0.0,1.0,1.0,1.0,15.224145252796498,SH000300
2007-08-09,4666.421,4779.143,4666.204,4777.286,4668.087,7202578600.0,117191335497.0,0.033787,1.0,2.339271,0.0,0.0,0.0,0.0,0.0,1.0,1.0,1.0,16.270747187264295,SH000300
2007-08-10,4765.852,4771.606,4631.043,4726.683,4777.286,7496288100.0,123598269748.0,0.035152,1.0,-1.059242,0.0,0.0,0.0,0.0,0.0,1.0,1.0,1.0,16.487929505804345,SH000300
2007-08-13,4724.516,4767.08,4663.199,4721.192,4726.683,8576316700.0,137189538115.0,0.040165,1.0,-0.116175,0.0,0.0,0.0,0.0,0.0,1.0,1.0,1.0,15.996323703274623,SH000300
2007-08-14,4721.446,4803.567,4704.148,4795.568,4721.192,6115791100.0,105536840149.0,0.028627,1.0,1.575364,0.0,0.0,0.0,0.0,0.0,1.0,1.0,1.0,17.256449480264294,SH000300
2007-08-15,4804.676,4836.587,4697.97,4798.75,4795.568,6346642700.0,109902913351.0,0.029674,1.0,0.066356,0.0,0.0,0.0,0.0,0.0,1.0,1.0,1.0,17.316700899358963,SH000300
2007-08-16,4772.356,4772.97,4665.21,4721.942,4798.75,6359479400.0,110214697826.0,0.029626,1.0,-1.600586,0.0,0.0,0.0,0.0,0.0,1.0,1.0,1.0,17.330773620557682,SH000300
2007-08-17,4694.2,4774.988,4616.966,4626.583,4721.942,6365212000.0,111565219727.0,0.029646,1.0,-2.019485,0.0,0.0,0.0,0.0,0.0,1.0,1.0,1.0,17.52733761687749,SH000300
2007-08-20,4749.204,4885.835,4747.27,4885.427,4626.583,6781220400.0,119259346490.0,0.031455,1.0,5.594707,0.0,0.0,0.0,0.0,0.0,1.0,1.0,1.0,17.586708506038235,SH000300
2007-08-21,4915.524,4995.527,4909.844,4972.711,4885.427,7444059300.0,132902401512.0,0.03451,1.0,1.786623,0.0,0.0,0.0,0.0,0.0,1.0,1.0,1.0,17.853485061839848,SH000300
2007-08-22,4899.93,5075.892,4887.139,5051.688,4972.711,7402892500.0,138722276010.0,0.034313,1.0,1.588209,0.0,0.0,0.0,0.0,0.0,1.0,1.0,1.0,18.738928872734544,SH000300
2007-08-23,5075.51,5154.846,5028.124,5135.93,5051.688,6805188200.0,130873214318.0,0.031528,1.0,1.667605,0.0,0.0,0.0,0.0,0.0,1.0,1.0,1.0,19.231387945744103,SH000300
2007-08-24,5161.15,5231.154,5158.033,5217.581,5135.93,7376987500.0,134546099482.0,0.034127,1.0,1.589797,0.0,0.0,0.0,0.0,0.0,1.0,1.0,1.0,18.238623758275313,SH000300
2007-08-27,5250.619,5296.571,5191.28,5243.147,5217.581,8263145400.0,149375480466.0,0.038144,1.0,0.489996,0.0,0.0,0.0,0.0,0.0,1.0,1.0,1.0,18.077314779672157,SH000300
2007-08-28,5220.639,5270.302,5136.614,5251.77,5243.147,7506678900.0,140419665162.0,0.034583,1.0,0.164463,0.0,0.0,0.0,0.0,0.0,1.0,1.0,1.0,18.705963986550696,SH000300
2007-08-29,5215.655,5283.333,5138.336,5171.822,5251.77,7292945600.0,138983549273.0,0.033599,1.0,-1.52231,0.0,0.0,0.0,0.0,0.0,1.0,1.0,1.0,19.057258465358633,SH000300
2007-08-30,5193.726,5247.572,5175.997,5241.228,5171.822,6729849000.0,123820181450.0,0.031,1.0,1.342008,0.0,0.0,0.0,0.0,0.0,1.0,1.0,1.0,18.398656708345165,SH000300
2007-08-31,5255.091,5307.417,5219.989,5296.813,5241.228,6678035700.0,122862402252.0,0.030698,1.0,1.060533,0.0,0.0,0.0,0.0,0.0,1.0,1.0,1.0,18.397985241678178,SH000300
2007-09-03,5335.049,5433.745,5335.049,5419.169,5296.813,8284916600.0,149612423441.0,0.03808,1.0,2.309992,0.0,0.0,0.0,0.0,0.0,1.0,1.0,1.0,18.05841032135435,SH000300
2007-09-04,5421.254,5429.206,5333.494,5360.333,5419.169,7991483200.0,147686666917.0,0.036706,1.0,-1.0857,0.0,0.0,0.0,0.0,0.0,1.0,1.0,1.0,18.480507713136404,SH000300
2007-09-05,5357.553,5389.325,5265.064,5363.251,5360.333,6536490200.0,122740698495.0,0.030004,1.0,0.054436,0.0,0.0,0.0,0.0,0.0,1.0,1.0,1.0,18.777768303699133,SH000300
2007-09-06,5389.486,5448.84,5365.497,5412.037,5363.251,7060857400.0,128581017849.0,0.032391,1.0,0.909637,0.0,0.0,0.0,0.0,0.0,1.0,1.0,1.0,18.210397203178186,SH000300
2007-09-07,5382.911,5402.715,5284.65,5294.795,5412.037,7929888000.0,145930428783.0,0.036377,1.0,-2.166323,0.0,0.0,0.0,0.0,0.0,1.0,1.0,1.0,18.40258384267218,SH000300
2007-09-10,5226.736,5380.456,5182.101,5377.222,5294.795,6509567200.0,116768981158.0,0.029849,1.0,1.55676,0.0,0.0,0.0,0.0,0.0,1.0,1.0,1.0,17.938056028978394,SH000300
2007-09-11,5384.559,5413.999,5104.347,5124.092,5377.222,6880669000.0,127249654110.0,0.031551,1.0,-4.707456,0.0,0.0,0.0,0.0,0.0,1.0,1.0,1.0,18.49379095404822,SH000300
2007-09-12,5102.576,5212.652,5059.464,5202.856,5124.092,6157225300.0,113773908567.0,0.028218,1.0,1.537134,0.0,0.0,0.0,0.0,0.0,1.0,1.0,1.0,18.47811360207982,SH000300
2007-09-13,5230.645,5351.575,5212.03,5349.97,5202.856,5974692900.0,118934715196.0,0.02738,1.0,2.827567,0.0,0.0,0.0,0.0,0.0,1.0,1.0,1.0,19.90641480434919,SH000300
2007-09-14,5362.465,5405.854,5274.221,5397.278,5349.97,6029562600.0,118739158220.0,0.027631,1.0,0.884259,0.0,0.0,0.0,0.0,0.0,1.0,1.0,1.0,19.69283115494978,SH000300
2007-09-17,5389.501,5504.771,5387.68,5498.908,5397.278,6940313200.0,131402296810.0,0.031782,1.0,1.882993,0.0,0.0,0.0,0.0,0.0,1.0,1.0,1.0,18.933194082653216,SH000300
2007-09-18,5524.099,5533.532,5405.184,5476.839,5498.908,7162181000.0,140263032451.0,0.032798,1.0,-0.40134,0.0,0.0,0.0,0.0,0.0,1.0,1.0,1.0,19.583843587728374,SH000300
2007-09-19,5487.377,5498.594,5385.424,5419.268,5476.839,5588006500.0,110132780632.0,0.025541,1.0,-1.051168,0.0,0.0,0.0,0.0,0.0,1.0,1.0,1.0,19.70877818986073,SH000300
2007-09-20,5436.641,5501.399,5430.309,5494.915,5419.268,5671213600.0,113725795104.0,0.025919,1.0,1.395889,0.0,0.0,0.0,0.0,0.0,1.0,1.0,1.0,20.053167298089424,SH000300
2007-09-21,5508.505,5516.107,5357.504,5468.098,5494.915,6110635600.0,121125874981.0,0.027927,1.0,-0.488031,0.0,0.0,0.0,0.0,0.0,1.0,1.0,1.0,19.82214010290517,SH000300
2007-09-24,5481.382,5541.134,5400.679,5513.895,5468.098,5418481700.0,116678459265.0,0.02476,1.0,0.837528,0.0,0.0,0.0,0.0,0.0,1.0,1.0,1.0,21.53342314785339,SH000300
2007-09-25,5524.016,5540.873,5423.525,5454.615,5513.895,4532623000.0,95494833346.0,0.020712,1.0,-1.075098,0.0,0.0,0.0,0.0,0.0,1.0,1.0,1.0,21.068337990165958,SH000300
2007-09-26,5433.63,5489.858,5338.305,5361.021,5454.615,3917115600.0,84077769516.0,0.017899,1.0,-1.715872,0.0,0.0,0.0,0.0,0.0,1.0,1.0,1.0,21.4642043027783,SH000300
2007-09-27,5364.529,5429.052,5338.044,5427.657,5361.021,3375905600.0,71569513515.0,0.015415,1.0,1.242976,0.0,0.0,0.0,0.0,0.0,1.0,1.0,1.0,21.20009324757185,SH000300
2007-09-28,5479.853,5590.849,5479.853,5580.813,5427.657,4851462000.0,104224265195.0,0.022132,1.0,2.821765,0.0,0.0,0.0,0.0,0.0,1.0,1.0,1.0,21.48306328999382,SH000300
2007-10-08,5703.28,5715.907,5617.097,5653.136,5580.813,6644970300.0,128709142343.0,0.030211,1.0,1.295927,0.0,0.0,0.0,0.0,0.0,1.0,1.0,1.0,19.36940821887496,SH000300
2007-10-09,5638.633,5682.967,5582.771,5675.927,5653.136,5363349000.0,107594055433.0,0.024386,1.0,0.403148,0.0,0.0,0.0,0.0,0.0,1.0,1.0,1.0,20.060983432739505,SH000300
2007-10-10,5694.986,5776.209,5653.789,5685.759,5675.927,6399445500.0,128506102704.0,0.029092,1.0,0.173223,0.0,0.0,0.0,0.0,0.0,1.0,1.0,1.0,20.08081836215341,SH000300
2007-10-11,5695.128,5761.216,5650.104,5760.078,5685.759,6514110100.0,137428901787.0,0.029553,1.0,1.307114,0.0,0.0,0.0,0.0,0.0,1.0,1.0,1.0,21.09711068392903,SH000300
2007-10-12,5777.898,5796.28,5485.564,5737.221,5760.078,7800106400.0,160588747295.0,0.035374,1.0,-0.396816,0.0,0.0,0.0,0.0,0.0,1.0,1.0,1.0,20.588020093546415,SH000300
2007-10-15,5761.869,5824.976,5690.07,5821.447,5737.221,7068211100.0,155052082135.0,0.032038,1.0,1.468055,0.0,0.0,0.0,0.0,0.0,1.0,1.0,1.0,21.93653810580162,SH000300
2007-10-16,5851.538,5885.484,5815.609,5877.202,5821.447,6469204900.0,135092342876.0,0.028607,1.0,0.957758,0.0,0.0,0.0,0.0,0.0,1.0,1.0,1.0,20.88237193971086,SH000300
2007-10-17,5862.378,5891.723,5797.611,5824.117,5877.202,4886976800.0,108328401236.0,0.021611,1.0,-0.903235,0.0,0.0,0.0,0.0,0.0,1.0,1.0,1.0,22.16675168910153,SH000300
2007-10-18,5813.239,5813.239,5593.988,5615.747,5824.117,4859563000.0,106494804569.0,0.021468,1.0,-3.577711,0.0,0.0,0.0,0.0,0.0,1.0,1.0,1.0,21.91448172788376,SH000300
2007-10-19,5651.032,5711.497,5563.783,5614.06,5615.747,3846645700.0,84971542142.0,0.016993,1.0,-0.030041,0.0,0.0,0.0,0.0,0.0,1.0,1.0,1.0,22.08977607217634,SH000300
2007-10-22,5543.793,5594.497,5465.854,5472.677,5614.06,3586749900.0,74730406208.0,0.015845,1.0,-2.518379,0.0,0.0,0.0,0.0,0.0,1.0,1.0,1.0,20.835131607029528,SH000300
2007-10-23,5467.832,5541.957,5373.05,5540.09,5472.677,4189680000.0,90014313511.0,0.018442,1.0,1.231812,0.0,0.0,0.0,0.0,0.0,1.0,1.0,1.0,21.484770557894635,SH000300
2007-10-24,5564.478,5644.973,5553.326,5588.014,5540.09,4466123800.0,99449964402.0,0.019645,1.0,0.865046,0.0,0.0,0.0,0.0,0.0,1.0,1.0,1.0,22.267623750600016,SH000300
2007-10-25,5549.664,5556.552,5312.85,5333.792,5588.014,5082170600.0,103890714029.0,0.02235,1.0,-4.549419,0.0,0.0,0.0,0.0,0.0,1.0,1.0,1.0,20.4421933472678,SH000300
2007-10-26,5279.1,5428.576,5266.372,5394.807,5333.792,3589596500.0,77283751807.0,0.015461,1.0,1.143935,0.0,0.0,0.0,0.0,0.0,1.0,1.0,1.0,21.529927335008267,SH000300
2007-10-29,5428.683,5509.345,5428.683,5508.357,5394.807,3523397700.0,72353863135.0,0.014613,1.0,2.104798,0.0,0.0,0.0,0.0,0.0,1.0,1.0,1.0,20.535252984640366,SH000300
2007-10-30,5529.965,5597.265,5467.523,5596.068,5508.357,3919392100.0,79727986835.0,0.016255,1.0,1.592325,0.0,0.0,0.0,0.0,0.0,1.0,1.0,1.0,20.341926707205435,SH000300
2007-10-31,5663.756,5691.865,5590.54,5688.543,5596.068,5032946900.0,103782288703.0,0.020866,1.0,1.652501,0.0,0.0,0.0,0.0,0.0,1.0,1.0,1.0,20.620580897247297,SH000300
2007-11-01,5701.487,5702.211,5604.79,5605.232,5688.543,4661247900.0,96342741683.0,0.019325,1.0,-1.464541,0.0,0.0,0.0,0.0,0.0,1.0,1.0,1.0,20.668873175142647,SH000300
2007-11-02,5514.852,5565.66,5448.986,5472.93,5605.232,4328950000.0,93671082512.0,0.017937,1.0,-2.360326,0.0,0.0,0.0,0.0,0.0,1.0,1.0,1.0,21.63829162083184,SH000300
2007-11-05,5438.811,5494.616,5333.382,5360.305,5472.93,3369501800.0,74190195900.0,0.013955,1.0,-2.057856,0.0,0.0,0.0,0.0,0.0,1.0,1.0,1.0,22.01814995320673,SH000300
2007-11-06,5331.31,5406.105,5295.795,5317.549,5360.305,2705785400.0,56491531386.0,0.011204,1.0,-0.797648,0.0,0.0,0.0,0.0,0.0,1.0,1.0,1.0,20.87805314715646,SH000300
2007-11-07,5348.556,5388.639,5231.614,5350.629,5317.549,3006134900.0,59639210961.0,0.012448,1.0,0.622093,0.0,0.0,0.0,0.0,0.0,1.0,1.0,1.0,19.83916655270527,SH000300
2007-11-08,5321.863,5321.863,5090.959,5093.669,5350.629,3605489300.0,72978743527.0,0.01493,1.0,-4.802425,0.0,0.0,0.0,0.0,0.0,1.0,1.0,1.0,20.24100959805927,SH000300
2007-11-09,5042.756,5129.113,4962.302,5040.525,5093.669,3458382600.0,67968651438.0,0.01432,1.0,-1.043335,0.0,0.0,0.0,0.0,0.0,1.0,1.0,1.0,19.653305981241058,SH000300
2007-11-12,4916.817,5018.107,4795.431,4978.252,5040.525,3841392200.0,75901043266.0,0.015906,1.0,-1.235446,0.0,0.0,0.0,0.0,0.0,1.0,1.0,1.0,19.758733113999657,SH000300
2007-11-13,5024.521,5082.639,4866.156,4939.244,4978.252,3686207900.0,74714823662.0,0.015254,1.0,-0.783564,0.0,0.0,0.0,0.0,0.0,1.0,1.0,1.0,20.26874926452195,SH000300
2007-11-14,5013.782,5147.014,4924.816,5145.888,4939.244,3523154200.0,73449657338.0,0.01457,1.0,4.183718,0.0,0.0,0.0,0.0,0.0,1.0,1.0,1.0,20.847698729167178,SH000300
2007-11-15,5129.813,5170.968,5069.519,5081.113,5145.888,3175946400.0,66609044829.0,0.013134,1.0,-1.25878,0.0,0.0,0.0,0.0,0.0,1.0,1.0,1.0,20.972975119794214,SH000300
2007-11-16,4999.843,5021.711,4917.489,5007.662,5081.113,2331099100.0,47079247224.0,0.009589,1.0,-1.445563,0.0,0.0,0.0,0.0,0.0,1.0,1.0,1.0,20.196158637785928,SH000300
2007-11-19,5017.404,5033.947,4968.733,4994.416,5007.662,2554810100.0,48969993127.0,0.010382,1.0,-0.264516,0.0,0.0,0.0,0.0,0.0,1.0,1.0,1.0,19.167762459918254,SH000300
2007-11-20,4962.635,5099.515,4916.471,5069.382,4994.416,3356271400.0,66536134961.0,0.013638,1.0,1.500993,0.0,0.0,0.0,0.0,0.0,1.0,1.0,1.0,19.82442032578176,SH000300
2007-11-21,5087.248,5135.247,4993.289,4997.62,5069.382,2680312200.0,53059452232.0,0.010876,1.0,-1.415591,0.0,0.0,0.0,0.0,0.0,1.0,1.0,1.0,19.795996985724276,SH000300
2007-11-22,4902.627,4949.335,4759.906,4772.617,4997.62,2650771600.0,53714123123.0,0.010749,1.0,-4.502202,0.0,0.0,0.0,0.0,0.0,1.0,1.0,1.0,20.263580280926504,SH000300
2007-11-23,4733.365,4857.052,4711.792,4856.161,4772.617,2014630500.0,41174112142.0,0.008163,1.0,1.750485,0.0,0.0,0.0,0.0,0.0,1.0,1.0,1.0,20.437550281304684,SH000300
2007-11-26,4931.599,4954.18,4795.352,4800.082,4856.161,2362227600.0,48427046818.0,0.009569,1.0,-1.154803,0.0,0.0,0.0,0.0,0.0,1.0,1.0,1.0,20.500584625291822,SH000300
2007-11-27,4759.006,4806.828,4708.798,4711.152,4800.082,2088684000.0,44831910258.0,0.008461,1.0,-1.85268,0.0,0.0,0.0,0.0,0.0,1.0,1.0,1.0,21.464190015339803,SH000300
2007-11-28,4724.467,4760.659,4619.514,4648.751,4711.152,2248236800.0,45167305963.0,0.009095,1.0,-1.324535,0.0,0.0,0.0,0.0,0.0,1.0,1.0,1.0,20.09010170236516,SH000300
2007-11-29,4708.384,4847.576,4637.482,4842.07,4648.751,3687299000.0,72895752103.0,0.014914,1.0,4.158512,0.0,0.0,0.0,0.0,0.0,1.0,1.0,1.0,19.769417154128266,SH000300
2007-11-30,4841.076,4841.076,4723.787,4737.408,4842.07,2938369600.0,57402977557.0,0.011867,1.0,-2.161506,0.0,0.0,0.0,0.0,0.0,1.0,1.0,1.0,19.535655949135876,SH000300
2007-12-03,4714.921,4809.267,4689.518,4772.674,4737.408,2225593400.0,43698299024.0,0.008962,1.0,0.744408,0.0,0.0,0.0,0.0,0.0,1.0,1.0,1.0,19.63444851337176,SH000300
2007-12-04,4786.641,4886.577,4786.641,4829.214,4772.674,2264359200.0,43927028873.0,0.009117,1.0,1.184662,0.0,0.0,0.0,0.0,0.0,1.0,1.0,1.0,19.399320069448347,SH000300
2007-12-05,4829.953,4970.17,4815.61,4965.947,4829.214,3176916500.0,61090180313.0,0.012788,1.0,2.83137,0.0,0.0,0.0,0.0,0.0,1.0,1.0,1.0,19.229394386978694,SH000300
2007-12-06,4986.251,4999.932,4928.132,4971.055,4965.947,2371159100.0,47436272917.0,0.009535,1.0,0.102869,0.0,0.0,0.0,0.0,0.0,1.0,1.0,1.0,20.00552089355792,SH000300
2007-12-07,4979.841,5041.778,4977.868,5041.35,4971.055,2719822300.0,50380400719.0,0.010937,1.0,1.414085,0.0,0.0,0.0,0.0,0.0,1.0,1.0,1.0,18.523416297822106,SH000300
2007-12-10,4961.67,5138.685,4944.828,5133.562,5041.35,4278069100.0,82898155954.0,0.017197,1.0,1.829112,0.0,0.0,0.0,0.0,0.0,1.0,1.0,1.0,19.377470072654972,SH000300
2007-12-11,5162.088,5181.406,5068.03,5140.0,5133.562,4058645700.0,82034387462.0,0.016309,1.0,0.12541,0.0,0.0,0.0,0.0,0.0,1.0,1.0,1.0,20.21225638443878,SH000300
2007-12-12,5108.578,5130.719,5033.716,5077.39,5140.0,3982825100.0,83753500021.0,0.016004,1.0,-1.218091,0.0,0.0,0.0,0.0,0.0,1.0,1.0,1.0,21.02866631552563,SH000300
2007-12-13,5051.784,5067.39,4881.34,4884.298,5077.39,3681959000.0,77125151925.0,0.014795,1.0,-3.802983,0.0,0.0,0.0,0.0,0.0,1.0,1.0,1.0,20.94677097843838,SH000300
2007-12-14,4827.392,4979.185,4800.238,4977.652,4884.298,3072792500.0,61162569184.0,0.012346,1.0,1.911309,0.0,0.0,0.0,0.0,0.0,1.0,1.0,1.0,19.904555606667227,SH000300
2007-12-17,4976.239,4977.572,4855.167,4857.289,4977.652,3701452200.0,76935382730.0,0.014861,1.0,-2.418064,0.0,0.0,0.0,0.0,0.0,1.0,1.0,1.0,20.785188778069323,SH000300
2007-12-18,4827.26,4882.995,4799.004,4829.909,4857.289,2293007600.0,47447352486.0,0.009205,1.0,-0.563686,0.0,0.0,0.0,0.0,0.0,1.0,1.0,1.0,20.69219155052081,SH000300
2007-12-19,4877.769,4961.593,4865.352,4946.285,4829.909,3210185800.0,60379853503.0,0.012887,1.0,2.409486,0.0,0.0,0.0,0.0,0.0,1.0,1.0,1.0,18.808834523845942,SH000300
2007-12-20,4968.031,5048.061,4935.401,5037.195,4946.285,3131991700.0,59927497294.0,0.012376,1.0,1.837938,0.0,0.0,0.0,0.0,0.0,1.0,1.0,1.0,19.133989816767393,SH000300
2007-12-21,5016.459,5103.77,5014.703,5101.852,5037.195,3725149400.0,73549811301.0,0.014714,1.0,1.283596,0.0,0.0,0.0,0.0,0.0,1.0,1.0,1.0,19.744123900372962,SH000300
2007-12-24,5142.156,5239.217,5129.601,5207.134,5101.852,5031996700.0,103969755944.0,0.019791,1.0,2.063598,0.0,0.0,0.0,0.0,0.0,1.0,1.0,1.0,20.66172975510894,SH000300
2007-12-25,5217.558,5244.031,5180.587,5216.813,5207.134,3897370500.0,79333659585.0,0.015329,1.0,0.185883,0.0,0.0,0.0,0.0,0.0,1.0,1.0,1.0,20.355688427620624,SH000300
2007-12-26,5231.969,5273.139,5194.745,5265.026,5216.813,4146811500.0,83694909415.0,0.016306,1.0,0.924183,0.0,0.0,0.0,0.0,0.0,1.0,1.0,1.0,20.182954883529188,SH000300
2007-12-27,5286.98,5367.53,5260.103,5367.53,5265.026,5234501800.0,109216836244.0,0.020532,1.0,1.946883,0.0,0.0,0.0,0.0,0.0,1.0,1.0,1.0,20.86480058980971,SH000300
2007-12-28,5379.518,5391.665,5323.821,5338.275,5367.53,4536141500.0,95056654641.0,0.017777,1.0,-0.545034,0.0,0.0,0.0,0.0,0.0,1.0,1.0,1.0,20.955398909183057,SH000300
2008-01-02,5349.763,5404.928,5283.448,5385.103,5338.275,4566871000.0,98886433471.0,0.017614,1.0,0.877215,0.0,0.0,0.0,0.0,0.0,1.0,1.0,1.0,21.652994680821944,SH000300
2008-01-03,5381.147,5422.673,5315.948,5422.034,5385.103,6464587800.0,135983354875.0,0.024929,1.0,0.685802,0.0,0.0,0.0,0.0,0.0,1.0,1.0,1.0,21.035116094331645,SH000300
2008-01-04,5430.63,5499.085,5422.456,5483.65,5422.034,5174642000.0,118866230641.0,0.019947,1.0,1.136395,0.0,0.0,0.0,0.0,0.0,1.0,1.0,1.0,22.970909029262316,SH000300
2008-01-07,5480.442,5569.152,5455.501,5556.593,5483.65,5348540900.0,123189549972.0,0.020507,1.0,1.330188,0.0,0.0,0.0,0.0,0.0,1.0,1.0,1.0,23.03236570033521,SH000300
2008-01-08,5575.95,5630.624,5485.234,5528.054,5556.593,6489950100.0,147975753744.0,0.024882,1.0,-0.513598,0.0,0.0,0.0,0.0,0.0,1.0,1.0,1.0,22.80075369824492,SH000300
2008-01-09,5507.116,5614.678,5490.305,5613.758,5528.054,4679687200.0,108368103243.0,0.017863,1.0,1.55034,0.0,0.0,0.0,0.0,0.0,1.0,1.0,1.0,23.15712538286747,SH000300
2008-01-10,5631.645,5707.667,5602.594,5672.154,5613.758,6422989300.0,144316455605.0,0.024518,1.0,1.04023,0.0,0.0,0.0,0.0,0.0,1.0,1.0,1.0,22.468736730574967,SH000300
2008-01-11,5688.563,5702.572,5629.638,5699.147,5672.154,5616707900.0,122241534840.0,0.021424,1.0,0.475889,0.0,0.0,0.0,0.0,0.0,1.0,1.0,1.0,21.76391171063035,SH000300
2008-01-14,5717.525,5756.919,5679.287,5731.757,5699.147,4984601000.0,109356397974.0,0.019011,1.0,0.572188,0.0,0.0,0.0,0.0,0.0,1.0,1.0,1.0,21.93884685534509,SH000300
2008-01-15,5743.431,5754.107,5652.04,5696.45,5731.757,5088660800.0,119673141932.0,0.019407,1.0,-0.615983,0.0,0.0,0.0,0.0,0.0,1.0,1.0,1.0,23.51761035673669,SH000300
2008-01-16,5642.566,5642.566,5498.39,5505.717,5696.45,5577446900.0,126634977042.0,0.021272,1.0,-3.348285,0.0,0.0,0.0,0.0,0.0,1.0,1.0,1.0,22.704828806527946,SH000300
2008-01-17,5445.803,5533.65,5226.639,5365.624,5505.717,6193693300.0,136052424646.0,0.023614,1.0,-2.544497,0.0,0.0,0.0,0.0,0.0,1.0,1.0,1.0,21.9662837754656,SH000300
2008-01-18,5358.183,5419.57,5307.496,5414.468,5365.624,4391300500.0,95080872876.0,0.016742,1.0,0.910309,0.0,0.0,0.0,0.0,0.0,1.0,1.0,1.0,21.652098934245107,SH000300
2008-01-21,5424.64,5434.349,5122.463,5145.734,5414.468,4783361700.0,101540050167.0,0.018232,1.0,-4.963256,0.0,0.0,0.0,0.0,0.0,1.0,1.0,1.0,21.22775916506586,SH000300
2008-01-22,5015.428,5032.245,4708.388,4753.868,5145.734,6077269200.0,126029341672.0,0.023163,1.0,-7.615352,0.0,0.0,0.0,0.0,0.0,1.0,1.0,1.0,20.737824428116497,SH000300
2008-01-23,4787.171,4976.272,4751.499,4975.111,4753.868,5577638500.0,111006127504.0,0.021256,1.0,4.653951,0.0,0.0,0.0,0.0,0.0,1.0,1.0,1.0,19.901993918035384,SH000300
2008-01-24,5034.533,5079.796,4926.374,5027.213,4975.111,5660598700.0,114169075408.0,0.021552,1.0,1.047254,0.0,0.0,0.0,0.0,0.0,1.0,1.0,1.0,20.169081303714393,SH000300
2008-01-25,5022.896,5121.408,4966.519,5077.429,5027.213,4714210800.0,100680076889.0,0.017948,1.0,0.99889,0.0,0.0,0.0,0.0,0.0,1.0,1.0,1.0,21.35671932383677,SH000300
2008-01-28,5038.507,5038.507,4711.277,4731.883,5077.429,4142528300.0,81460742897.0,0.015743,1.0,-6.805538,0.0,0.0,0.0,0.0,0.0,1.0,1.0,1.0,19.664498827201736,SH000300
2008-01-29,4742.901,4845.658,4688.728,4762.083,4731.883,2906225600.0,58040616586.0,0.011045,1.0,0.638228,0.0,0.0,0.0,0.0,0.0,1.0,1.0,1.0,19.97113251841151,SH000300
2008-01-30,4817.161,4858.101,4606.144,4710.652,4762.083,3409897600.0,72219233312.0,0.012956,1.0,-1.080014,0.0,0.0,0.0,0.0,0.0,1.0,1.0,1.0,21.179296795305525,SH000300
2008-01-31,4693.607,4733.699,4614.282,4620.401,4710.652,3085258000.0,64311666805.0,0.011721,1.0,-1.915891,0.0,0.0,0.0,0.0,0.0,1.0,1.0,1.0,20.844826204161855,SH000300
2008-02-01,4623.621,4660.994,4414.119,4571.945,4620.401,3512552800.0,67941469336.0,0.013291,1.0,-1.048741,0.0,0.0,0.0,0.0,0.0,1.0,1.0,1.0,19.342476314092703,SH000300
2008-02-04,4695.546,4951.248,4695.546,4950.124,4571.945,4095314500.0,85660385508.0,0.015496,1.0,8.271736,0.0,0.0,0.0,0.0,0.0,1.0,1.0,1.0,20.91668063783624,SH000300
2008-02-05,4942.875,4995.574,4878.119,4921.829,4950.124,3279635600.0,70626096586.0,0.012206,1.0,-0.5716,0.0,0.0,0.0,0.0,0.0,1.0,1.0,1.0,21.534738977098552,SH000300
2008-02-13,4858.814,4883.244,4785.8,4816.084,4921.829,2147565900.0,43271699299.0,0.007986,1.0,-2.148492,0.0,0.0,0.0,0.0,0.0,1.0,1.0,1.0,20.149183454160823,SH000300
2008-02-14,4858.849,4913.318,4842.847,4880.252,4816.084,1983778900.0,40152820965.0,0.007372,1.0,1.332368,0.0,0.0,0.0,0.0,0.0,1.0,1.0,1.0,20.2405726590801,SH000300
2008-02-15,4846.024,4846.024,4742.101,4813.311,4880.252,2426260100.0,47298764901.0,0.009016,1.0,-1.371669,0.0,0.0,0.0,0.0,0.0,1.0,1.0,1.0,19.49451540706621,SH000300
2008-02-18,4875.215,4944.88,4845.308,4910.992,4813.311,3059007800.0,61844630483.0,0.011348,1.0,2.029396,0.0,0.0,0.0,0.0,0.0,1.0,1.0,1.0,20.217218956748003,SH000300
2008-02-19,4926.839,5020.753,4885.695,5020.753,4910.992,3617696500.0,74207768895.0,0.01342,1.0,2.235001,0.0,0.0,0.0,0.0,0.0,1.0,1.0,1.0,20.512436268492948,SH000300
2008-02-20,5032.777,5062.261,4901.661,4908.717,5020.753,3955772200.0,84980855908.0,0.014674,1.0,-2.231461,0.0,0.0,0.0,0.0,0.0,1.0,1.0,1.0,21.48274764355743,SH000300
2008-02-21,4878.569,4924.449,4796.099,4876.03,4908.717,3340361600.0,67932116459.0,0.012381,1.0,-0.665897,0.0,0.0,0.0,0.0,0.0,1.0,1.0,1.0,20.336755295893713,SH000300
2008-02-22,4850.882,4850.882,4649.813,4702.241,4876.03,3791862700.0,77110349593.0,0.014052,1.0,-3.564141,0.0,0.0,0.0,0.0,0.0,1.0,1.0,1.0,20.33574411673714,SH000300
2008-02-25,4704.316,4722.636,4510.695,4519.783,4702.241,3365200100.0,65323658083.0,0.012471,1.0,-3.880235,0.0,0.0,0.0,0.0,0.0,1.0,1.0,1.0,19.411522685679227,SH000300
2008-02-26,4637.6,4668.831,4394.594,4515.533,4519.783,3327639000.0,67625962769.0,0.012327,1.0,-0.094031,0.0,0.0,0.0,0.0,0.0,1.0,1.0,1.0,20.32250576730228,SH000300
2008-02-27,4543.097,4660.408,4500.89,4639.768,4515.533,2959239300.0,60311456890.0,0.010849,1.0,2.751278,0.0,0.0,0.0,0.0,0.0,1.0,1.0,1.0,20.380729902444862,SH000300
2008-02-28,4651.157,4670.173,4582.823,4622.056,4639.768,2539817100.0,50332555405.0,0.009311,1.0,-0.381741,0.0,0.0,0.0,0.0,0.0,1.0,1.0,1.0,19.817393703270994,SH000300
2008-02-29,4616.24,4683.159,4597.627,4674.55,4622.056,2335085800.0,47275050938.0,0.008557,1.0,1.135721,0.0,0.0,0.0,0.0,0.0,1.0,1.0,1.0,20.24553056594323,SH000300
2008-03-03,4648.735,4803.9,4611.7,4790.744,4674.55,3925841100.0,79684960724.0,0.014203,1.0,2.48568,0.0,0.0,0.0,0.0,0.0,1.0,1.0,1.0,20.297551198391602,SH000300
2008-03-04,4813.401,4836.657,4657.381,4671.148,4790.744,4512977700.0,88557686654.0,0.016328,1.0,-2.496401,0.0,0.0,0.0,0.0,0.0,1.0,1.0,1.0,19.622894802693132,SH000300
2008-03-05,4650.518,4689.967,4519.743,4628.724,4671.148,3941799300.0,73479598041.0,0.014252,1.0,-0.90821,0.0,0.0,0.0,0.0,0.0,1.0,1.0,1.0,18.6411312318717,SH000300
2008-03-06,4645.069,4746.584,4592.621,4685.03,4628.724,4440226800.0,85710623021.0,0.016054,1.0,1.21644,0.0,0.0,0.0,0.0,0.0,1.0,1.0,1.0,19.303208345348484,SH000300
2008-03-07,4641.755,4693.207,4597.009,4621.685,4685.03,2869094500.0,60552444836.0,0.010369,1.0,-1.352067,0.0,0.0,0.0,0.0,0.0,1.0,1.0,1.0,21.105071595236755,SH000300
2008-03-10,4588.727,4588.765,4406.232,4431.589,4621.685,3178035500.0,61147375746.0,0.011475,1.0,-4.113136,0.0,0.0,0.0,0.0,0.0,1.0,1.0,1.0,19.240620737559414,SH000300
2008-03-11,4393.282,4441.184,4315.183,4441.184,4431.589,2627659200.0,52344309140.0,0.00947,1.0,0.216519,0.0,0.0,0.0,0.0,0.0,1.0,1.0,1.0,19.92050915126284,SH000300
2008-03-12,4534.811,4553.336,4308.35,4309.648,4441.184,2714564400.0,55702634312.0,0.009783,1.0,-2.961736,0.0,0.0,0.0,0.0,0.0,1.0,1.0,1.0,20.519916312171485,SH000300
2008-03-13,4266.273,4296.364,4121.275,4198.96,4309.648,3445130700.0,65769466347.0,0.012408,1.0,-2.568377,0.0,0.0,0.0,0.0,0.0,1.0,1.0,1.0,19.090557681019185,SH000300
2008-03-14,4179.438,4212.408,4092.791,4157.871,4198.96,2342788500.0,45564248765.0,0.008438,1.0,-0.978549,0.0,0.0,0.0,0.0,0.0,1.0,1.0,1.0,19.448724784588965,SH000300
2008-03-17,4138.877,4138.877,3958.292,3965.279,4157.871,2818096100.0,52376089129.0,0.010075,1.0,-4.631987,0.0,0.0,0.0,0.0,0.0,1.0,1.0,1.0,18.58562918737938,SH000300
2008-03-18,3924.87,3996.959,3700.35,3763.948,3965.279,3452375100.0,58459478155.0,0.012312,1.0,-5.077349,0.0,0.0,0.0,0.0,0.0,1.0,1.0,1.0,16.933118928762983,SH000300
2008-03-19,3837.603,3954.466,3776.301,3888.861,3763.948,3789847700.0,68823708412.0,0.013514,1.0,3.318672,0.0,0.0,0.0,0.0,0.0,1.0,1.0,1.0,18.160019573345917,SH000300
2008-03-20,3833.205,4044.692,3658.04,4001.832,3888.861,4621294400.0,82432595360.0,0.016479,1.0,2.904988,0.0,0.0,0.0,0.0,0.0,1.0,1.0,1.0,17.837555503929806,SH000300
2008-03-21,3998.197,4083.163,3958.967,4037.83,4001.832,4261516300.0,74985408749.0,0.015196,1.0,0.899539,0.0,0.0,0.0,0.0,0.0,1.0,1.0,1.0,17.59594554384316,SH000300
2008-03-24,4086.07,4103.574,3857.091,3857.091,4037.83,3584243800.0,63943570220.0,0.01278,1.0,-4.476142,0.0,0.0,0.0,0.0,0.0,1.0,1.0,1.0,17.840184370270794,SH000300
2008-03-25,3780.459,3937.671,3747.019,3905.774,3857.091,3224586300.0,58292419115.0,0.011498,1.0,1.262165,0.0,0.0,0.0,0.0,0.0,1.0,1.0,1.0,18.077487681132926,SH000300
2008-03-26,3926.864,4001.552,3888.018,3914.37,3905.774,2803676300.0,52026059303.0,0.009997,1.0,0.220089,0.0,0.0,0.0,0.0,0.0,1.0,1.0,1.0,18.556371612157935,SH000300
2008-03-27,3847.439,3873.611,3745.879,3748.92,3914.37,3200066800.0,55151411007.0,0.01141,1.0,-4.226738,0.0,0.0,0.0,0.0,0.0,1.0,1.0,1.0,17.234456170414944,SH000300
2008-03-28,3712.98,3925.856,3661.381,3918.156,3748.92,4209677700.0,72726088760.0,0.015009,1.0,4.514263,0.0,0.0,0.0,0.0,0.0,1.0,1.0,1.0,17.275927978999437,SH000300
2008-03-31,3802.206,3891.66,3780.122,3790.53,3918.156,2944084100.0,51166599954.0,0.010488,1.0,-3.257297,0.0,0.0,0.0,0.0,0.0,1.0,1.0,1.0,17.379462751760386,SH000300
2008-04-01,3776.268,3815.157,3566.209,3582.855,3790.53,3530346200.0,58962080537.0,0.012573,1.0,-5.478786,0.0,0.0,0.0,0.0,0.0,1.0,1.0,1.0,16.701500985087524,SH000300
2008-04-02,3621.388,3698.526,3493.184,3547.977,3582.855,4276588400.0,70102758265.0,0.015165,1.0,-0.973468,0.0,0.0,0.0,0.0,0.0,1.0,1.0,1.0,16.392215408197806,SH000300
2008-04-03,3518.223,3665.651,3457.617,3650.698,3547.977,3298949300.0,54233901216.0,0.011689,1.0,2.895198,0.0,0.0,0.0,0.0,0.0,1.0,1.0,1.0,16.439749836713162,SH000300
2008-04-07,3611.958,3854.068,3578.377,3845.822,3650.698,4048498200.0,70525926871.0,0.014156,1.0,5.344841,0.0,0.0,0.0,0.0,0.0,1.0,1.0,1.0,17.42026879769886,SH000300
2008-04-08,3852.011,3935.333,3820.1,3891.059,3845.822,4406792200.0,76485916343.0,0.015395,1.0,1.176265,0.0,0.0,0.0,0.0,0.0,1.0,1.0,1.0,17.356370092286177,SH000300
2008-04-09,3857.275,3911.697,3687.597,3688.125,3891.059,3899716800.0,64555767429.0,0.013624,1.0,-5.215394,0.0,0.0,0.0,0.0,0.0,1.0,1.0,1.0,16.55396295161741,SH000300
2008-04-10,3641.66,3754.715,3608.316,3754.715,3688.125,2880439600.0,47152258251.0,0.010036,1.0,1.805527,0.0,0.0,0.0,0.0,0.0,1.0,1.0,1.0,16.369813222606716,SH000300
2008-04-11,3794.297,3825.295,3755.015,3783.728,3754.715,2632859000.0,44418993019.0,0.009173,1.0,0.772707,0.0,0.0,0.0,0.0,0.0,1.0,1.0,1.0,16.871010950073664,SH000300
2008-04-14,3699.142,3710.786,3525.185,3536.327,3783.728,3342704600.0,54637417005.0,0.011606,1.0,-6.538554,0.0,0.0,0.0,0.0,0.0,1.0,1.0,1.0,16.34527232977751,SH000300
2008-04-15,3513.068,3583.861,3417.249,3583.299,3536.327,3065688600.0,48997126630.0,0.010644,1.0,1.328276,0.0,0.0,0.0,0.0,0.0,1.0,1.0,1.0,15.982421251134248,SH000300
2008-04-16,3573.664,3583.808,3483.185,3494.016,3583.299,2652812000.0,42087715038.0,0.009211,1.0,-2.491641,0.0,0.0,0.0,0.0,0.0,1.0,1.0,1.0,15.86532141667031,SH000300
2008-04-17,3493.238,3559.1,3340.875,3386.63,3494.016,2953061800.0,46829953187.0,0.010251,1.0,-3.073433,0.0,0.0,0.0,0.0,0.0,1.0,1.0,1.0,15.85810130590562,SH000300
2008-04-18,3356.562,3390.551,3248.528,3272.499,3386.63,2788816200.0,42184118932.0,0.009661,1.0,-3.370042,0.0,0.0,0.0,0.0,0.0,1.0,1.0,1.0,15.126173941473805,SH000300
2008-04-21,3516.425,3516.425,3223.886,3267.554,3272.499,4136230700.0,64657686523.0,0.014316,1.0,-0.15111,0.0,0.0,0.0,0.0,0.0,1.0,1.0,1.0,15.632030999383085,SH000300
2008-04-22,3207.881,3301.548,3122.39,3296.277,3267.554,3253796900.0,47706441787.0,0.011256,1.0,0.879041,0.0,0.0,0.0,0.0,0.0,1.0,1.0,1.0,14.661776150502817,SH000300
2008-04-23,3267.359,3467.431,3245.296,3453.727,3296.277,4427255300.0,67718617064.0,0.01531,1.0,4.776599,0.0,0.0,0.0,0.0,0.0,1.0,1.0,1.0,15.295846404882049,SH000300
2008-04-24,3739.321,3781.477,3659.726,3774.504,3453.727,9657489600.0,149394569187.0,0.032939,1.0,9.287846,0.0,0.0,0.0,0.0,0.0,1.0,1.0,1.0,15.469296408768589,SH000300
2008-04-25,3781.912,3915.841,3737.984,3803.07,3774.504,8481449100.0,147098326810.0,0.028924,1.0,0.756819,0.0,0.0,0.0,0.0,0.0,1.0,1.0,1.0,17.3435370625522,SH000300
2008-04-28,3740.951,3791.77,3711.185,3729.154,3803.07,4883123500.0,85070654687.0,0.016456,1.0,-1.943588,0.0,0.0,0.0,0.0,0.0,1.0,1.0,1.0,17.421360464669796,SH000300
2008-04-29,3704.927,3797.528,3702.021,3776.943,3729.154,4454044000.0,78895825483.0,0.015004,1.0,1.281499,0.0,0.0,0.0,0.0,0.0,1.0,1.0,1.0,17.713301773175118,SH000300
2008-04-30,3793.853,3970.575,3793.853,3959.119,3776.943,6990977700.0,122637220696.0,0.023512,1.0,4.823366,0.0,0.0,0.0,0.0,0.0,1.0,1.0,1.0,17.542213115055425,SH000300
2008-05-05,4015.212,4061.472,3972.561,4055.779,3959.119,6253407300.0,111004387244.0,0.02101,1.0,2.441456,0.0,0.0,0.0,0.0,0.0,1.0,1.0,1.0,17.751024668423565,SH000300
2008-05-06,4021.073,4075.575,3961.344,4010.888,4055.779,5845928000.0,106198405592.0,0.019469,1.0,-1.106843,0.0,0.0,0.0,0.0,0.0,1.0,1.0,1.0,18.166218535705536,SH000300
2008-05-07,3986.129,4042.407,3821.107,3821.319,4010.888,5445770600.0,98465318595.0,0.018137,1.0,-4.726357,0.0,0.0,0.0,0.0,0.0,1.0,1.0,1.0,18.081062502889857,SH000300
2008-05-08,3774.044,3926.004,3761.28,3925.041,3821.319,4405566800.0,77839103296.0,0.014646,1.0,2.714296,0.0,0.0,0.0,0.0,0.0,1.0,1.0,1.0,17.668351617321974,SH000300
2008-05-09,3960.886,3973.058,3806.519,3878.924,3925.041,5365592900.0,96377859470.0,0.017819,1.0,-1.174942,0.0,0.0,0.0,0.0,0.0,1.0,1.0,1.0,17.962201245271515,SH000300
2008-05-12,3804.985,3952.789,3766.577,3904.92,3878.924,4538266000.0,81691485405.0,0.015047,1.0,0.670182,0.0,0.0,0.0,0.0,0.0,1.0,1.0,1.0,18.000594369082815,SH000300
2008-05-13,3786.534,3923.171,3778.718,3851.687,3904.92,5033801200.0,79847321451.0,0.016657,1.0,-1.363227,0.0,0.0,0.0,0.0,0.0,1.0,1.0,1.0,15.862231796321238,SH000300
2008-05-14,3843.47,3975.795,3843.47,3975.782,3851.687,5060690100.0,85230874948.0,0.016715,1.0,3.221834,0.0,0.0,0.0,0.0,0.0,1.0,1.0,1.0,16.84174949736598,SH000300
2008-05-15,4006.658,4038.852,3948.062,3948.088,3975.782,5077297500.0,81795877187.0,0.016744,1.0,-0.69657,0.0,0.0,0.0,0.0,0.0,1.0,1.0,1.0,16.110121021468608,SH000300
2008-05-16,3948.034,3982.221,3882.895,3936.121,3948.088,3972175200.0,66279363920.0,0.012492,1.0,-0.303104,0.0,0.0,0.0,0.0,0.0,1.0,1.0,1.0,16.68591151769942,SH000300
2008-05-19,3926.314,3936.277,3865.5,3914.072,3936.121,2970958100.0,49755651499.0,0.00931,1.0,-0.560173,0.0,0.0,0.0,0.0,0.0,1.0,1.0,1.0,16.747342043968914,SH000300
2008-05-20,3911.096,3946.441,3698.554,3710.818,3914.072,3970262900.0,64572032482.0,0.012404,1.0,-5.192902,0.0,0.0,0.0,0.0,0.0,1.0,1.0,1.0,16.26391856368,SH000300
2008-05-21,3668.181,3801.067,3591.566,3783.049,3710.818,4359616200.0,69179112266.0,0.013594,1.0,1.946497,0.0,0.0,0.0,0.0,0.0,1.0,1.0,1.0,15.868165703669053,SH000300
2008-05-22,3732.641,3783.849,3704.157,3711.444,3783.049,4074271700.0,66281212014.0,0.012695,1.0,-1.892785,0.0,0.0,0.0,0.0,0.0,1.0,1.0,1.0,16.26823562454119,SH000300
2008-05-23,3697.89,3741.06,3629.009,3675.147,3711.444,3344043100.0,52530762851.0,0.010405,1.0,-0.977978,0.0,0.0,0.0,0.0,0.0,1.0,1.0,1.0,15.708757716370343,SH000300
2008-05-26,3643.012,3643.012,3555.762,3559.217,3675.147,2818019000.0,45524374429.0,0.00875,1.0,-3.15443,0.0,0.0,0.0,0.0,0.0,1.0,1.0,1.0,16.154743608542027,SH000300
2008-05-27,3549.986,3594.657,3533.466,3576.197,3559.217,2476269300.0,39856280158.0,0.007689,1.0,0.477071,0.0,0.0,0.0,0.0,0.0,1.0,1.0,1.0,16.09529309191048,SH000300
2008-05-28,3583.284,3697.996,3561.733,3676.23,3576.197,3103491400.0,49994772624.0,0.009636,1.0,2.797188,0.0,0.0,0.0,0.0,0.0,1.0,1.0,1.0,16.109202888076315,SH000300
2008-05-29,3666.196,3677.02,3578.732,3580.868,3676.23,2942274000.0,46589022223.0,0.009136,1.0,-2.594018,0.0,0.0,0.0,0.0,0.0,1.0,1.0,1.0,15.83435880648777,SH000300
2008-05-30,3585.605,3620.225,3552.662,3611.33,3580.868,2859084700.0,46886682679.0,0.008874,1.0,0.850692,0.0,0.0,0.0,0.0,0.0,1.0,1.0,1.0,16.399193307914242,SH000300
2008-06-02,3600.234,3650.478,3580.58,3625.826,3611.33,2825335800.0,41966896768.0,0.008763,1.0,0.401399,0.0,0.0,0.0,0.0,0.0,1.0,1.0,1.0,14.853773051684689,SH000300
2008-06-03,3624.572,3641.429,3585.124,3614.111,3625.826,3473514100.0,48796407585.0,0.010747,1.0,-0.323095,0.0,0.0,0.0,0.0,0.0,1.0,1.0,1.0,14.048138622785496,SH000300
2008-06-04,3601.057,3605.058,3513.641,3546.916,3614.111,2941765300.0,42963714390.0,0.009102,1.0,-1.859242,0.0,0.0,0.0,0.0,0.0,1.0,1.0,1.0,14.604738994643794,SH000300
2008-06-05,3529.978,3542.244,3487.792,3512.138,3546.916,2398927900.0,36565913535.0,0.007421,1.0,-0.980516,0.0,0.0,0.0,0.0,0.0,1.0,1.0,1.0,15.24260630550839,SH000300
2008-06-06,3519.116,3532.297,3470.563,3489.502,3512.138,2094422900.0,30298595287.0,0.006462,1.0,-0.644507,0.0,0.0,0.0,0.0,0.0,1.0,1.0,1.0,14.466321623488742,SH000300
2008-06-10,3344.453,3352.321,3188.796,3206.562,3489.502,3294996100.0,45818267251.0,0.010165,1.0,-8.108318,0.0,0.0,0.0,0.0,0.0,1.0,1.0,1.0,13.90540864403451,SH000300
2008-06-11,3155.943,3181.818,3097.395,3140.299,3206.562,2940973500.0,40596532584.0,0.00907,1.0,-2.066479,0.0,0.0,0.0,0.0,0.0,1.0,1.0,1.0,13.803773676981448,SH000300
2008-06-12,3123.64,3148.742,3022.876,3084.633,3140.299,3145410900.0,42817386727.0,0.009692,1.0,-1.772634,0.0,0.0,0.0,0.0,0.0,1.0,1.0,1.0,13.612652873746956,SH000300
2008-06-13,3087.337,3108.988,2975.661,2979.117,3084.633,2531983700.0,33193994622.0,0.007802,1.0,-3.420702,0.0,0.0,0.0,0.0,0.0,1.0,1.0,1.0,13.109876900866304,SH000300
2008-06-16,2981.085,3012.993,2900.075,2952.242,2979.117,2681379400.0,33731835264.0,0.008173,1.0,-0.902113,0.0,0.0,0.0,0.0,0.0,1.0,1.0,1.0,12.580030734926956,SH000300
2008-06-17,2950.399,2977.889,2820.643,2842.676,2952.242,2646377800.0,32031255853.0,0.008049,1.0,-3.711278,0.0,0.0,0.0,0.0,0.0,1.0,1.0,1.0,12.10381067019229,SH000300
2008-06-18,2820.237,3007.18,2759.107,2991.273,2842.676,4256009500.0,52826656390.0,0.012945,1.0,5.227361,0.0,0.0,0.0,0.0,0.0,1.0,1.0,1.0,12.412250581207584,SH000300
2008-06-19,2967.402,2967.402,2768.225,2773.076,2991.273,3631903900.0,45264911721.0,0.011045,1.0,-7.294454,0.0,0.0,0.0,0.0,0.0,1.0,1.0,1.0,12.46313585582482,SH000300
2008-06-20,2795.465,2946.939,2691.868,2849.668,2773.076,5167590500.0,65259567858.0,0.015715,1.0,2.761989,0.0,0.0,0.0,0.0,0.0,1.0,1.0,1.0,12.628626021740693,SH000300
2008-06-23,2798.428,2845.479,2771.363,2789.941,2849.668,2663149300.0,32382379598.0,0.008045,1.0,-2.09593,0.0,0.0,0.0,0.0,0.0,1.0,1.0,1.0,12.159430790455495,SH000300
2008-06-24,2775.69,2865.903,2770.987,2851.915,2789.941,3179245600.0,38885761934.0,0.009603,1.0,2.221342,0.0,0.0,0.0,0.0,0.0,1.0,1.0,1.0,12.231128646997263,SH000300
2008-06-25,2844.922,2973.173,2834.945,2969.537,2851.915,4242526100.0,51619342913.0,0.012815,1.0,4.124319,0.0,0.0,0.0,0.0,0.0,1.0,1.0,1.0,12.167124419812055,SH000300
2008-06-26,2964.516,3010.278,2922.786,2980.907,2969.537,4259931200.0,52508562502.0,0.012836,1.0,0.382884,0.0,0.0,0.0,0.0,0.0,1.0,1.0,1.0,12.326152709226854,SH000300
2008-06-27,2886.18,2899.836,2787.252,2816.021,2980.907,4088655600.0,49324841031.0,0.012315,1.0,-5.531404,0.0,0.0,0.0,0.0,0.0,1.0,1.0,1.0,12.063828763420426,SH000300
2008-06-30,2782.844,2834.272,2747.614,2791.819,2816.021,2529540600.0,31502446060.0,0.007609,1.0,-0.859436,0.0,0.0,0.0,0.0,0.0,1.0,1.0,1.0,12.453821085140914,SH000300
2008-07-01,2799.195,2809.381,2690.181,2698.347,2791.819,2885158500.0,35242551782.0,0.008303,1.0,-3.348074,0.0,0.0,0.0,0.0,0.0,1.0,1.0,1.0,12.215118088659601,SH000300
2008-07-02,2702.634,2745.939,2670.064,2699.597,2698.347,2791636500.0,35126248114.0,0.008031,1.0,0.046325,0.0,0.0,0.0,0.0,0.0,1.0,1.0,1.0,12.582672605835322,SH000300
2008-07-03,2654.479,2807.682,2617.258,2760.612,2699.597,4566030500.0,58808144277.0,0.013125,1.0,2.260157,0.0,0.0,0.0,0.0,0.0,1.0,1.0,1.0,12.879490024650515,SH000300
2008-07-04,2751.213,2783.847,2716.022,2741.852,2760.612,3790501000.0,47363589936.0,0.010883,1.0,-0.67956,0.0,0.0,0.0,0.0,0.0,1.0,1.0,1.0,12.495337670666753,SH000300
2008-07-07,2747.611,2890.985,2747.611,2882.763,2741.852,5273202400.0,63284782084.0,0.01513,1.0,5.139259,0.0,0.0,0.0,0.0,0.0,1.0,1.0,1.0,12.001204824605253,SH000300
2008-07-08,2900.571,2939.143,2841.073,2901.841,2882.763,5424807800.0,67887147510.0,0.015565,1.0,0.6618,0.0,0.0,0.0,0.0,0.0,1.0,1.0,1.0,12.514203270021843,SH000300
2008-07-09,2926.996,3015.271,2926.996,3015.126,2901.841,6935696800.0,85846257404.0,0.019898,1.0,3.903898,0.0,0.0,0.0,0.0,0.0,1.0,1.0,1.0,12.377452457841006,SH000300
2008-07-10,2970.984,3056.905,2950.2,2973.728,3015.126,6164955400.0,77643542657.0,0.017651,1.0,-1.373009,0.0,0.0,0.0,0.0,0.0,1.0,1.0,1.0,12.594339718499828,SH000300
2008-07-11,2962.861,2988.197,2913.872,2953.498,2973.728,4428710100.0,55085357605.0,0.012658,1.0,-0.68029,0.0,0.0,0.0,0.0,0.0,1.0,1.0,1.0,12.438239659218155,SH000300
2008-07-14,2927.24,2996.592,2917.023,2975.874,2953.498,3457504300.0,43920558758.0,0.009874,1.0,0.757609,0.0,0.0,0.0,0.0,0.0,1.0,1.0,1.0,12.70296576579818,SH000300
2008-07-15,2987.061,2997.666,2849.199,2852.979,2975.874,4729275900.0,57118257308.0,0.013451,1.0,-4.129712,0.0,0.0,0.0,0.0,0.0,1.0,1.0,1.0,12.077590420977554,SH000300
2008-07-16,2818.763,2824.881,2702.659,2745.596,2852.979,3940311500.0,45361333542.0,0.011203,1.0,-3.763892,0.0,0.0,0.0,0.0,0.0,1.0,1.0,1.0,11.512118659146617,SH000300
2008-07-17,2790.259,2812.992,2705.809,2718.068,2745.596,3268733500.0,38054364882.0,0.009293,1.0,-1.002618,0.0,0.0,0.0,0.0,0.0,1.0,1.0,1.0,11.641929475743433,SH000300
2008-07-18,2746.536,2818.064,2690.069,2815.462,2718.068,4020340200.0,47213298888.0,0.01143,1.0,3.583199,0.0,0.0,0.0,0.0,0.0,1.0,1.0,1.0,11.743607888705538,SH000300
2008-07-21,2792.829,2915.293,2780.282,2911.051,2815.462,4511957700.0,54938055539.0,0.012784,1.0,3.395148,0.0,0.0,0.0,0.0,0.0,1.0,1.0,1.0,12.176101637433348,SH000300
2008-07-22,2905.276,2931.447,2890.252,2904.743,2911.051,3881497600.0,47781613233.0,0.010998,1.0,-0.216695,0.0,0.0,0.0,0.0,0.0,1.0,1.0,1.0,12.310097327639724,SH000300
2008-07-23,2923.049,2941.972,2879.185,2883.32,2904.743,3882123300.0,46949545125.0,0.010983,1.0,-0.737513,0.0,0.0,0.0,0.0,0.0,1.0,1.0,1.0,12.093780000496121,SH000300
2008-07-24,2905.043,2979.748,2902.976,2977.362,2883.32,4853866500.0,60255656982.0,0.01373,1.0,3.261587,0.0,0.0,0.0,0.0,0.0,1.0,1.0,1.0,12.413950194551086,SH000300
2008-07-25,2939.321,2967.719,2916.684,2939.202,2977.362,4057108100.0,47706187738.0,0.011465,1.0,-1.281677,0.0,0.0,0.0,0.0,0.0,1.0,1.0,1.0,11.75866813556188,SH000300
2008-07-28,2959.113,2997.604,2946.492,2960.851,2939.202,3930864000.0,47089423706.0,0.011085,1.0,0.736566,0.0,0.0,0.0,0.0,0.0,1.0,1.0,1.0,11.979408014624775,SH000300
2008-07-29,2921.248,2921.248,2881.05,2905.63,2960.851,3603627500.0,42192023708.0,0.010162,1.0,-1.865045,0.0,0.0,0.0,0.0,0.0,1.0,1.0,1.0,11.708208938909474,SH000300
2008-07-30,2940.02,2949.943,2866.031,2884.384,2905.63,2981080000.0,34223911942.0,0.008403,1.0,-0.731196,0.0,0.0,0.0,0.0,0.0,1.0,1.0,1.0,11.48037353643646,SH000300
2008-07-31,2894.246,2899.069,2804.698,2805.21,2884.384,2794096600.0,31179208420.0,0.007874,1.0,-2.744921,0.0,0.0,0.0,0.0,0.0,1.0,1.0,1.0,11.158958648745358,SH000300
2008-08-01,2786.123,2868.679,2748.755,2840.788,2805.21,3403149100.0,39748408655.0,0.009581,1.0,1.268287,0.0,0.0,0.0,0.0,0.0,1.0,1.0,1.0,11.679890444706052,SH000300
2008-08-04,2816.936,2832.895,2767.529,2773.15,2840.788,2278232400.0,27440272999.0,0.006406,1.0,-2.380965,0.0,0.0,0.0,0.0,0.0,1.0,1.0,1.0,12.04454514780845,SH000300
2008-08-05,2780.761,2792.742,2695.372,2703.079,2773.15,3046923500.0,34770819668.0,0.00853,1.0,-2.526758,0.0,0.0,0.0,0.0,0.0,1.0,1.0,1.0,11.41177967480969,SH000300
2008-08-06,2723.523,2749.099,2679.66,2721.693,2703.079,2740402200.0,31744599201.0,0.007671,1.0,0.688623,0.0,0.0,0.0,0.0,0.0,1.0,1.0,1.0,11.583919762215926,SH000300
2008-08-07,2717.661,2747.884,2683.409,2720.442,2721.693,2337043900.0,26661008775.0,0.006542,1.0,-0.045972,0.0,0.0,0.0,0.0,0.0,1.0,1.0,1.0,11.408005119202082,SH000300
2008-08-08,2719.375,2719.375,2581.811,2591.462,2720.442,3089458100.0,33617694686.0,0.008646,1.0,-4.741141,0.0,0.0,0.0,0.0,0.0,1.0,1.0,1.0,10.881421141785351,SH000300
2008-08-11,2579.805,2580.72,2442.794,2456.811,2591.462,3212020600.0,32454532457.0,0.008976,1.0,-5.195943,0.0,0.0,0.0,0.0,0.0,1.0,1.0,1.0,10.104086025164346,SH000300
2008-08-12,2431.383,2474.324,2413.597,2444.155,2456.811,2419194400.0,24459629832.0,0.006747,1.0,-0.51514,0.0,0.0,0.0,0.0,0.0,1.0,1.0,1.0,10.11065081499858,SH000300
2008-08-13,2427.495,2466.086,2369.58,2444.672,2444.155,2755171100.0,27480615871.0,0.007683,1.0,0.021156,0.0,0.0,0.0,0.0,0.0,1.0,1.0,1.0,9.974195748133392,SH000300
2008-08-14,2429.977,2461.238,2410.491,2443.512,2444.672,2015723600.0,21156177499.0,0.005621,1.0,-0.047457,0.0,0.0,0.0,0.0,0.0,1.0,1.0,1.0,10.495574640789044,SH000300
2008-08-15,2440.39,2479.151,2412.949,2447.615,2443.512,2042226100.0,21296936036.0,0.005672,1.0,0.167915,0.0,0.0,0.0,0.0,0.0,1.0,1.0,1.0,10.42829490623002,SH000300
2008-08-18,2451.311,2452.626,2312.951,2313.402,2447.615,2362310600.0,22662870912.0,0.006528,1.0,-5.483415,0.0,0.0,0.0,0.0,0.0,1.0,1.0,1.0,9.593518698176268,SH000300
2008-08-19,2285.515,2356.191,2273.893,2348.472,2313.402,1947710600.0,18407578069.0,0.005211,1.0,1.515942,0.0,0.0,0.0,0.0,0.0,1.0,1.0,1.0,9.450879442253896,SH000300
2008-08-20,2332.386,2533.303,2312.176,2532.94,2348.472,4504341500.0,44564422655.0,0.012052,1.0,7.85481,0.0,0.0,0.0,0.0,0.0,1.0,1.0,1.0,9.893659851279038,SH000300
2008-08-21,2494.262,2535.862,2438.86,2443.979,2532.94,3751804000.0,39651327296.0,0.010038,1.0,-3.512161,0.0,0.0,0.0,0.0,0.0,1.0,1.0,1.0,10.568603076280104,SH000300
2008-08-22,2421.249,2437.432,2362.631,2404.928,2443.979,2629824100.0,26183849138.0,0.00701,1.0,-1.597846,0.0,0.0,0.0,0.0,0.0,1.0,1.0,1.0,9.956502086204168,SH000300
2008-08-25,2408.026,2439.907,2373.765,2400.548,2404.928,1864319000.0,18965202140.0,0.004968,1.0,-0.182121,0.0,0.0,0.0,0.0,0.0,1.0,1.0,1.0,10.1727237345111,SH000300
2008-08-26,2370.528,2390.655,2306.936,2331.532,2400.548,2374193700.0,22262896076.0,0.006327,1.0,-2.875015,0.0,0.0,0.0,0.0,0.0,1.0,1.0,1.0,9.377034433205681,SH000300
2008-08-27,2322.539,2367.717,2291.35,2325.292,2331.532,2386258400.0,23579970667.0,0.006359,1.0,-0.267635,0.0,0.0,0.0,0.0,0.0,1.0,1.0,1.0,9.881566332883311,SH000300
2008-08-28,2325.262,2363.563,2316.682,2335.865,2325.292,2040029100.0,21711091860.0,0.005436,1.0,0.454695,0.0,0.0,0.0,0.0,0.0,1.0,1.0,1.0,10.642540275528422,SH000300
2008-08-29,2347.4,2418.051,2339.518,2391.64,2335.865,2887784500.0,29000899630.0,0.007685,1.0,2.387762,0.0,0.0,0.0,0.0,0.0,1.0,1.0,1.0,10.042612123584707,SH000300
2008-09-01,2372.638,2372.638,2297.023,2309.171,2391.64,2115280300.0,21384882095.0,0.005618,1.0,-3.44822,0.0,0.0,0.0,0.0,0.0,1.0,1.0,1.0,10.109715528008273,SH000300
2008-09-02,2292.686,2309.206,2268.004,2285.411,2309.171,1844049800.0,18645029580.0,0.004898,1.0,-1.028941,0.0,0.0,0.0,0.0,0.0,1.0,1.0,1.0,10.110914347324025,SH000300
2008-09-03,2279.598,2296.032,2219.559,2245.964,2285.411,2374947400.0,24066625119.0,0.006308,1.0,-1.726026,0.0,0.0,0.0,0.0,0.0,1.0,1.0,1.0,10.133540270828735,SH000300
2008-09-04,2238.645,2270.411,2216.112,2251.146,2245.964,1898478000.0,18548580309.0,0.005043,1.0,0.23072,0.0,0.0,0.0,0.0,0.0,1.0,1.0,1.0,9.77023716313805,SH000300
2008-09-05,2193.038,2221.093,2172.941,2183.432,2251.146,2165448000.0,19709566302.0,0.005749,1.0,-3.007984,0.0,0.0,0.0,0.0,0.0,1.0,1.0,1.0,9.101842344863512,SH000300
2008-09-08,2189.822,2198.761,2119.124,2126.518,2183.432,2218655400.0,20114131884.0,0.005886,1.0,-2.606622,0.0,0.0,0.0,0.0,0.0,1.0,1.0,1.0,9.065910769198316,SH000300
2008-09-09,2135.223,2150.988,2111.404,2139.145,2126.518,1762429800.0,15480632761.0,0.004676,1.0,0.593785,0.0,0.0,0.0,0.0,0.0,1.0,1.0,1.0,8.783687589145394,SH000300
2008-09-10,2124.965,2181.253,2099.234,2143.176,2139.145,2205784400.0,20307095402.0,0.005852,1.0,0.18844,0.0,0.0,0.0,0.0,0.0,1.0,1.0,1.0,9.206292057374238,SH000300
2008-09-11,2135.453,2141.995,2067.249,2072.126,2143.176,2217678100.0,20678010831.0,0.005884,1.0,-3.315176,0.0,0.0,0.0,0.0,0.0,1.0,1.0,1.0,9.324171452565636,SH000300
2008-09-12,2071.061,2102.979,2066.437,2077.846,2072.126,1919702000.0,17652324498.0,0.005086,1.0,0.276044,0.0,0.0,0.0,0.0,0.0,1.0,1.0,1.0,9.195346203733704,SH000300
2008-09-16,2050.316,2050.316,1987.298,2000.651,2077.846,3356326100.0,28769300455.0,0.008888,1.0,-3.715143,0.0,0.0,0.0,0.0,0.0,1.0,1.0,1.0,8.571664253661169,SH000300
2008-09-17,1981.252,2003.908,1923.55,1929.135,2000.651,3286224200.0,26988614854.0,0.008699,1.0,-3.574636,0.0,0.0,0.0,0.0,0.0,1.0,1.0,1.0,8.212651727779255,SH000300
2008-09-18,1876.965,1936.735,1804.77,1895.99,1929.135,4782026300.0,36844924114.0,0.012657,1.0,-1.718128,0.0,0.0,0.0,0.0,0.0,1.0,1.0,1.0,7.704876929263229,SH000300
2008-09-19,2065.779,2073.113,2046.222,2073.113,1895.99,3652540400.0,32104719707.0,0.009598,1.0,9.341982,0.0,0.0,0.0,0.0,0.0,1.0,1.0,1.0,8.78969598994716,SH000300
2008-09-22,2228.366,2258.424,2130.315,2207.614,2073.113,10199387300.0,98415575949.0,0.026799,1.0,6.487875,0.0,0.0,0.0,0.0,0.0,1.0,1.0,1.0,9.649165489479941,SH000300
2008-09-23,2141.6,2180.368,2118.92,2123.478,2207.614,7836561700.0,69516678145.0,0.020553,1.0,-3.811173,0.0,0.0,0.0,0.0,0.0,1.0,1.0,1.0,8.870813605027827,SH000300
2008-09-24,2072.652,2139.222,2050.967,2138.853,2123.478,4532818000.0,40183637783.0,0.011879,1.0,0.724048,0.0,0.0,0.0,0.0,0.0,1.0,1.0,1.0,8.865045493333286,SH000300
2008-09-25,2143.729,2256.271,2139.616,2223.532,2138.853,7423791200.0,71758274921.0,0.019455,1.0,3.959082,0.0,0.0,0.0,0.0,0.0,1.0,1.0,1.0,9.66598776660098,SH000300
2008-09-26,2234.459,2257.161,2192.129,2243.657,2223.532,5942994300.0,59518096758.0,0.015529,1.0,0.905092,0.0,0.0,0.0,0.0,0.0,1.0,1.0,1.0,10.014833222707281,SH000300
2008-10-06,2206.563,2206.563,2128.271,2128.696,2243.657,4557526400.0,41827343311.0,0.011905,1.0,-5.12382,0.0,0.0,0.0,0.0,0.0,1.0,1.0,1.0,9.177641474770173,SH000300
2008-10-07,2043.923,2136.124,2024.648,2102.448,2128.696,4306532500.0,41512000958.0,0.01125,1.0,-1.233057,0.0,0.0,0.0,0.0,0.0,1.0,1.0,1.0,9.639309806207198,SH000300
2008-10-08,2041.991,2073.067,2000.522,2022.881,2102.448,3687470000.0,34689894735.0,0.009613,1.0,-3.784494,0.0,0.0,0.0,0.0,0.0,1.0,1.0,1.0,9.407505616316879,SH000300
2008-10-09,2059.585,2063.304,1993.01,1995.297,2022.881,3358231100.0,31760285142.0,0.008755,1.0,-1.363599,0.0,0.0,0.0,0.0,0.0,1.0,1.0,1.0,9.457444766680888,SH000300
2008-10-10,1913.265,1938.215,1881.673,1906.96,1995.297,3915159300.0,32924106745.0,0.010207,1.0,-4.427262,0.0,0.0,0.0,0.0,0.0,1.0,1.0,1.0,8.4093913483929,SH000300
2008-10-13,1889.754,1985.63,1841.533,1985.486,1906.96,4353812000.0,37606423760.0,0.01135,1.0,4.117863,0.0,0.0,0.0,0.0,0.0,1.0,1.0,1.0,8.637585582473474,SH000300
2008-10-14,2054.408,2060.488,1934.459,1934.619,1985.486,5433194600.0,48975116647.0,0.014163,1.0,-2.561939,0.0,0.0,0.0,0.0,0.0,1.0,1.0,1.0,9.014055312320306,SH000300
2008-10-15,1911.032,1930.634,1892.015,1914.356,1934.619,3189239800.0,26555892254.0,0.008314,1.0,-1.047393,0.0,0.0,0.0,0.0,0.0,1.0,1.0,1.0,8.326715430429534,SH000300
2008-10-16,1833.482,1866.902,1818.933,1820.903,1914.356,4052964800.0,32493846831.0,0.010447,1.0,-4.881694,0.0,0.0,0.0,0.0,0.0,1.0,1.0,1.0,8.01730299532826,SH000300
2008-10-17,1837.914,1851.332,1805.667,1833.262,1820.903,2871542000.0,23017436110.0,0.007402,1.0,0.67873,0.0,0.0,0.0,0.0,0.0,1.0,1.0,1.0,8.0157058855486,SH000300
2008-10-20,1828.414,1899.347,1802.095,1896.733,1833.262,3327715200.0,28435447591.0,0.008578,1.0,3.462193,0.0,0.0,0.0,0.0,0.0,1.0,1.0,1.0,8.545036423489606,SH000300
2008-10-21,1901.244,1928.194,1880.517,1881.406,1896.733,3890839500.0,33588996418.0,0.010029,1.0,-0.808075,0.0,0.0,0.0,0.0,0.0,1.0,1.0,1.0,8.632840398068335,SH000300
2008-10-22,1854.6,1887.305,1832.446,1833.323,1881.406,3296857200.0,26562835681.0,0.008496,1.0,-2.555696,0.0,0.0,0.0,0.0,0.0,1.0,1.0,1.0,8.057017356105082,SH000300
2008-10-23,1794.681,1836.413,1779.134,1834.78,1833.323,3575865400.0,29078802729.0,0.009213,1.0,0.079475,0.0,0.0,0.0,0.0,0.0,1.0,1.0,1.0,8.131962329734224,SH000300
2008-10-24,1831.463,1840.884,1769.11,1781.598,1834.78,3298066800.0,27101012205.0,0.008442,1.0,-2.89855,0.0,0.0,0.0,0.0,0.0,1.0,1.0,1.0,8.217241750530947,SH000300
2008-10-27,1746.668,1746.668,1652.792,1654.671,1781.598,3644184700.0,27867517905.0,0.009325,1.0,-7.124334,0.0,0.0,0.0,0.0,0.0,1.0,1.0,1.0,7.647120055413217,SH000300
2008-10-28,1614.616,1716.306,1607.674,1705.82,1654.671,4679280400.0,36435875520.0,0.011973,1.0,3.091184,0.0,0.0,0.0,0.0,0.0,1.0,1.0,1.0,7.786640766387926,SH000300
2008-10-29,1723.234,1731.256,1657.653,1658.223,1705.82,3886948800.0,31224265101.0,0.009946,1.0,-2.790267,0.0,0.0,0.0,0.0,0.0,1.0,1.0,1.0,8.033104295327997,SH000300
2008-10-30,1669.968,1723.929,1646.345,1697.656,1658.223,4128429200.0,32165805381.0,0.010557,1.0,2.378026,0.0,0.0,0.0,0.0,0.0,1.0,1.0,1.0,7.791293933537724,SH000300
2008-10-31,1688.09,1696.647,1655.088,1663.66,1697.656,2831453400.0,21281902723.0,0.007228,1.0,-2.002524,0.0,0.0,0.0,0.0,0.0,1.0,1.0,1.0,7.516246858592128,SH000300
2008-11-03,1648.556,1684.559,1643.418,1653.542,1663.66,2538109700.0,19514009916.0,0.006479,1.0,-0.60818,0.0,0.0,0.0,0.0,0.0,1.0,1.0,1.0,7.688402875573108,SH000300
2008-11-04,1646.201,1648.451,1606.731,1627.759,1653.542,2610016500.0,18984761503.0,0.006661,1.0,-1.559256,0.0,0.0,0.0,0.0,0.0,1.0,1.0,1.0,7.273808998142349,SH000300
2008-11-05,1641.264,1714.661,1641.264,1691.42,1627.759,4241821000.0,31500415037.0,0.010823,1.0,3.91096,0.0,0.0,0.0,0.0,0.0,1.0,1.0,1.0,7.426153776173016,SH000300
2008-11-06,1648.127,1661.441,1638.344,1649.776,1691.42,3078417900.0,21547045143.0,0.007854,1.0,-2.462076,0.0,0.0,0.0,0.0,0.0,1.0,1.0,1.0,6.999389245690132,SH000300
2008-11-07,1618.753,1690.105,1612.739,1677.827,1649.776,3152159000.0,23620464927.0,0.008043,1.0,1.700293,0.0,0.0,0.0,0.0,0.0,1.0,1.0,1.0,7.493424325041979,SH000300
2008-11-10,1714.123,1803.119,1714.123,1801.665,1677.827,6394885900.0,47322292085.0,0.016316,1.0,7.380857,0.0,0.0,0.0,0.0,0.0,1.0,1.0,1.0,7.400021333453346,SH000300
2008-11-11,1795.301,1824.929,1778.332,1781.361,1801.665,6607285100.0,49194274324.0,0.016858,1.0,-1.126962,0.0,0.0,0.0,0.0,0.0,1.0,1.0,1.0,7.445459607002579,SH000300
2008-11-12,1758.479,1806.23,1754.288,1801.823,1781.361,4408796000.0,34453792525.0,0.011249,1.0,1.148674,0.0,0.0,0.0,0.0,0.0,1.0,1.0,1.0,7.814784926542303,SH000300
2008-11-13,1777.031,1891.942,1765.635,1874.082,1801.823,8323455200.0,64988756213.0,0.021237,1.0,4.010329,0.0,0.0,0.0,0.0,0.0,1.0,1.0,1.0,7.807906050001927,SH000300
2008-11-14,1893.309,1943.654,1874.932,1943.654,1874.082,9116871700.0,73429585039.0,0.023241,1.0,3.712325,0.0,0.0,0.0,0.0,0.0,1.0,1.0,1.0,8.054252319795177,SH000300
2008-11-17,1934.737,1987.225,1919.967,1987.225,1943.654,8783662600.0,70919184237.0,0.022358,1.0,2.241702,0.0,0.0,0.0,0.0,0.0,1.0,1.0,1.0,8.073987750508541,SH000300
2008-11-18,1974.378,1994.82,1831.757,1839.819,1987.225,9727835300.0,76165748641.0,0.024758,1.0,-7.417681,0.0,0.0,0.0,0.0,0.0,1.0,1.0,1.0,7.829670866343718,SH000300
2008-11-19,1831.597,1959.522,1823.273,1953.163,1839.819,8211740800.0,64838117216.0,0.020899,1.0,6.160606,0.0,0.0,0.0,0.0,0.0,1.0,1.0,1.0,7.895782245830263,SH000300
2008-11-20,1916.7,1976.95,1900.268,1932.428,1953.163,8318703800.0,66919038879.0,0.021165,1.0,-1.061611,0.0,0.0,0.0,0.0,0.0,1.0,1.0,1.0,8.044406975880065,SH000300
2008-11-21,1872.265,1968.892,1835.086,1920.735,1932.428,8304932900.0,66124274844.0,0.021061,1.0,-0.605093,0.0,0.0,0.0,0.0,0.0,1.0,1.0,1.0,7.962048055078205,SH000300
2008-11-24,1913.993,1923.933,1835.863,1837.642,1920.735,5056151700.0,39794620401.0,0.012811,1.0,-4.326105,0.0,0.0,0.0,0.0,0.0,1.0,1.0,1.0,7.870535292878969,SH000300
2008-11-25,1870.055,1883.104,1801.56,1834.294,1837.642,4281459000.0,34629652337.0,0.010848,1.0,-0.182191,0.0,0.0,0.0,0.0,0.0,1.0,1.0,1.0,8.088283068225108,SH000300
2008-11-26,1832.114,1865.652,1815.015,1843.495,1834.294,4556563500.0,34732301415.0,0.01154,1.0,0.501613,0.0,0.0,0.0,0.0,0.0,1.0,1.0,1.0,7.622477205683626,SH000300
2008-11-27,1961.891,1969.024,1870.045,1870.473,1843.495,8800832200.0,71753358088.0,0.02229,1.0,1.463417,0.0,0.0,0.0,0.0,0.0,1.0,1.0,1.0,8.153019675571135,SH000300
2008-11-28,1851.103,1866.256,1815.447,1829.924,1870.473,5159066000.0,40648514423.0,0.013035,1.0,-2.167851,0.0,0.0,0.0,0.0,0.0,1.0,1.0,1.0,7.879045242491567,SH000300
2008-12-01,1823.769,1864.3,1799.839,1864.205,1829.924,4838633300.0,38237160240.0,0.012207,1.0,1.873357,0.0,0.0,0.0,0.0,0.0,1.0,1.0,1.0,7.902471187473537,SH000300
2008-12-02,1821.543,1891.133,1814.903,1868.631,1864.205,6135023500.0,48151924129.0,0.015477,1.0,0.237422,0.0,0.0,0.0,0.0,0.0,1.0,1.0,1.0,7.848694325131762,SH000300
2008-12-03,1884.601,1952.668,1884.601,1952.668,1868.631,8501914400.0,67393273254.0,0.021419,1.0,4.497249,0.0,0.0,0.0,0.0,0.0,1.0,1.0,1.0,7.926835073051312,SH000300
2008-12-04,1980.445,2046.473,1978.141,1982.928,1952.668,11918344100.0,98580218133.0,0.030027,1.0,1.549675,0.0,0.0,0.0,0.0,0.0,1.0,1.0,1.0,8.271301558829805,SH000300
2008-12-05,1969.741,2014.197,1965.089,2013.175,1982.928,7436632600.0,59950691704.0,0.018711,1.0,1.525374,0.0,0.0,0.0,0.0,0.0,1.0,1.0,1.0,8.06153738238998,SH000300
2008-12-08,2040.474,2095.465,2033.978,2095.036,2013.175,10760713100.0,89176050245.0,0.027074,1.0,4.066255,0.0,0.0,0.0,0.0,0.0,1.0,1.0,1.0,8.287187792879637,SH000300
2008-12-09,2104.124,2107.599,2038.072,2040.847,2095.036,9250981400.0,77546690089.0,0.023241,1.0,-2.586535,0.0,0.0,0.0,0.0,0.0,1.0,1.0,1.0,8.382536591090757,SH000300
2008-12-10,2028.514,2096.393,2014.283,2096.393,2040.847,8327106200.0,70751388012.0,0.02092,1.0,2.721714,0.0,0.0,0.0,0.0,0.0,1.0,1.0,1.0,8.496515633726396,SH000300
2008-12-11,2087.43,2107.292,2043.62,2046.337,2096.393,7355623600.0,63777696206.0,0.018445,1.0,-2.387722,0.0,0.0,0.0,0.0,0.0,1.0,1.0,1.0,8.67060356459784,SH000300
2008-12-12,2027.069,2038.185,1936.28,1960.38,2046.337,6738726600.0,54866552688.0,0.01688,1.0,-4.200531,0.0,0.0,0.0,0.0,0.0,1.0,1.0,1.0,8.141976362121591,SH000300
2008-12-15,1991.551,2006.225,1941.054,1975.034,1960.38,5045109600.0,40756443942.0,0.012638,1.0,0.747511,0.0,0.0,0.0,0.0,0.0,1.0,1.0,1.0,8.078406055242091,SH000300
2008-12-16,1956.995,1994.959,1919.869,1994.45,1975.034,4792487800.0,38552247941.0,0.012002,1.0,0.983066,0.0,0.0,0.0,0.0,0.0,1.0,1.0,1.0,8.04430799823841,SH000300
2008-12-17,2002.029,2030.388,1995.65,2001.42,1994.45,5868515000.0,49120177368.0,0.014696,1.0,0.349474,0.0,0.0,0.0,0.0,0.0,1.0,1.0,1.0,8.370120442394711,SH000300
2008-12-18,2001.048,2045.945,1982.428,2045.102,2001.42,5842922400.0,48455152683.0,0.014632,1.0,2.182551,0.0,0.0,0.0,0.0,0.0,1.0,1.0,1.0,8.29296529472991,SH000300
2008-12-19,2037.369,2075.384,2033.112,2052.114,2045.102,6331122700.0,53410396118.0,0.015847,1.0,0.342866,0.0,0.0,0.0,0.0,0.0,1.0,1.0,1.0,8.436165060898283,SH000300
2008-12-22,2050.77,2055.366,1993.326,2017.549,2052.114,5294946400.0,43843460414.0,0.013226,1.0,-1.684364,0.0,0.0,0.0,0.0,0.0,1.0,1.0,1.0,8.280246314485828,SH000300
2008-12-23,2019.231,2019.231,1918.432,1918.955,2017.549,6359046400.0,50825766644.0,0.015884,1.0,-4.88682,0.0,0.0,0.0,0.0,0.0,1.0,1.0,1.0,7.992671140754689,SH000300
2008-12-24,1893.225,1912.775,1872.647,1887.075,1918.955,4420183100.0,34210526666.0,0.011041,1.0,-1.661321,0.0,0.0,0.0,0.0,0.0,1.0,1.0,1.0,7.739617543445203,SH000300
2008-12-25,1891.526,1902.714,1848.708,1870.765,1887.075,3991683400.0,30805996716.0,0.009931,1.0,-0.864297,0.0,0.0,0.0,0.0,0.0,1.0,1.0,1.0,7.717545112921531,SH000300
2008-12-26,1868.344,1881.077,1850.502,1862.096,1870.765,3456088800.0,28536313731.0,0.008581,1.0,-0.463397,0.0,0.0,0.0,0.0,0.0,1.0,1.0,1.0,8.256823068608654,SH000300
2008-12-29,1852.413,1861.302,1816.059,1854.757,1862.096,3598687300.0,29329563341.0,0.008839,1.0,-0.394125,0.0,0.0,0.0,0.0,0.0,1.0,1.0,1.0,8.150072761531684,SH000300
2008-12-30,1852.949,1867.408,1824.528,1833.435,1854.757,3758462700.0,29628506787.0,0.00918,1.0,-1.149579,0.0,0.0,0.0,0.0,0.0,1.0,1.0,1.0,7.883145092007964,SH000300
2008-12-31,1835.105,1844.416,1813.726,1817.722,1833.435,3563135500.0,27291914244.0,0.008711,1.0,-0.857026,0.0,0.0,0.0,0.0,0.0,1.0,1.0,1.0,7.659521857644763,SH000300
2009-01-05,1848.326,1882.959,1837.839,1882.959,1817.722,4818702000.0,39217076790.0,0.011597,1.0,3.588939,0.0,0.0,0.0,0.0,0.0,1.0,1.0,1.0,8.13851464356999,SH000300
2009-01-06,1880.672,1948.489,1873.011,1942.795,1882.959,7097409700.0,59262170581.0,0.017038,1.0,3.177768,0.0,0.0,0.0,0.0,0.0,1.0,1.0,1.0,8.349830865900273,SH000300
2009-01-07,1942.671,1959.246,1930.868,1931.178,1942.795,5970216700.0,50143418262.0,0.014332,1.0,-0.597956,0.0,0.0,0.0,0.0,0.0,1.0,1.0,1.0,8.398927674099333,SH000300
2009-01-08,1894.664,1902.796,1873.648,1887.991,1931.178,5344649000.0,47210802398.0,0.01283,1.0,-2.236304,0.0,0.0,0.0,0.0,0.0,1.0,1.0,1.0,8.833283981417676,SH000300
2009-01-09,1886.488,1923.423,1886.488,1918.365,1887.991,4740721600.0,41511211439.0,0.011378,1.0,1.608801,0.0,0.0,0.0,0.0,0.0,1.0,1.0,1.0,8.756306516501622,SH000300
2009-01-12,1911.736,1947.083,1905.617,1920.687,1918.365,5423415600.0,46981492708.0,0.013004,1.0,0.121042,0.0,0.0,0.0,0.0,0.0,1.0,1.0,1.0,8.66271297888364,SH000300
2009-01-13,1892.655,1908.196,1874.974,1876.185,1920.687,4981813700.0,40201464676.0,0.011945,1.0,-2.316981,0.0,0.0,0.0,0.0,0.0,1.0,1.0,1.0,8.069644329734771,SH000300
2009-01-14,1873.626,1955.244,1873.626,1955.244,1876.185,5928323100.0,52658994886.0,0.014214,1.0,4.213814,0.0,0.0,0.0,0.0,0.0,1.0,1.0,1.0,8.882612164981358,SH000300
2009-01-15,1935.386,1977.191,1930.295,1954.874,1955.244,7894364800.0,67144772684.0,0.018917,1.0,-0.018923,0.0,0.0,0.0,0.0,0.0,1.0,1.0,1.0,8.50540536003606,SH000300
2009-01-16,1965.44,2026.647,1965.44,1990.214,1954.874,9653863300.0,84717648664.0,0.023134,1.0,1.807787,0.0,0.0,0.0,0.0,0.0,1.0,1.0,1.0,8.775517741586418,SH000300
2009-01-19,2010.579,2052.19,1993.95,2012.465,1990.214,8194817700.0,69785530299.0,0.019637,1.0,1.118019,0.0,0.0,0.0,0.0,0.0,1.0,1.0,1.0,8.515812413862482,SH000300
2009-01-20,2006.525,2025.19,1986.061,2025.19,2012.465,5325926200.0,45640127686.0,0.012763,1.0,0.632308,0.0,0.0,0.0,0.0,0.0,1.0,1.0,1.0,8.569425480585894,SH000300
2009-01-21,1993.67,2047.105,1988.241,2021.71,2025.19,6411742800.0,59914192082.0,0.015353,1.0,-0.171835,0.0,0.0,0.0,0.0,0.0,1.0,1.0,1.0,9.344447204276504,SH000300
2009-01-22,2034.286,2048.484,2012.738,2044.551,2021.71,5886194700.0,53439127032.0,0.014094,1.0,1.129789,0.0,0.0,0.0,0.0,0.0,1.0,1.0,1.0,9.078722290990477,SH000300
2009-01-23,2039.522,2054.326,2025.188,2032.682,2044.551,5750410900.0,49887828217.0,0.013768,1.0,-0.58052,0.0,0.0,0.0,0.0,0.0,1.0,1.0,1.0,8.675524077244637,SH000300
2009-02-02,2052.439,2059.338,2029.717,2057.063,2032.682,5145390600.0,46126546742.0,0.012278,1.0,1.199449,0.0,0.0,0.0,0.0,0.0,1.0,1.0,1.0,8.96463462696107,SH000300
2009-02-03,2056.795,2108.944,2049.889,2108.91,2057.063,8764030200.0,75554097848.0,0.020912,1.0,2.520434,0.0,0.0,0.0,0.0,0.0,1.0,1.0,1.0,8.620930795971013,SH000300
2009-02-04,2118.563,2166.414,2117.024,2166.414,2108.91,10088842800.0,87192159423.0,0.024074,1.0,2.726724,0.0,0.0,0.0,0.0,0.0,1.0,1.0,1.0,8.642434137540532,SH000300
2009-02-05,2164.546,2211.179,2135.67,2150.971,2166.414,11510012200.0,101712444216.0,0.027465,1.0,-0.712842,0.0,0.0,0.0,0.0,0.0,1.0,1.0,1.0,8.836866759880584,SH000300
2009-02-06,2158.084,2240.021,2158.084,2237.28,2150.971,10666490400.0,95640063068.0,0.025452,1.0,4.012564,0.0,0.0,0.0,0.0,0.0,1.0,1.0,1.0,8.966404082452463,SH000300
2009-02-09,2271.593,2307.907,2257.49,2296.672,2237.28,12952367000.0,119886790885.0,0.030858,1.0,2.654656,0.0,0.0,0.0,0.0,0.0,1.0,1.0,1.0,9.255975443330165,SH000300
2009-02-10,2288.071,2327.1,2263.532,2326.755,2296.672,11629454800.0,107891600946.0,0.02769,1.0,1.309842,0.0,0.0,0.0,0.0,0.0,1.0,1.0,1.0,9.277442734976708,SH000300
2009-02-11,2287.232,2381.193,2275.574,2331.138,2326.755,14757663700.0,144588094957.0,0.035138,1.0,0.188376,0.0,0.0,0.0,0.0,0.0,1.0,1.0,1.0,9.797492197697933,SH000300
2009-02-12,2335.401,2344.659,2248.484,2318.343,2331.138,11982621800.0,116050219818.0,0.028486,1.0,-0.54887,0.0,0.0,0.0,0.0,0.0,1.0,1.0,1.0,9.684877129143807,SH000300
2009-02-13,2321.56,2402.436,2307.09,2399.065,2318.343,14040991000.0,134471079614.0,0.03338,1.0,3.48188,0.0,0.0,0.0,0.0,0.0,1.0,1.0,1.0,9.577036237257042,SH000300
2009-02-16,2421.187,2462.389,2397.181,2462.245,2399.065,15234666900.0,147380378887.0,0.036182,1.0,2.633533,0.0,0.0,0.0,0.0,0.0,1.0,1.0,1.0,9.674013869446663,SH000300
2009-02-17,2460.569,2470.623,2384.787,2385.293,2462.245,14101499100.0,137971308088.0,0.033491,1.0,-3.125284,0.0,0.0,0.0,0.0,0.0,1.0,1.0,1.0,9.784158911728754,SH000300
2009-02-18,2331.662,2369.053,2272.505,2275.843,2385.293,11542206200.0,112455677669.0,0.027412,1.0,-4.588533,0.0,0.0,0.0,0.0,0.0,1.0,1.0,1.0,9.742996765124504,SH000300
2009-02-19,2295.653,2324.675,2259.593,2298.412,2275.843,9085392800.0,88398854014.0,0.021568,1.0,0.99168,0.0,0.0,0.0,0.0,0.0,1.0,1.0,1.0,9.729777892927205,SH000300
2009-02-20,2300.806,2344.77,2276.298,2344.32,2298.412,8663206900.0,85247213566.0,0.020566,1.0,1.997377,0.0,0.0,0.0,0.0,0.0,1.0,1.0,1.0,9.840145173723139,SH000300
2009-02-23,2333.809,2419.533,2307.921,2410.481,2344.32,10946540300.0,109379770711.0,0.025974,1.0,2.822178,0.0,0.0,0.0,0.0,0.0,1.0,1.0,1.0,9.992177227995954,SH000300
2009-02-24,2376.697,2411.906,2294.522,2301.849,2410.481,12701755500.0,127131165758.0,0.030139,1.0,-4.506646,0.0,0.0,0.0,0.0,0.0,1.0,1.0,1.0,10.008944492593956,SH000300
2009-02-25,2325.039,2337.423,2226.444,2304.251,2301.849,10787752800.0,108878060725.0,0.025597,1.0,0.104345,0.0,0.0,0.0,0.0,0.0,1.0,1.0,1.0,10.092747094186288,SH000300
2009-02-26,2295.426,2332.346,2167.149,2190.185,2304.251,10220038500.0,101795386404.0,0.024243,1.0,-4.950238,0.0,0.0,0.0,0.0,0.0,1.0,1.0,1.0,9.960372106621712,SH000300
2009-02-27,2164.54,2186.819,2117.061,2140.489,2190.185,8707641500.0,80337456328.0,0.020655,1.0,-2.269034,0.0,0.0,0.0,0.0,0.0,1.0,1.0,1.0,9.226086802953475,SH000300
2009-03-02,2123.367,2177.294,2112.336,2164.666,2140.489,6274618100.0,60877953675.0,0.014649,1.0,1.129508,0.0,0.0,0.0,0.0,0.0,1.0,1.0,1.0,9.70225640903946,SH000300
2009-03-03,2109.841,2168.222,2100.644,2142.154,2164.666,6616731400.0,64109642424.0,0.01543,1.0,-1.039974,0.0,0.0,0.0,0.0,0.0,1.0,1.0,1.0,9.689019932711792,SH000300
2009-03-04,2150.239,2290.94,2150.239,2285.149,2142.154,11075003300.0,105872088843.0,0.025826,1.0,6.675284,0.0,0.0,0.0,0.0,0.0,1.0,1.0,1.0,9.55955370622779,SH000300
2009-03-05,2314.079,2340.371,2259.8,2304.919,2285.149,13198734700.0,128866644423.0,0.030779,1.0,0.865152,0.0,0.0,0.0,0.0,0.0,1.0,1.0,1.0,9.763560473944521,SH000300
2009-03-06,2260.756,2313.2,2255.818,2286.576,2304.919,8596545000.0,85495320495.0,0.020044,1.0,-0.795821,0.0,0.0,0.0,0.0,0.0,1.0,1.0,1.0,9.94531180782512,SH000300
2009-03-09,2302.011,2333.98,2198.545,2202.527,2286.576,8655594800.0,83758904259.0,0.020139,1.0,-3.675751,0.0,0.0,0.0,0.0,0.0,1.0,1.0,1.0,9.676851353878073,SH000300
2009-03-10,2175.306,2241.238,2168.324,2240.782,2202.527,5666044900.0,55058099404.0,0.013183,1.0,1.736863,0.0,0.0,0.0,0.0,0.0,1.0,1.0,1.0,9.717201394574195,SH000300
2009-03-11,2288.053,2292.396,2212.882,2220.38,2240.782,7083867600.0,70589122656.0,0.016482,1.0,-0.91049,0.0,0.0,0.0,0.0,0.0,1.0,1.0,1.0,9.964771596803983,SH000300
2009-03-12,2208.041,2220.303,2156.598,2215.7,2220.38,5570011100.0,53843902595.0,0.01296,1.0,-0.210772,0.0,0.0,0.0,0.0,0.0,1.0,1.0,1.0,9.666749603963986,SH000300
2009-03-13,2229.25,2250.239,2200.974,2205.422,2215.7,5408309400.0,54636247867.0,0.01256,1.0,-0.463864,0.0,0.0,0.0,0.0,0.0,1.0,1.0,1.0,10.102278517386598,SH000300
2009-03-16,2197.248,2247.11,2180.051,2241.614,2205.422,4877385400.0,48128301349.0,0.011321,1.0,1.641042,0.0,0.0,0.0,0.0,0.0,1.0,1.0,1.0,9.867643707015649,SH000300
2009-03-17,2244.11,2329.298,2239.668,2322.403,2241.614,9298052800.0,94028682141.0,0.021581,1.0,3.604058,0.0,0.0,0.0,0.0,0.0,1.0,1.0,1.0,10.112728348993674,SH000300
2009-03-18,2335.417,2370.558,2328.856,2332.652,2322.403,10187007100.0,103619595621.0,0.023633,1.0,0.441311,0.0,0.0,0.0,0.0,0.0,1.0,1.0,1.0,10.171740787438933,SH000300
2009-03-19,2337.524,2386.228,2331.259,2382.564,2332.652,9731876600.0,101348435416.0,0.022567,1.0,2.139705,0.0,0.0,0.0,0.0,0.0,1.0,1.0,1.0,10.414069103177901,SH000300
2009-03-20,2389.892,2397.207,2343.269,2379.838,2382.564,10939673800.0,114786506801.0,0.025368,1.0,-0.114418,0.0,0.0,0.0,0.0,0.0,1.0,1.0,1.0,10.49268094273524,SH000300
2009-03-23,2384.67,2448.351,2375.522,2439.395,2379.838,11631304900.0,127794033635.0,0.02695,1.0,2.502571,0.0,0.0,0.0,0.0,0.0,1.0,1.0,1.0,10.987076233811049,SH000300
2009-03-24,2477.567,2483.833,2440.527,2451.783,2439.395,11199352500.0,121593359529.0,0.025949,1.0,0.507828,0.0,0.0,0.0,0.0,0.0,1.0,1.0,1.0,10.857177638528656,SH000300
2009-03-25,2435.633,2472.938,2401.052,2401.327,2451.783,9581666000.0,105406227888.0,0.022183,1.0,-2.057933,0.0,0.0,0.0,0.0,0.0,1.0,1.0,1.0,11.000824688316207,SH000300
2009-03-26,2407.762,2479.826,2379.951,2479.789,2401.327,11324945200.0,118048783001.0,0.026218,1.0,3.26745,0.0,0.0,0.0,0.0,0.0,1.0,1.0,1.0,10.423784037471545,SH000300
2009-03-27,2500.998,2516.384,2481.687,2498.931,2479.789,13536854600.0,134140077362.0,0.031324,1.0,0.771914,0.0,0.0,0.0,0.0,0.0,1.0,1.0,1.0,9.909250067737302,SH000300
2009-03-30,2501.312,2508.138,2471.367,2484.487,2498.931,9415166500.0,100003474431.0,0.021666,1.0,-0.578001,0.0,0.0,0.0,0.0,0.0,1.0,1.0,1.0,10.621530105813848,SH000300
2009-03-31,2436.778,2507.899,2423.571,2507.789,2484.487,9546175200.0,106631226372.0,0.021948,1.0,0.9379,0.0,0.0,0.0,0.0,0.0,1.0,1.0,1.0,11.170047075188815,SH000300
2009-04-01,2519.886,2566.536,2519.886,2548.222,2507.789,12630762500.0,137117558492.0,0.02904,1.0,1.612291,0.0,0.0,0.0,0.0,0.0,1.0,1.0,1.0,10.855841719136118,SH000300
2009-04-02,2558.768,2599.252,2558.264,2576.4,2548.222,13514680600.0,143708978344.0,0.031073,1.0,1.10579,0.0,0.0,0.0,0.0,0.0,1.0,1.0,1.0,10.633546037632588,SH000300
2009-04-03,2597.916,2612.37,2555.615,2570.503,2576.4,12365521600.0,131075730846.0,0.028311,1.0,-0.228884,0.0,0.0,0.0,0.0,0.0,1.0,1.0,1.0,10.600097196546889,SH000300
2009-04-07,2570.625,2597.062,2543.646,2576.95,2570.503,8608325700.0,93919114170.0,0.019665,1.0,0.250808,0.0,0.0,0.0,0.0,0.0,1.0,1.0,1.0,10.910264950825455,SH000300
2009-04-08,2563.722,2573.093,2479.348,2479.348,2576.95,9932809400.0,107144419762.0,0.022691,1.0,-3.787503,0.0,0.0,0.0,0.0,0.0,1.0,1.0,1.0,10.786919938481855,SH000300
2009-04-09,2477.419,2517.741,2457.423,2517.669,2479.348,7459370300.0,82860990025.0,0.01704,1.0,1.54561,0.0,0.0,0.0,0.0,0.0,1.0,1.0,1.0,11.10830897146908,SH000300
2009-04-10,2540.108,2595.598,2530.622,2595.53,2517.669,10414440800.0,121859853111.0,0.023712,1.0,3.092586,0.0,0.0,0.0,0.0,0.0,1.0,1.0,1.0,11.701046215654708,SH000300
2009-04-13,2621.979,2668.282,2619.372,2656.518,2595.53,13901454100.0,156801973804.0,0.031651,1.0,2.349733,0.0,0.0,0.0,0.0,0.0,1.0,1.0,1.0,11.279537570389849,SH000300
2009-04-14,2651.197,2682.908,2637.383,2676.872,2656.518,11049130400.0,126839876808.0,0.025155,1.0,0.766191,0.0,0.0,0.0,0.0,0.0,1.0,1.0,1.0,11.479625293226697,SH000300
2009-04-15,2662.728,2690.642,2627.808,2686.99,2676.872,12066529200.0,133586130111.0,0.027481,1.0,0.377976,0.0,0.0,0.0,0.0,0.0,1.0,1.0,1.0,11.070799887593195,SH000300
2009-04-16,2690.515,2706.625,2643.316,2687.106,2686.99,12372961300.0,131609724618.0,0.028179,1.0,0.004316,0.0,0.0,0.0,0.0,0.0,1.0,1.0,1.0,10.636881618469138,SH000300
2009-04-17,2675.668,2693.291,2628.625,2650.691,2687.106,10152880800.0,116184839128.0,0.023018,1.0,-1.355177,0.0,0.0,0.0,0.0,0.0,1.0,1.0,1.0,11.44353424576796,SH000300
2009-04-20,2643.726,2708.452,2640.989,2707.667,2650.691,9590369400.0,105081493422.0,0.021625,1.0,2.14948,0.0,0.0,0.0,0.0,0.0,1.0,1.0,1.0,10.95698080430562,SH000300
2009-04-21,2670.277,2697.719,2634.529,2675.442,2707.667,10818525200.0,118473952840.0,0.024388,1.0,-1.190143,0.0,0.0,0.0,0.0,0.0,1.0,1.0,1.0,10.951026193477832,SH000300
2009-04-22,2687.857,2713.305,2563.361,2576.281,2675.442,12404641300.0,131945283442.0,0.027964,1.0,-3.706337,0.0,0.0,0.0,0.0,0.0,1.0,1.0,1.0,10.636767339818201,SH000300
2009-04-23,2555.527,2604.162,2543.907,2593.564,2576.281,8088794200.0,84795657156.0,0.018207,1.0,0.670849,0.0,0.0,0.0,0.0,0.0,1.0,1.0,1.0,10.483102309117966,SH000300
2009-04-24,2605.703,2609.874,2570.379,2572.888,2593.564,7336096900.0,81956596002.0,0.016475,1.0,-0.797205,0.0,0.0,0.0,0.0,0.0,1.0,1.0,1.0,11.17168940366641,SH000300
2009-04-27,2566.92,2576.519,2499.442,2513.292,2572.888,7203939000.0,75040611359.0,0.015993,1.0,-2.316306,0.0,0.0,0.0,0.0,0.0,1.0,1.0,1.0,10.416608380359689,SH000300
2009-04-28,2490.526,2531.544,2485.802,2518.531,2513.292,5926498300.0,66247490056.0,0.013157,1.0,0.208452,0.0,0.0,0.0,0.0,0.0,1.0,1.0,1.0,11.178184267090737,SH000300
2009-04-29,2518.854,2615.81,2514.141,2605.37,2518.531,8188500600.0,91496802664.0,0.018168,1.0,3.448007,0.0,0.0,0.0,0.0,0.0,1.0,1.0,1.0,11.17381644497895,SH000300
2009-04-30,2616.485,2640.017,2604.452,2622.926,2605.37,8580934800.0,96903683541.0,0.019014,1.0,0.673836,0.0,0.0,0.0,0.0,0.0,1.0,1.0,1.0,11.292905236967888,SH000300
2009-05-04,2635.129,2715.189,2632.303,2714.301,2622.926,10291656500.0,113351099936.0,0.022804,1.0,3.483705,0.0,0.0,0.0,0.0,0.0,1.0,1.0,1.0,11.013882938669786,SH000300
2009-05-05,2733.107,2751.252,2713.234,2727.014,2714.301,10231372200.0,112641886139.0,0.022667,1.0,0.468367,0.0,0.0,0.0,0.0,0.0,1.0,1.0,1.0,11.009460308657328,SH000300
2009-05-06,2721.817,2771.206,2713.539,2764.979,2727.014,10580665000.0,118232079901.0,0.023415,1.0,1.392185,0.0,0.0,0.0,0.0,0.0,1.0,1.0,1.0,11.17435245336659,SH000300
2009-05-07,2783.577,2797.474,2731.799,2767.076,2764.979,12210116100.0,136965825071.0,0.027022,1.0,0.075839,0.0,0.0,0.0,0.0,0.0,1.0,1.0,1.0,11.217405629009539,SH000300
2009-05-08,2751.499,2800.223,2733.332,2789.219,2767.076,10672498800.0,120873172676.0,0.023587,1.0,0.800233,0.0,0.0,0.0,0.0,0.0,1.0,1.0,1.0,11.325667488105035,SH000300
2009-05-11,2808.139,2839.609,2725.267,2725.316,2789.219,12536445200.0,140455749853.0,0.02765,1.0,-2.291074,0.0,0.0,0.0,0.0,0.0,1.0,1.0,1.0,11.203794027113842,SH000300
2009-05-12,2702.742,2788.612,2699.954,2788.562,2725.316,8869594200.0,93421458334.0,0.019531,1.0,2.320688,0.0,0.0,0.0,0.0,0.0,1.0,1.0,1.0,10.532777061435347,SH000300
2009-05-13,2792.42,2822.711,2775.572,2814.005,2788.562,10711285600.0,123637957553.0,0.023586,1.0,0.912401,0.0,0.0,0.0,0.0,0.0,1.0,1.0,1.0,11.542774805015002,SH000300
2009-05-14,2781.048,2804.477,2757.545,2792.597,2814.005,8263932900.0,96156100934.0,0.018197,1.0,-0.760765,0.0,0.0,0.0,0.0,0.0,1.0,1.0,1.0,11.635634279411924,SH000300
2009-05-15,2800.571,2815.456,2773.322,2796.116,2792.597,6493143100.0,74973035097.0,0.014297,1.0,0.126013,0.0,0.0,0.0,0.0,0.0,1.0,1.0,1.0,11.546493576739438,SH000300
2009-05-18,2782.585,2813.757,2740.92,2810.573,2796.116,7483578600.0,88479091592.0,0.01642,1.0,0.51704,0.0,0.0,0.0,0.0,0.0,1.0,1.0,1.0,11.82309912426122,SH000300
2009-05-19,2836.337,2849.629,2821.951,2840.084,2810.573,9770361700.0,116543189416.0,0.020938,1.0,1.049999,0.0,0.0,0.0,0.0,0.0,1.0,1.0,1.0,11.928236947051817,SH000300
2009-05-20,2843.545,2849.635,2812.599,2812.865,2840.084,8793921500.0,105146163717.0,0.018821,1.0,-0.958387,0.0,0.0,0.0,0.0,0.0,1.0,1.0,1.0,11.95668664053915,SH000300
2009-05-21,2795.828,2808.287,2735.767,2750.01,2812.865,8553539400.0,102875828167.0,0.018294,1.0,-2.234554,0.0,0.0,0.0,0.0,0.0,1.0,1.0,1.0,12.027281731700446,SH000300
2009-05-22,2733.017,2762.741,2719.121,2740.677,2750.01,6149901200.0,74407198653.0,0.013148,1.0,-0.339381,0.0,0.0,0.0,0.0,0.0,1.0,1.0,1.0,12.098925858028418,SH000300
2009-05-25,2684.213,2761.387,2675.285,2752.716,2740.677,7409167100.0,91048816066.0,0.015767,1.0,0.439273,0.0,0.0,0.0,0.0,0.0,1.0,1.0,1.0,12.288670890686214,SH000300
2009-05-26,2757.31,2762.809,2718.555,2719.764,2752.716,7231601200.0,88894895681.0,0.015314,1.0,-1.197078,0.0,0.0,0.0,0.0,0.0,1.0,1.0,1.0,12.292560557819478,SH000300
2009-05-27,2734.418,2768.568,2715.823,2759.712,2719.764,6797664500.0,78602246106.0,0.014368,1.0,1.468804,0.0,0.0,0.0,0.0,0.0,1.0,1.0,1.0,11.56312526250744,SH000300
2009-06-01,2798.927,2864.471,2798.927,2858.342,2759.712,10856488300.0,132967778067.0,0.02293,1.0,3.573928,0.0,0.0,0.0,0.0,0.0,1.0,1.0,1.0,12.24777058590852,SH000300
2009-06-02,2878.528,2892.781,2855.059,2865.099,2858.342,10833839700.0,130131778040.0,0.022857,1.0,0.236399,0.0,0.0,0.0,0.0,0.0,1.0,1.0,1.0,12.0116026859803,SH000300
2009-06-03,2865.732,2939.387,2864.709,2939.387,2865.099,11207331000.0,131606586444.0,0.023562,1.0,2.592854,0.0,0.0,0.0,0.0,0.0,1.0,1.0,1.0,11.742901717099281,SH000300
2009-06-04,2924.267,2961.04,2899.668,2953.751,2939.387,13012771000.0,153770741770.0,0.027357,1.0,0.488674,0.0,0.0,0.0,0.0,0.0,1.0,1.0,1.0,11.816909847256975,SH000300
2009-06-05,2966.065,2975.175,2937.18,2939.306,2953.751,10847632400.0,131347984386.0,0.022763,1.0,-0.489042,0.0,0.0,0.0,0.0,0.0,1.0,1.0,1.0,12.10844722079631,SH000300
2009-06-08,2937.635,2978.233,2912.487,2948.478,2939.306,9611636600.0,114538935098.0,0.020102,1.0,0.312051,0.0,0.0,0.0,0.0,0.0,1.0,1.0,1.0,11.916694301363828,SH000300
2009-06-09,2948.949,2960.902,2892.718,2960.556,2948.478,9198988600.0,108747415613.0,0.019149,1.0,0.409631,0.0,0.0,0.0,0.0,0.0,1.0,1.0,1.0,11.821670875100335,SH000300
2009-06-10,2972.423,2995.699,2966.585,2989.595,2960.556,10179003900.0,116455490983.0,0.021124,1.0,0.980865,0.0,0.0,0.0,0.0,0.0,1.0,1.0,1.0,11.440755119761768,SH000300
2009-06-11,2982.969,3000.857,2951.273,2961.629,2989.595,8711599700.0,101890292029.0,0.018057,1.0,-0.935447,0.0,0.0,0.0,0.0,0.0,1.0,1.0,1.0,11.695933644540624,SH000300
2009-06-12,2955.569,2976.864,2883.318,2906.286,2961.629,8006706700.0,92135559576.0,0.016591,1.0,-1.868668,0.0,0.0,0.0,0.0,0.0,1.0,1.0,1.0,11.507297947606848,SH000300
2009-06-15,2911.423,2967.099,2898.067,2966.192,2906.286,7435209000.0,92689634822.0,0.015401,1.0,2.061256,0.0,0.0,0.0,0.0,0.0,1.0,1.0,1.0,12.466311951957234,SH000300
2009-06-16,2936.508,2979.413,2929.041,2961.22,2966.192,7017924200.0,89928387200.0,0.014536,1.0,-0.16762,0.0,0.0,0.0,0.0,0.0,1.0,1.0,1.0,12.814100670964784,SH000300
2009-06-17,2957.576,3017.409,2930.494,3010.588,2961.22,7729311800.0,99945527361.0,0.015988,1.0,1.667148,0.0,0.0,0.0,0.0,0.0,1.0,1.0,1.0,12.930714913195764,SH000300
2009-06-18,3014.437,3061.747,3014.437,3057.428,3010.588,9628131600.0,122777117707.0,0.019915,1.0,1.555845,0.0,0.0,0.0,0.0,0.0,1.0,1.0,1.0,12.751915200972118,SH000300
2009-06-19,3061.903,3086.72,3047.27,3080.001,3057.428,10251806900.0,119434478996.0,0.02117,1.0,0.7383,0.0,0.0,0.0,0.0,0.0,1.0,1.0,1.0,11.650090580227374,SH000300
2009-06-22,3106.387,3116.155,3072.534,3082.563,3080.001,10395258300.0,122685100457.0,0.021459,1.0,0.083182,0.0,0.0,0.0,0.0,0.0,1.0,1.0,1.0,11.802025203837408,SH000300
2009-06-23,3036.404,3128.527,3028.454,3083.895,3082.563,11150673400.0,127094783710.0,0.022994,1.0,0.043212,0.0,0.0,0.0,0.0,0.0,1.0,1.0,1.0,11.397946935653232,SH000300
2009-06-24,3079.495,3121.207,3068.242,3120.73,3083.895,10942431300.0,132431167614.0,0.022531,1.0,1.19443,0.0,0.0,0.0,0.0,0.0,1.0,1.0,1.0,12.10253589748377,SH000300
2009-06-25,3125.662,3141.166,3103.871,3117.921,3120.73,8280688700.0,107706587875.0,0.017039,1.0,-0.090014,0.0,0.0,0.0,0.0,0.0,1.0,1.0,1.0,13.006960142699242,SH000300
2009-06-26,3126.228,3137.082,3109.316,3128.421,3117.921,7050090800.0,88663497082.0,0.014506,1.0,0.336763,0.0,0.0,0.0,0.0,0.0,1.0,1.0,1.0,12.576220590236938,SH000300
2009-06-29,3132.113,3182.415,3122.164,3179.972,3128.421,8499707500.0,107539211987.0,0.017447,1.0,1.647829,0.0,0.0,0.0,0.0,0.0,1.0,1.0,1.0,12.652107379812776,SH000300
2009-06-30,3191.641,3195.716,3159.626,3166.474,3179.972,8678234700.0,118926140375.0,0.017813,1.0,-0.424463,0.0,0.0,0.0,0.0,0.0,1.0,1.0,1.0,13.703955295770003,SH000300
2009-07-01,3153.537,3238.792,3150.654,3237.903,3166.474,9695056500.0,129830699673.0,0.020154,1.0,2.255788,0.0,0.0,0.0,0.0,0.0,1.0,1.0,1.0,13.391433012587395,SH000300
2009-07-02,3248.204,3285.093,3247.573,3282.359,3237.903,11298929400.0,152594570796.0,0.023488,1.0,1.372982,0.0,0.0,0.0,0.0,0.0,1.0,1.0,1.0,13.505223848553298,SH000300
2009-07-03,3254.93,3327.669,3249.11,3327.135,3282.359,10573259200.0,142531351824.0,0.021814,1.0,1.364145,0.0,0.0,0.0,0.0,0.0,1.0,1.0,1.0,13.480361081472399,SH000300
2009-07-06,3333.096,3378.055,3333.096,3374.753,3327.135,13526404900.0,175857353189.0,0.020613,1.0,1.431199,0.0,0.0,0.0,0.0,0.0,1.0,1.0,1.0,13.001041628511357,SH000300
2009-07-07,3368.33,3393.224,3327.354,3340.493,3374.753,12960079900.0,160450593377.0,0.01975,1.0,-1.015186,0.0,0.0,0.0,0.0,0.0,1.0,1.0,1.0,12.380370693316483,SH000300
2009-07-08,3306.428,3368.066,3261.32,3352.269,3340.493,11386759200.0,147303052306.0,0.017348,1.0,0.352527,0.0,0.0,0.0,0.0,0.0,1.0,1.0,1.0,12.936345602706695,SH000300
2009-07-09,3348.221,3396.483,3334.68,3396.304,3352.269,11308152300.0,148249544332.0,0.017222,1.0,1.313585,0.0,0.0,0.0,0.0,0.0,1.0,1.0,1.0,13.109970612263508,SH000300
2009-07-10,3398.911,3428.029,3375.965,3398.31,3396.304,10617491200.0,140745850321.0,0.016168,1.0,0.059067,0.0,0.0,0.0,0.0,0.0,1.0,1.0,1.0,13.256036446820884,SH000300
2009-07-13,3382.574,3403.74,3358.518,3361.011,3398.31,9961965100.0,132301021218.0,0.01517,1.0,-1.097577,0.0,0.0,0.0,0.0,0.0,1.0,1.0,1.0,13.280614807413851,SH000300
2009-07-14,3375.873,3454.753,3375.873,3454.753,3361.011,10752042500.0,143258163937.0,0.016341,1.0,2.789099,0.0,0.0,0.0,0.0,0.0,1.0,1.0,1.0,13.323809307580397,SH000300
2009-07-15,3467.132,3497.508,3467.132,3493.305,3454.753,13348300200.0,176773125049.0,0.020287,1.0,1.115912,0.0,0.0,0.0,0.0,0.0,1.0,1.0,1.0,13.243118779198568,SH000300
2009-07-16,3516.778,3543.019,3489.562,3501.24,3493.305,12931332900.0,178974318282.0,0.019653,1.0,0.227151,0.0,0.0,0.0,0.0,0.0,1.0,1.0,1.0,13.840361211488105,SH000300
2009-07-17,3499.51,3527.465,3482.871,3519.809,3501.24,10654970400.0,146140273258.0,0.016191,1.0,0.530358,0.0,0.0,0.0,0.0,0.0,1.0,1.0,1.0,13.715690215150667,SH000300
2009-07-20,3532.519,3594.872,3515.534,3591.123,3519.809,13646853900.0,189689538401.0,0.020734,1.0,2.026075,0.0,0.0,0.0,0.0,0.0,1.0,1.0,1.0,13.899873171573999,SH000300
2009-07-21,3603.402,3610.326,3533.162,3539.832,3591.123,13060096100.0,184934839282.0,0.019842,1.0,-1.428272,0.0,0.0,0.0,0.0,0.0,1.0,1.0,1.0,14.160296973771885,SH000300
2009-07-22,3532.632,3607.371,3532.384,3606.924,3539.832,11523854600.0,168877710757.0,0.017501,1.0,1.895345,0.0,0.0,0.0,0.0,0.0,1.0,1.0,1.0,14.654620057163859,SH000300
2009-07-23,3613.598,3653.837,3596.364,3651.969,3606.924,11638160900.0,160980372868.0,0.017663,1.0,1.248846,0.0,0.0,0.0,0.0,0.0,1.0,1.0,1.0,13.832114390857065,SH000300
2009-07-24,3672.206,3687.493,3591.88,3667.556,3651.969,12797935200.0,182205122628.0,0.019423,1.0,0.426808,0.0,0.0,0.0,0.0,0.0,1.0,1.0,1.0,14.23707182296094,SH000300
2009-07-27,3680.15,3744.242,3669.508,3743.626,3667.556,13880804000.0,200824101964.0,0.021057,1.0,2.074135,0.0,0.0,0.0,0.0,0.0,1.0,1.0,1.0,14.467757196485161,SH000300
2009-07-28,3745.549,3756.782,3705.045,3755.818,3743.626,14626788500.0,210479421884.0,0.022189,1.0,0.325677,0.0,0.0,0.0,0.0,0.0,1.0,1.0,1.0,14.389995581326687,SH000300
2009-07-29,3741.784,3765.59,3453.641,3558.508,3755.818,16740612600.0,226560268677.0,0.025336,1.0,-5.253451,0.0,0.0,0.0,0.0,0.0,1.0,1.0,1.0,13.533570968424417,SH000300
2009-07-30,3587.047,3656.922,3511.291,3634.818,3558.508,13496887900.0,185493784271.0,0.020421,1.0,2.14444,0.0,0.0,0.0,0.0,0.0,1.0,1.0,1.0,13.74344853756991,SH000300
2009-07-31,3670.191,3735.804,3635.548,3734.622,3634.818,13223983400.0,184431882907.0,0.019961,1.0,2.745776,0.0,0.0,0.0,0.0,0.0,1.0,1.0,1.0,13.946772113083567,SH000300
2009-08-03,3754.218,3789.935,3716.573,3787.033,3734.622,13641589900.0,198440898510.0,0.020301,1.0,1.403379,0.0,0.0,0.0,0.0,0.0,1.0,1.0,1.0,14.54675737686558,SH000300
2009-08-04,3803.061,3803.061,3712.431,3786.615,3787.033,14103573900.0,205134118106.0,0.020989,1.0,-0.011037,0.0,0.0,0.0,0.0,0.0,1.0,1.0,1.0,14.544832363802483,SH000300
2009-08-05,3781.401,3789.127,3691.976,3740.936,3786.615,13344445300.0,194012131121.0,0.019859,1.0,-1.206327,0.0,0.0,0.0,0.0,0.0,1.0,1.0,1.0,14.538793240135654,SH000300
2009-08-06,3707.907,3739.578,3602.575,3663.12,3740.936,11810152500.0,178406415790.0,0.017492,1.0,-2.080119,0.0,0.0,0.0,0.0,0.0,1.0,1.0,1.0,15.1061906939813,SH000300
2009-08-07,3655.462,3686.543,3539.697,3555.095,3663.12,10057575100.0,148656081457.0,0.01489,1.0,-2.948993,0.0,0.0,0.0,0.0,0.0,1.0,1.0,1.0,14.780509216083308,SH000300
2009-08-10,3589.716,3613.457,3485.364,3544.539,3555.095,8487068100.0,126564928658.0,0.012546,1.0,-0.296923,0.0,0.0,0.0,0.0,0.0,1.0,1.0,1.0,14.912679757807057,SH000300
2009-08-11,3558.645,3569.15,3509.717,3556.375,3544.539,6449719700.0,95318920590.0,0.009534,1.0,0.33392,0.0,0.0,0.0,0.0,0.0,1.0,1.0,1.0,14.778769469625168,SH000300
2009-08-12,3546.5,3546.5,3390.361,3397.4,3556.375,9253538600.0,131867958961.0,0.013679,1.0,-4.470144,0.0,0.0,0.0,0.0,0.0,1.0,1.0,1.0,14.250543998487238,SH000300
2009-08-13,3398.889,3448.862,3338.848,3440.82,3397.4,8708180000.0,123584066605.0,0.012872,1.0,1.278041,0.0,0.0,0.0,0.0,0.0,1.0,1.0,1.0,14.191721646199321,SH000300
2009-08-14,3437.951,3454.945,3334.729,3344.462,3440.82,8824862700.0,126573245767.0,0.013045,1.0,-2.800442,0.0,0.0,0.0,0.0,0.0,1.0,1.0,1.0,14.342800570370347,SH000300
2009-08-17,3283.436,3319.804,3137.477,3140.271,3344.462,9172390200.0,121242721313.0,0.013542,1.0,-6.105344,0.0,0.0,0.0,0.0,0.0,1.0,1.0,1.0,13.218225421003131,SH000300
2009-08-18,3110.708,3186.815,3083.203,3171.986,3140.271,7734303500.0,100691271214.0,0.011315,1.0,1.009948,0.0,0.0,0.0,0.0,0.0,1.0,1.0,1.0,13.018789760965548,SH000300
2009-08-19,3178.281,3183.007,2982.222,3014.568,3171.986,8160402000.0,104778744883.0,0.011935,1.0,-4.962757,0.0,0.0,0.0,0.0,0.0,1.0,1.0,1.0,12.83989990725947,SH000300
2009-08-20,3021.251,3146.568,3021.251,3144.39,3014.568,7951921600.0,107656322586.0,0.01163,1.0,4.30648,0.0,0.0,0.0,0.0,0.0,1.0,1.0,1.0,13.538403420124263,SH000300
2009-08-21,3135.373,3221.166,3113.704,3203.624,3144.39,8661680500.0,113910783483.0,0.012668,1.0,1.883804,0.0,0.0,0.0,0.0,0.0,1.0,1.0,1.0,13.151118132676448,SH000300
2009-08-24,3222.397,3241.524,3178.856,3229.6,3203.624,8041406800.0,110907923668.0,0.011744,1.0,0.810834,0.0,0.0,0.0,0.0,0.0,1.0,1.0,1.0,13.792104593937468,SH000300
2009-08-25,3210.851,3210.851,3019.119,3109.83,3229.6,9753013900.0,128446120873.0,0.014242,1.0,-3.708509,0.0,0.0,0.0,0.0,0.0,1.0,1.0,1.0,13.169890065777514,SH000300
2009-08-26,3082.68,3203.786,3065.463,3172.386,3109.83,8203640400.0,109792468845.0,0.011979,1.0,2.011554,0.0,0.0,0.0,0.0,0.0,1.0,1.0,1.0,13.383383899299146,SH000300
2009-08-27,3149.566,3212.27,3116.894,3156.301,3172.386,8012520100.0,103604608420.0,0.0117,1.0,-0.50703,0.0,0.0,0.0,0.0,0.0,1.0,1.0,1.0,12.930339908913302,SH000300
2009-08-28,3152.037,3168.191,3030.731,3046.781,3156.301,8401794600.0,108787276883.0,0.012268,1.0,-3.469885,0.0,0.0,0.0,0.0,0.0,1.0,1.0,1.0,12.948100026511003,SH000300
2009-08-31,3003.543,3003.543,2825.767,2830.271,3046.781,8451731100.0,105568316049.0,0.012318,1.0,-7.106189,0.0,0.0,0.0,0.0,0.0,1.0,1.0,1.0,12.490732939787922,SH000300
2009-09-01,2804.584,2901.277,2795.486,2843.7,2830.271,7053530600.0,87743214169.0,0.01028,1.0,0.474476,0.0,0.0,0.0,0.0,0.0,1.0,1.0,1.0,12.43961629215871,SH000300
2009-09-02,2824.641,2904.786,2813.618,2890.926,2843.7,6084338600.0,76293192942.0,0.008867,1.0,1.660726,0.0,0.0,0.0,0.0,0.0,1.0,1.0,1.0,12.539274678434234,SH000300
2009-09-03,2898.449,3059.987,2892.649,3051.964,2890.926,9315744700.0,118821388280.0,0.013577,1.0,5.570467,0.0,0.0,0.0,0.0,0.0,1.0,1.0,1.0,12.754899592729286,SH000300
2009-09-04,3055.347,3099.385,3038.99,3077.142,3051.964,8698471500.0,116181665634.0,0.012671,1.0,0.824976,0.0,0.0,0.0,0.0,0.0,1.0,1.0,1.0,13.356561050294872,SH000300
2009-09-07,3097.789,3153.227,3078.126,3104.208,3077.142,8279074000.0,113813192654.0,0.012056,1.0,0.87958,0.0,0.0,0.0,0.0,0.0,1.0,1.0,1.0,13.747092084694495,SH000300
2009-09-08,3084.199,3170.967,3047.3,3170.967,3104.208,8396563400.0,117969333590.0,0.012226,1.0,2.150598,0.0,0.0,0.0,0.0,0.0,1.0,1.0,1.0,14.04971629107213,SH000300
2009-09-09,3188.311,3207.388,3143.739,3194.909,3170.967,9119115500.0,131813702373.0,0.013278,1.0,0.755035,0.0,0.0,0.0,0.0,0.0,1.0,1.0,1.0,14.454658719148803,SH000300
2009-09-10,3179.187,3204.124,3150.172,3162.914,3194.909,6656600700.0,91467422572.0,0.009692,1.0,-1.001433,0.0,0.0,0.0,0.0,0.0,1.0,1.0,1.0,13.740860642579928,SH000300
2009-09-11,3152.815,3253.452,3152.689,3238.133,3162.914,8068966000.0,108989361370.0,0.011749,1.0,2.378155,0.0,0.0,0.0,0.0,0.0,1.0,1.0,1.0,13.507227737729965,SH000300
2009-09-14,3248.348,3298.905,3240.534,3293.394,3238.133,8739388300.0,117064809248.0,0.012632,1.0,1.706569,0.0,0.0,0.0,0.0,0.0,1.0,1.0,1.0,13.395080436922571,SH000300
2009-09-15,3298.81,3325.743,3264.949,3302.642,3293.394,8709217700.0,116411498836.0,0.012575,1.0,0.280806,0.0,0.0,0.0,0.0,0.0,1.0,1.0,1.0,13.366470198121238,SH000300
2009-09-16,3290.387,3296.94,3212.445,3258.236,3302.642,8824448100.0,123641482344.0,0.012741,1.0,-1.34456,0.0,0.0,0.0,0.0,0.0,1.0,1.0,1.0,14.011242509772368,SH000300
2009-09-17,3274.582,3329.116,3274.582,3320.096,3258.236,9133340400.0,125325999692.0,0.013183,1.0,1.898569,0.0,0.0,0.0,0.0,0.0,1.0,1.0,1.0,13.721814166917506,SH000300
2009-09-18,3325.061,3330.432,3170.962,3199.689,3320.096,10048840400.0,131631978332.0,0.014505,1.0,-3.626611,0.0,0.0,0.0,0.0,0.0,1.0,1.0,1.0,13.099220715257852,SH000300
2009-09-21,3163.512,3210.643,3090.607,3208.604,3199.689,7280197400.0,99685177047.0,0.010506,1.0,0.278622,0.0,0.0,0.0,0.0,0.0,1.0,1.0,1.0,13.69264754373281,SH000300
2009-09-22,3196.009,3237.217,3131.016,3131.026,3208.604,7342510100.0,101633736512.0,0.010593,1.0,-2.417815,0.0,0.0,0.0,0.0,0.0,1.0,1.0,1.0,13.841824543353368,SH000300
2009-09-23,3130.142,3159.173,3041.415,3060.069,3131.026,6601371600.0,89049563859.0,0.009514,1.0,-2.266247,0.0,0.0,0.0,0.0,0.0,1.0,1.0,1.0,13.489554785705444,SH000300
2009-09-24,3041.82,3122.055,2989.236,3080.926,3060.069,6515210200.0,86891307312.0,0.009389,1.0,0.681584,0.0,0.0,0.0,0.0,0.0,1.0,1.0,1.0,13.336685178937127,SH000300
2009-09-25,3057.106,3090.069,3028.407,3058.528,3080.926,4582049200.0,60733021040.0,0.006603,1.0,-0.726988,0.0,0.0,0.0,0.0,0.0,1.0,1.0,1.0,13.254554542976098,SH000300
2009-09-28,3066.368,3088.081,2959.744,2972.643,3058.528,4191835200.0,54593201741.0,0.006039,1.0,-2.80805,0.0,0.0,0.0,0.0,0.0,1.0,1.0,1.0,13.023699438613427,SH000300
2009-09-29,2975.531,2998.55,2923.926,2972.286,2972.643,4593235200.0,56674417416.0,0.006601,1.0,-0.012015,0.0,0.0,0.0,0.0,0.0,1.0,1.0,1.0,12.338670881909117,SH000300
2009-09-30,2992.98,3033.738,2988.292,3004.805,2972.286,4218452400.0,54803607410.0,0.006062,1.0,1.094075,0.0,0.0,0.0,0.0,0.0,1.0,1.0,1.0,12.991401161715135,SH000300
2009-10-09,3078.753,3164.031,3071.27,3163.708,3004.805,5687104000.0,76061663011.0,0.008173,1.0,5.288299,0.0,0.0,0.0,0.0,0.0,1.0,1.0,1.0,13.374410422422379,SH000300
2009-10-12,3181.581,3193.59,3151.256,3151.632,3163.708,5896196000.0,81562328647.0,0.008472,1.0,-0.381702,0.0,0.0,0.0,0.0,0.0,1.0,1.0,1.0,13.833042294896574,SH000300
2009-10-13,3144.022,3199.921,3140.498,3198.517,3151.632,5071370400.0,68577125621.0,0.007287,1.0,1.487642,0.0,0.0,0.0,0.0,0.0,1.0,1.0,1.0,13.522405230152387,SH000300
2009-10-14,3209.065,3276.553,3204.314,3227.399,3198.517,8097812000.0,111183227114.0,0.011635,1.0,0.902976,0.0,0.0,0.0,0.0,0.0,1.0,1.0,1.0,13.730033139075099,SH000300
2009-10-15,3258.546,3287.628,3227.088,3239.643,3227.399,6056201000.0,85391959068.0,0.008701,1.0,0.379381,0.0,0.0,0.0,0.0,0.0,1.0,1.0,1.0,14.099921562709032,SH000300
2009-10-16,3250.102,3268.425,3188.434,3241.709,3239.643,5563625500.0,78892050311.0,0.007376,1.0,0.06377,0.0,0.0,0.0,0.0,0.0,1.0,1.0,1.0,14.179971371365667,SH000300
2009-10-19,3238.848,3330.789,3231.807,3329.158,3241.709,7768314300.0,113841454115.0,0.010272,1.0,2.69762,0.0,0.0,0.0,0.0,0.0,1.0,1.0,1.0,14.654589106287833,SH000300
2009-10-20,3355.358,3379.63,3343.018,3377.574,3329.158,8942627800.0,128508372174.0,0.011825,1.0,1.454302,0.0,0.0,0.0,0.0,0.0,1.0,1.0,1.0,14.370314302245701,SH000300
2009-10-21,3375.027,3414.657,3358.55,3369.285,3377.574,8348894000.0,117445160682.0,0.01104,1.0,-0.245415,0.0,0.0,0.0,0.0,0.0,1.0,1.0,1.0,14.067151970308881,SH000300
2009-10-22,3364.145,3381.145,3341.415,3347.32,3369.285,6093658300.0,87978516122.0,0.008058,1.0,-0.651914,0.0,0.0,0.0,0.0,0.0,1.0,1.0,1.0,14.437717343291139,SH000300
2009-10-23,3354.984,3436.391,3354.984,3413.252,3347.32,8672542900.0,120908995107.0,0.011468,1.0,1.969692,0.0,0.0,0.0,0.0,0.0,1.0,1.0,1.0,13.941585126895134,SH000300
2009-10-26,3421.696,3432.895,3385.44,3414.239,3413.252,6844252400.0,97800974844.0,0.00905,1.0,0.028918,0.0,0.0,0.0,0.0,0.0,1.0,1.0,1.0,14.289504408691883,SH000300
2009-10-27,3384.294,3392.102,3314.323,3314.722,3414.239,7420955100.0,105228807264.0,0.007376,1.0,-2.914766,0.0,0.0,0.0,0.0,0.0,1.0,1.0,1.0,14.179954715532507,SH000300
2009-10-28,3303.773,3337.167,3258.274,3329.327,3314.722,6259484900.0,86228533019.0,0.006222,1.0,0.440609,0.0,0.0,0.0,0.0,0.0,1.0,1.0,1.0,13.775659562498506,SH000300
2009-10-29,3265.186,3291.18,3239.005,3247.051,3329.327,6130535400.0,84414939041.0,0.006088,1.0,-2.471246,0.0,0.0,0.0,0.0,0.0,1.0,1.0,1.0,13.769586754364065,SH000300
2009-10-30,3305.376,3329.54,3276.318,3280.372,3247.051,6064706200.0,84226415461.0,0.006023,1.0,1.026194,0.0,0.0,0.0,0.0,0.0,1.0,1.0,1.0,13.88796302465567,SH000300
2009-11-02,3205.835,3394.724,3198.309,3392.803,3280.372,8198115800.0,110679455347.0,0.008141,1.0,3.427383,0.0,0.0,0.0,0.0,0.0,1.0,1.0,1.0,13.500596728214061,SH000300
2009-11-03,3402.528,3447.481,3397.255,3435.425,3392.803,8379109800.0,115935434869.0,0.008321,1.0,1.256249,0.0,0.0,0.0,0.0,0.0,1.0,1.0,1.0,13.836247242994716,SH000300
2009-11-04,3443.517,3476.34,3415.216,3453.888,3435.425,8606527300.0,117780698755.0,0.008547,1.0,0.537427,0.0,0.0,0.0,0.0,0.0,1.0,1.0,1.0,13.685043299055126,SH000300
2009-11-05,3458.865,3471.83,3432.26,3464.318,3453.888,8064778400.0,103539079575.0,0.008009,1.0,0.301984,0.0,0.0,0.0,0.0,0.0,1.0,1.0,1.0,12.838428341068862,SH000300
2009-11-06,3491.075,3506.027,3474.364,3483.021,3464.318,9219031500.0,124138421517.0,0.009155,1.0,0.539872,0.0,0.0,0.0,0.0,0.0,1.0,1.0,1.0,13.465451497481054,SH000300
2009-11-09,3487.107,3495.887,3452.614,3495.788,3483.021,7805090400.0,108916000934.0,0.007751,1.0,0.366552,0.0,0.0,0.0,0.0,0.0,1.0,1.0,1.0,13.954482953073803,SH000300
2009-11-10,3520.395,3532.186,3501.499,3503.776,3495.788,8430098700.0,116073645890.0,0.008372,1.0,0.228498,0.0,0.0,0.0,0.0,0.0,1.0,1.0,1.0,13.768954554470401,SH000300
2009-11-11,3500.586,3514.829,3468.859,3495.674,3503.776,7262632100.0,100494402438.0,0.007208,1.0,-0.231231,0.0,0.0,0.0,0.0,0.0,1.0,1.0,1.0,13.837187544994878,SH000300
2009-11-12,3506.952,3529.061,3487.68,3499.992,3495.674,7996266100.0,106569499622.0,0.007934,1.0,0.12352,0.0,0.0,0.0,0.0,0.0,1.0,1.0,1.0,13.32740785377315,SH000300
2009-11-13,3489.538,3518.894,3445.36,3518.722,3499.992,9121017100.0,122356578945.0,0.009039,1.0,0.535144,0.0,0.0,0.0,0.0,0.0,1.0,1.0,1.0,13.414795477688557,SH000300
2009-11-16,3541.053,3625.887,3541.053,3625.798,3518.722,12315732300.0,170544813035.0,0.012204,1.0,3.043041,0.0,0.0,0.0,0.0,0.0,1.0,1.0,1.0,13.84772004462942,SH000300
2009-11-17,3644.962,3649.422,3619.986,3628.354,3625.798,9739136800.0,135058674684.0,0.009648,1.0,0.070492,0.0,0.0,0.0,0.0,0.0,1.0,1.0,1.0,13.867622712107298,SH000300
2009-11-18,3633.851,3652.809,3612.794,3630.229,3628.354,8922628300.0,119034890321.0,0.008839,1.0,0.051676,0.0,0.0,0.0,0.0,0.0,1.0,1.0,1.0,13.34078774983824,SH000300
2009-11-19,3638.073,3653.899,3604.612,3642.437,3630.229,9494009500.0,125514316335.0,0.009405,1.0,0.336288,0.0,0.0,0.0,0.0,0.0,1.0,1.0,1.0,13.220369785284078,SH000300
2009-11-20,3630.576,3658.214,3597.306,3631.013,3642.437,9475075100.0,127585253384.0,0.009387,1.0,-0.313638,0.0,0.0,0.0,0.0,0.0,1.0,1.0,1.0,13.465355370534214,SH000300
2009-11-23,3636.529,3666.27,3628.195,3665.509,3631.013,9399094100.0,135750450821.0,0.009311,1.0,0.95004,0.0,0.0,0.0,0.0,0.0,1.0,1.0,1.0,14.442929220274538,SH000300
2009-11-24,3680.746,3698.129,3538.858,3548.08,3665.509,14756682200.0,203721992217.0,0.014618,1.0,-3.203619,0.0,0.0,0.0,0.0,0.0,1.0,1.0,1.0,13.805406219089004,SH000300
2009-11-25,3541.512,3630.301,3508.057,3629.629,3548.08,11460232900.0,157030857712.0,0.011353,1.0,2.298393,0.0,0.0,0.0,0.0,0.0,1.0,1.0,1.0,13.702239656228976,SH000300
2009-11-26,3635.79,3646.607,3472.948,3485.773,3629.629,12788237900.0,180809383854.0,0.012668,1.0,-3.963379,0.0,0.0,0.0,0.0,0.0,1.0,1.0,1.0,14.138725387177853,SH000300
2009-11-27,3440.343,3480.931,3367.293,3382.51,3485.773,8929468800.0,125775998834.0,0.008841,1.0,-2.962412,0.0,0.0,0.0,0.0,0.0,1.0,1.0,1.0,14.085496198161307,SH000300
2009-11-30,3415.077,3511.765,3415.077,3511.669,3382.51,8441534100.0,117377393884.0,0.008341,1.0,3.818435,0.0,0.0,0.0,0.0,0.0,1.0,1.0,1.0,13.904746754976681,SH000300
2009-12-01,3507.559,3566.78,3485.524,3560.831,3511.669,10151863900.0,138002623609.0,0.010002,1.0,1.399964,0.0,0.0,0.0,0.0,0.0,1.0,1.0,1.0,13.593821289211728,SH000300
2009-12-02,3578.869,3607.561,3570.287,3597.329,3560.831,9805203300.0,138929251793.0,0.009657,1.0,1.024987,0.0,0.0,0.0,0.0,0.0,1.0,1.0,1.0,14.168931284984167,SH000300
2009-12-03,3596.952,3603.122,3551.482,3590.876,3597.329,8997857200.0,128562629236.0,0.008861,1.0,-0.179387,0.0,0.0,0.0,0.0,0.0,1.0,1.0,1.0,14.288138428780577,SH000300
2009-12-04,3581.627,3646.263,3530.058,3643.491,3590.876,13413090100.0,188843990614.0,0.013208,1.0,1.465241,0.0,0.0,0.0,0.0,0.0,1.0,1.0,1.0,14.079081643833884,SH000300
2009-12-07,3644.625,3672.798,3633.445,3668.832,3643.491,9122554600.0,131991687622.0,0.008941,1.0,0.695516,0.0,0.0,0.0,0.0,0.0,1.0,1.0,1.0,14.468719937505226,SH000300
2009-12-08,3670.807,3671.042,3590.941,3624.019,3668.832,8294086400.0,118750858921.0,0.008129,1.0,-1.221451,0.0,0.0,0.0,0.0,0.0,1.0,1.0,1.0,14.31753338390591,SH000300
2009-12-09,3579.282,3603.696,3543.424,3554.478,3624.019,6852150700.0,97091971849.0,0.006714,1.0,-1.918892,0.0,0.0,0.0,0.0,0.0,1.0,1.0,1.0,14.169561660253619,SH000300
2009-12-10,3579.826,3601.289,3544.901,3577.237,3554.478,5756373800.0,81151398823.0,0.00564,1.0,0.640292,0.0,0.0,0.0,0.0,0.0,1.0,1.0,1.0,14.097659679953376,SH000300
2009-12-11,3589.408,3614.952,3568.506,3575.02,3577.237,5455091200.0,74282930261.0,0.005345,1.0,-0.061976,0.0,0.0,0.0,0.0,0.0,1.0,1.0,1.0,13.617174770790266,SH000300
2009-12-14,3572.531,3623.273,3495.639,3612.753,3575.02,8378502100.0,113441731758.0,0.00821,1.0,1.05546,0.0,0.0,0.0,0.0,0.0,1.0,1.0,1.0,13.539619660416388,SH000300
2009-12-15,3594.51,3620.322,3578.283,3583.341,3612.753,6918649300.0,98783625773.0,0.006779,1.0,-0.814112,0.0,0.0,0.0,0.0,0.0,1.0,1.0,1.0,14.277877297957565,SH000300
2009-12-16,3568.28,3610.685,3550.667,3560.723,3583.341,5696391200.0,81340897367.0,0.005581,1.0,-0.631203,0.0,0.0,0.0,0.0,0.0,1.0,1.0,1.0,14.279373468416285,SH000300
2009-12-17,3571.052,3582.439,3475.844,3480.153,3560.723,6328620100.0,86756667103.0,0.006201,1.0,-2.262738,0.0,0.0,0.0,0.0,0.0,1.0,1.0,1.0,13.708623006617193,SH000300
2009-12-18,3450.045,3453.348,3385.675,3391.735,3480.153,6611101500.0,89137672408.0,0.006477,1.0,-2.540634,0.0,0.0,0.0,0.0,0.0,1.0,1.0,1.0,13.48302887317643,SH000300
2009-12-21,3386.326,3404.642,3354.652,3396.622,3391.735,4832980500.0,69055779059.0,0.004716,1.0,0.144085,0.0,0.0,0.0,0.0,0.0,1.0,1.0,1.0,14.288445620461328,SH000300
2009-12-22,3402.228,3404.754,3296.765,3305.543,3396.622,5394268500.0,75498512042.0,0.005251,1.0,-2.681461,0.0,0.0,0.0,0.0,0.0,1.0,1.0,1.0,13.99606119754699,SH000300
2009-12-23,3303.729,3342.988,3296.292,3336.48,3305.543,4806450400.0,67948267136.0,0.004678,1.0,0.935913,0.0,0.0,0.0,0.0,0.0,1.0,1.0,1.0,14.136891360826276,SH000300
2009-12-24,3346.763,3445.704,3339.298,3438.817,3336.48,6437782300.0,94811625085.0,0.006265,1.0,3.067212,0.0,0.0,0.0,0.0,0.0,1.0,1.0,1.0,14.727373599601217,SH000300
2009-12-25,3434.326,3441.956,3410.667,3424.783,3438.817,4691457600.0,68701833803.0,0.004566,1.0,-0.408104,0.0,0.0,0.0,0.0,0.0,1.0,1.0,1.0,14.644027434671903,SH000300
2009-12-28,3432.82,3489.574,3432.82,3478.433,3424.783,5537539000.0,78965998321.0,0.005389,1.0,1.566527,0.0,0.0,0.0,0.0,0.0,1.0,1.0,1.0,14.260124997945839,SH000300
2009-12-29,3481.903,3501.247,3451.177,3500.737,3478.433,5553576500.0,78053673797.0,0.00542,1.0,0.641207,0.0,0.0,0.0,0.0,0.0,1.0,1.0,1.0,14.054667977833743,SH000300
2009-12-30,3503.816,3561.436,3498.377,3558.857,3500.737,8842937000.0,124684572895.0,0.00863,1.0,1.660218,0.0,0.0,0.0,0.0,0.0,1.0,1.0,1.0,14.099905144071478,SH000300
2009-12-31,3561.367,3579.518,3542.38,3575.684,3558.857,6924189000.0,98004030329.0,0.006756,1.0,0.472824,0.0,0.0,0.0,0.0,0.0,1.0,1.0,1.0,14.15386413181385,SH000300
2010-01-04,3592.468,3597.748,3535.229,3535.229,3575.684,6610108000.0,93419838921.0,0.006395,1.0,-1.131394,0.0,0.0,0.0,0.0,0.0,1.0,1.0,1.0,14.132876334395746,SH000300
2010-01-05,3545.186,3577.526,3497.661,3564.038,3535.229,8580964100.0,128302442618.0,0.008301,1.0,0.814914,0.0,0.0,0.0,0.0,0.0,1.0,1.0,1.0,14.951984546584923,SH000300
2010-01-06,3558.7,3588.832,3541.173,3541.727,3564.038,7847312500.0,121045989916.0,0.007591,1.0,-0.626004,0.0,0.0,0.0,0.0,0.0,1.0,1.0,1.0,15.425152230907077,SH000300
2010-01-07,3543.16,3558.556,3452.769,3471.456,3541.727,8035003700.0,120436166283.0,0.007773,1.0,-1.984089,0.0,0.0,0.0,0.0,0.0,1.0,1.0,1.0,14.988937252511782,SH000300
2010-01-08,3456.908,3482.083,3426.698,3480.13,3471.456,6079025300.0,90190959969.0,0.00588,1.0,0.249861,0.0,0.0,0.0,0.0,0.0,1.0,1.0,1.0,14.836417931835223,SH000300
2010-01-11,3593.106,3594.528,3465.317,3482.052,3480.13,8998017200.0,134114001104.0,0.008543,1.0,0.055231,0.0,0.0,0.0,0.0,0.0,1.0,1.0,1.0,14.904839379946951,SH000300
2010-01-12,3477.842,3535.407,3437.661,3534.916,3482.052,9374327800.0,134071416354.0,0.008901,1.0,1.518186,0.0,0.0,0.0,0.0,0.0,1.0,1.0,1.0,14.301976548547833,SH000300
2010-01-13,3448.291,3490.112,3415.693,3421.144,3534.916,11245790100.0,159860384574.0,0.010677,1.0,-3.21852,0.0,0.0,0.0,0.0,0.0,1.0,1.0,1.0,14.215131453858453,SH000300
2010-01-14,3433.472,3470.323,3411.812,3469.051,3421.144,8335325200.0,118107870086.0,0.007914,1.0,1.400321,0.0,0.0,0.0,0.0,0.0,1.0,1.0,1.0,14.169557545997126,SH000300
2010-01-15,3472.524,3500.072,3448.661,3482.738,3469.051,7254310200.0,104035175785.0,0.006885,1.0,0.394546,0.0,0.0,0.0,0.0,0.0,1.0,1.0,1.0,14.341153454535208,SH000300
2010-01-18,3471.777,3501.26,3458.042,3500.684,3482.738,8285430700.0,117884258544.0,0.007864,1.0,0.515285,0.0,0.0,0.0,0.0,0.0,1.0,1.0,1.0,14.227897475987579,SH000300
2010-01-19,3506.806,3528.39,3497.094,3507.482,3500.684,7488323200.0,108023525533.0,0.007107,1.0,0.194186,0.0,0.0,0.0,0.0,0.0,1.0,1.0,1.0,14.425596044385477,SH000300
2010-01-20,3512.246,3515.449,3387.818,3394.434,3507.482,9249514600.0,128416164613.0,0.008779,1.0,-3.223049,0.0,0.0,0.0,0.0,0.0,1.0,1.0,1.0,13.883557155853346,SH000300
2010-01-21,3397.043,3425.18,3364.723,3408.574,3394.434,7059506800.0,100076607006.0,0.0067,1.0,0.416561,0.0,0.0,0.0,0.0,0.0,1.0,1.0,1.0,14.176147122062408,SH000300
2010-01-22,3364.452,3390.796,3293.194,3366.197,3408.574,8893340400.0,119197815814.0,0.008441,1.0,-1.243246,0.0,0.0,0.0,0.0,0.0,1.0,1.0,1.0,13.403042102605227,SH000300
2010-01-25,3340.013,3372.426,3326.266,3328.014,3366.197,5684917100.0,76626626843.0,0.005384,1.0,-1.13431,0.0,0.0,0.0,0.0,0.0,1.0,1.0,1.0,13.478934783939065,SH000300
2010-01-26,3328.113,3341.198,3222.14,3242.797,3328.014,6175223100.0,81586059213.0,0.005848,1.0,-2.56059,0.0,0.0,0.0,0.0,0.0,1.0,1.0,1.0,13.211839943564144,SH000300
2010-01-27,3243.038,3255.116,3183.365,3198.566,3242.797,5269139400.0,70540273182.0,0.004989,1.0,-1.363983,0.0,0.0,0.0,0.0,0.0,1.0,1.0,1.0,13.38743726954728,SH000300
2010-01-28,3195.289,3220.306,3168.463,3206.57,3198.566,4699071600.0,64082115658.0,0.004449,1.0,0.250242,0.0,0.0,0.0,0.0,0.0,1.0,1.0,1.0,13.637186472749212,SH000300
2010-01-29,3190.315,3249.455,3176.916,3204.155,3206.57,5026261300.0,68018118702.0,0.004758,1.0,-0.075315,0.0,0.0,0.0,0.0,0.0,1.0,1.0,1.0,13.532547283604217,SH000300
2010-02-01,3198.23,3198.311,3116.439,3152.707,3204.155,5700138000.0,75982150475.0,0.005396,1.0,-1.605665,0.0,0.0,0.0,0.0,0.0,1.0,1.0,1.0,13.329879114330215,SH000300
2010-02-02,3170.778,3211.941,3143.085,3146.189,3152.707,5013003300.0,68318412373.0,0.004746,1.0,-0.206745,0.0,0.0,0.0,0.0,0.0,1.0,1.0,1.0,13.628240055816441,SH000300
2010-02-03,3160.712,3231.102,3094.568,3230.715,3146.189,6479889400.0,87536249983.0,0.006134,1.0,2.686619,0.0,0.0,0.0,0.0,0.0,1.0,1.0,1.0,13.508911121692911,SH000300
2010-02-04,3206.431,3242.519,3190.437,3218.802,3230.715,5897272600.0,75466552963.0,0.005583,1.0,-0.368745,0.0,0.0,0.0,0.0,0.0,1.0,1.0,1.0,12.796856798344374,SH000300
2010-02-05,3147.721,3177.42,3129.921,3153.087,3218.802,5910584500.0,73693132366.0,0.00559,1.0,-2.041601,0.0,0.0,0.0,0.0,0.0,1.0,1.0,1.0,12.467994047965984,SH000300
2010-02-08,3152.253,3172.306,3133.808,3150.988,3153.087,3735595100.0,47902429250.0,0.003533,1.0,-0.066566,0.0,0.0,0.0,0.0,0.0,1.0,1.0,1.0,12.82323912728122,SH000300
2010-02-09,3147.761,3178.947,3144.478,3169.19,3150.988,3595315800.0,45222660374.0,0.0034,1.0,0.577657,0.0,0.0,0.0,0.0,0.0,1.0,1.0,1.0,12.578216459872593,SH000300
2010-02-10,3195.142,3214.456,3182.834,3214.13,3169.19,3421989400.0,48152144637.0,0.003236,1.0,1.418026,0.0,0.0,0.0,0.0,0.0,1.0,1.0,1.0,14.07138918577597,SH000300
2010-02-11,3216.688,3238.349,3207.165,3220.398,3214.13,3579105200.0,46999712971.0,0.003385,1.0,0.195016,0.0,0.0,0.0,0.0,0.0,1.0,1.0,1.0,13.13169363420779,SH000300
2010-02-12,3232.879,3253.196,3228.738,3251.278,3220.398,3405823800.0,46703220577.0,0.003221,1.0,0.958892,0.0,0.0,0.0,0.0,0.0,1.0,1.0,1.0,13.712753013529355,SH000300
2010-02-22,3248.947,3261.949,3232.784,3233.345,3251.278,3828377200.0,49981333658.0,0.00362,1.0,-0.551571,0.0,0.0,0.0,0.0,0.0,1.0,1.0,1.0,13.055488277905322,SH000300
2010-02-23,3225.393,3225.393,3152.934,3198.634,3233.345,4274289800.0,62386076936.0,0.004042,1.0,-1.07353,0.0,0.0,0.0,0.0,0.0,1.0,1.0,1.0,14.595659128213534,SH000300
2010-02-24,3177.082,3244.816,3165.133,3244.483,3198.634,4998943700.0,64414097361.0,0.004727,1.0,1.433389,0.0,0.0,0.0,0.0,0.0,1.0,1.0,1.0,12.88554167173357,SH000300
2010-02-25,3252.153,3294.144,3249.329,3292.128,3244.483,6758661700.0,89485801632.0,0.006391,1.0,1.468493,0.0,0.0,0.0,0.0,0.0,1.0,1.0,1.0,13.24016582040199,SH000300
2010-02-26,3286.095,3301.149,3273.693,3281.666,3292.128,5210728800.0,70171666128.0,0.004927,1.0,-0.317786,0.0,0.0,0.0,0.0,0.0,1.0,1.0,1.0,13.466766132215517,SH000300
2010-03-01,3290.007,3330.378,3287.556,3324.423,3281.666,6050452000.0,81205689009.0,0.005716,1.0,1.302908,0.0,0.0,0.0,0.0,0.0,1.0,1.0,1.0,13.421425210711531,SH000300
2010-03-02,3327.103,3339.894,3299.685,3311.236,3324.423,5703437400.0,76233992315.0,0.005388,1.0,-0.396671,0.0,0.0,0.0,0.0,0.0,1.0,1.0,1.0,13.366324019791994,SH000300
2010-03-03,3313.023,3335.654,3293.916,3335.081,3311.236,6062273200.0,78442132954.0,0.005727,1.0,0.720123,0.0,0.0,0.0,0.0,0.0,1.0,1.0,1.0,12.939392595173706,SH000300
2010-03-04,3338.674,3345.909,3244.978,3250.573,3335.081,6934681000.0,89462913752.0,0.006552,1.0,-2.533913,0.0,0.0,0.0,0.0,0.0,1.0,1.0,1.0,12.900797275606477,SH000300
2010-03-05,3253.164,3276.403,3239.677,3259.764,3250.573,4562913800.0,59621178434.0,0.004311,1.0,0.282748,0.0,0.0,0.0,0.0,0.0,1.0,1.0,1.0,13.066470472004095,SH000300
2010-03-08,3268.397,3293.93,3258.034,3286.178,3259.764,4154087600.0,54686555117.0,0.003924,1.0,0.810306,0.0,0.0,0.0,0.0,0.0,1.0,1.0,1.0,13.164516587709898,SH000300
2010-03-09,3285.62,3322.506,3255.982,3305.863,3286.178,5419948600.0,71971297725.0,0.00512,1.0,0.599026,0.0,0.0,0.0,0.0,0.0,1.0,1.0,1.0,13.278963148285207,SH000300
2010-03-10,3304.036,3321.081,3267.761,3279.694,3305.863,4642107900.0,61760429281.0,0.004385,1.0,-0.791592,0.0,0.0,0.0,0.0,0.0,1.0,1.0,1.0,13.30439330826412,SH000300
2010-03-11,3282.199,3303.488,3251.704,3276.705,3279.694,4748775400.0,63732658851.0,0.004485,1.0,-0.091137,0.0,0.0,0.0,0.0,0.0,1.0,1.0,1.0,13.420861902839203,SH000300
2010-03-12,3277.309,3284.263,3232.117,3233.126,3276.705,3995734400.0,52611210820.0,0.003774,1.0,-1.329967,0.0,0.0,0.0,0.0,0.0,1.0,1.0,1.0,13.166843827257388,SH000300
2010-03-15,3231.216,3234.821,3171.803,3183.183,3233.126,3784430400.0,49219898122.0,0.003568,1.0,-1.544724,0.0,0.0,0.0,0.0,0.0,1.0,1.0,1.0,13.005893336550727,SH000300
2010-03-16,3183.775,3204.289,3169.098,3203.971,3183.183,3084778000.0,41510426396.0,0.002908,1.0,0.653052,0.0,0.0,0.0,0.0,0.0,1.0,1.0,1.0,13.456536060617653,SH000300
2010-03-17,3214.216,3273.998,3207.271,3273.916,3203.971,4580093400.0,62587395428.0,0.004317,1.0,2.183074,0.0,0.0,0.0,0.0,0.0,1.0,1.0,1.0,13.665091508395877,SH000300
2010-03-18,3277.883,3295.368,3256.593,3267.555,3273.916,4694801300.0,62509130228.0,0.004424,1.0,-0.194296,0.0,0.0,0.0,0.0,0.0,1.0,1.0,1.0,13.314542242288294,SH000300
2010-03-19,3270.978,3296.411,3251.136,3293.871,3267.555,4606218700.0,62114230718.0,0.004338,1.0,0.805378,0.0,0.0,0.0,0.0,0.0,1.0,1.0,1.0,13.484863564554589,SH000300
2010-03-22,3297.824,3313.922,3288.506,3302.628,3293.871,4943946200.0,65652976792.0,0.004656,1.0,0.265852,0.0,0.0,0.0,0.0,0.0,1.0,1.0,1.0,13.279468290330506,SH000300
2010-03-23,3305.554,3309.12,3272.921,3275.573,3302.628,4653953600.0,62145531443.0,0.004383,1.0,-0.819194,0.0,0.0,0.0,0.0,0.0,1.0,1.0,1.0,13.353276973582203,SH000300
2010-03-24,3282.052,3298.543,3271.033,3276.669,3275.573,4454796600.0,58330301241.0,0.004195,1.0,0.033458,0.0,0.0,0.0,0.0,0.0,1.0,1.0,1.0,13.093819197267054,SH000300
2010-03-25,3270.39,3270.39,3222.821,3229.128,3276.669,4498428500.0,58604759567.0,0.004235,1.0,-1.450895,0.0,0.0,0.0,0.0,0.0,1.0,1.0,1.0,13.027829511350463,SH000300
2010-03-26,3226.8,3285.388,3220.594,3275.002,3229.128,4744496500.0,61592843185.0,0.004467,1.0,1.420632,0.0,0.0,0.0,0.0,0.0,1.0,1.0,1.0,12.981955658519297,SH000300
2010-03-29,3295.763,3363.605,3293.671,3358.54,3275.002,8472491000.0,110326973484.0,0.007976,1.0,2.55078,0.0,0.0,0.0,0.0,0.0,1.0,1.0,1.0,13.021787038074162,SH000300
2010-03-30,3361.353,3372.265,3350.313,3366.708,3358.54,5643698000.0,78682669413.0,0.005311,1.0,0.2432,0.0,0.0,0.0,0.0,0.0,1.0,1.0,1.0,13.94168671197502,SH000300
2010-03-31,3369.193,3369.901,3338.745,3345.607,3366.708,5312428700.0,72120886278.0,0.004999,1.0,-0.626757,0.0,0.0,0.0,0.0,0.0,1.0,1.0,1.0,13.575878444825058,SH000300
2010-04-01,3349.884,3392.481,3349.884,3391.935,3345.607,6777266900.0,92360495841.0,0.006368,1.0,1.384745,0.0,0.0,0.0,0.0,0.0,1.0,1.0,1.0,13.627985617771671,SH000300
2010-04-02,3400.139,3412.2,3391.806,3407.346,3391.935,6907345200.0,99040760060.0,0.00649,1.0,0.454339,0.0,0.0,0.0,0.0,0.0,1.0,1.0,1.0,14.338469729296285,SH000300
2010-04-06,3422.849,3436.29,3386.888,3405.145,3407.346,6519171000.0,93985883918.0,0.006123,1.0,-0.064594,0.0,0.0,0.0,0.0,0.0,1.0,1.0,1.0,14.41684593301817,SH000300
2010-04-07,3403.088,3404.582,3369.017,3386.949,3405.145,5401122800.0,76733159936.0,0.005071,1.0,-0.534369,0.0,0.0,0.0,0.0,0.0,1.0,1.0,1.0,14.206890451740886,SH000300
2010-04-08,3381.306,3381.306,3336.156,3346.744,3386.949,6218532200.0,89317468603.0,0.005839,1.0,-1.187059,0.0,0.0,0.0,0.0,0.0,1.0,1.0,1.0,14.363111057461438,SH000300
2010-04-09,3348.773,3379.398,3342.471,3379.17,3346.744,5128056700.0,75590356319.0,0.004815,1.0,0.968883,0.0,0.0,0.0,0.0,0.0,1.0,1.0,1.0,14.740546125201774,SH000300
2010-04-12,3388.355,3393.557,3330.3,3351.478,3379.17,7456515000.0,105996609644.0,0.006997,1.0,-0.819488,0.0,0.0,0.0,0.0,0.0,1.0,1.0,1.0,14.215301604569964,SH000300
2010-04-13,3350.726,3401.707,3324.048,3391.716,3351.478,7990769500.0,116440339286.0,0.007499,1.0,1.200606,0.0,0.0,0.0,0.0,0.0,1.0,1.0,1.0,14.571855599889348,SH000300
2010-04-14,3394.635,3404.516,3377.437,3403.707,3391.716,6030613100.0,90787568716.0,0.005658,1.0,0.353537,0.0,0.0,0.0,0.0,0.0,1.0,1.0,1.0,15.054450884272446,SH000300
2010-04-15,3407.025,3412.937,3365.881,3394.574,3403.707,6105168500.0,88700235636.0,0.005722,1.0,-0.268327,0.0,0.0,0.0,0.0,0.0,1.0,1.0,1.0,14.528712129075553,SH000300
2010-04-16,3388.286,3388.286,3348.781,3356.332,3394.574,4714036800.0,67235596653.0,0.004412,1.0,-1.126561,0.0,0.0,0.0,0.0,0.0,1.0,1.0,1.0,14.262849338172328,SH000300
2010-04-19,3313.499,3313.499,3175.441,3176.423,3356.332,8841630000.0,118855971989.0,0.008267,1.0,-5.360284,0.0,0.0,0.0,0.0,0.0,1.0,1.0,1.0,13.442766999863148,SH000300
2010-04-20,3176.414,3196.646,3130.96,3173.374,3176.423,6413785900.0,88005965691.0,0.005997,1.0,-0.095991,0.0,0.0,0.0,0.0,0.0,1.0,1.0,1.0,13.721375652872977,SH000300
2010-04-21,3178.877,3237.537,3164.765,3236.679,3173.374,6692833100.0,93373377791.0,0.006258,1.0,1.994878,0.0,0.0,0.0,0.0,0.0,1.0,1.0,1.0,13.951248506555467,SH000300
2010-04-22,3222.68,3231.985,3177.726,3201.541,3236.679,7108168800.0,98970386343.0,0.006646,1.0,-1.085617,0.0,0.0,0.0,0.0,0.0,1.0,1.0,1.0,13.92347158989809,SH000300
2010-04-23,3198.784,3224.739,3172.578,3190.003,3201.541,6125267900.0,92115669956.0,0.005727,1.0,-0.360392,0.0,0.0,0.0,0.0,0.0,1.0,1.0,1.0,15.038635282548213,SH000300
2010-04-26,3195.457,3207.715,3168.374,3171.997,3190.003,5089419900.0,74959121055.0,0.004755,1.0,-0.564446,0.0,0.0,0.0,0.0,0.0,1.0,1.0,1.0,14.728421416947736,SH000300
2010-04-27,3163.101,3163.101,3060.854,3108.409,3171.997,6529657400.0,88058360562.0,0.006094,1.0,-2.004672,0.0,0.0,0.0,0.0,0.0,1.0,1.0,1.0,13.485908244129316,SH000300
2010-04-28,3080.324,3122.115,3062.085,3097.353,3108.409,4599540600.0,65484924588.0,0.004197,1.0,-0.355677,0.0,0.0,0.0,0.0,0.0,1.0,1.0,1.0,14.23727504177265,SH000300
2010-04-29,3114.941,3130.696,3059.796,3060.064,3097.353,4826097100.0,69250868103.0,0.004403,1.0,-1.203901,0.0,0.0,0.0,0.0,0.0,1.0,1.0,1.0,14.349248817020278,SH000300
2010-04-30,3060.12,3068.127,3014.069,3067.365,3060.064,5447788100.0,73190884013.0,0.004967,1.0,0.238591,0.0,0.0,0.0,0.0,0.0,1.0,1.0,1.0,13.434972629166689,SH000300
2010-05-04,3005.487,3056.082,2994.921,3019.449,3067.365,4124861000.0,54558607131.0,0.003736,1.0,-1.562123,0.0,0.0,0.0,0.0,0.0,1.0,1.0,1.0,13.226774703680924,SH000300
2010-05-05,2981.777,3036.865,2943.361,3036.394,3019.449,5967044100.0,80835340414.0,0.005401,1.0,0.561197,0.0,0.0,0.0,0.0,0.0,1.0,1.0,1.0,13.546965475586145,SH000300
2010-05-06,3014.907,3014.907,2895.392,2896.856,3036.394,5877041300.0,81502262034.0,0.005318,1.0,-4.59552,0.0,0.0,0.0,0.0,0.0,1.0,1.0,1.0,13.867906974551975,SH000300
2010-05-07,2835.879,2892.533,2817.153,2836.789,2896.856,6111939900.0,79147499714.0,0.005527,1.0,-2.07352,0.0,0.0,0.0,0.0,0.0,1.0,1.0,1.0,12.949652812194701,SH000300
2010-05-10,2842.366,2872.314,2798.523,2858.233,2836.789,5020917300.0,64909188147.0,0.004539,1.0,0.75592,0.0,0.0,0.0,0.0,0.0,1.0,1.0,1.0,12.927754883953178,SH000300
2010-05-11,2916.335,2922.125,2790.701,2800.817,2858.233,5836349000.0,73894666754.0,0.005276,1.0,-2.008794,0.0,0.0,0.0,0.0,0.0,1.0,1.0,1.0,12.661111724812892,SH000300
2010-05-12,2781.708,2832.147,2756.422,2818.16,2800.817,5300227100.0,64693988243.0,0.004792,1.0,0.619213,0.0,0.0,0.0,0.0,0.0,1.0,1.0,1.0,12.205889865172004,SH000300
2010-05-13,2818.578,2886.972,2811.661,2886.911,2818.16,5514577800.0,67486536614.0,0.00498,1.0,2.43957,0.0,0.0,0.0,0.0,0.0,1.0,1.0,1.0,12.23784287058204,SH000300
2010-05-14,2865.58,2888.093,2849.241,2868.023,2886.911,4249871900.0,55175291043.0,0.003834,1.0,-0.654261,0.0,0.0,0.0,0.0,0.0,1.0,1.0,1.0,12.982812739132207,SH000300
2010-05-17,2828.882,2828.882,2712.444,2714.715,2868.023,5216684700.0,62395513473.0,0.004661,1.0,-5.34542,0.0,0.0,0.0,0.0,0.0,1.0,1.0,1.0,11.960759957948005,SH000300
2010-05-18,2711.407,2781.845,2686.973,2771.348,2714.715,5450967100.0,62746245805.0,0.00487,1.0,2.086142,0.0,0.0,0.0,0.0,0.0,1.0,1.0,1.0,11.511029997777825,SH000300
2010-05-19,2748.952,2803.695,2723.304,2762.174,2771.348,4557622100.0,54656401336.0,0.004072,1.0,-0.331024,0.0,0.0,0.0,0.0,0.0,1.0,1.0,1.0,11.992306544239375,SH000300
2010-05-20,2739.219,2793.876,2721.072,2726.022,2762.174,4217480300.0,52677914862.0,0.003767,1.0,-1.308828,0.0,0.0,0.0,0.0,0.0,1.0,1.0,1.0,12.490376033765942,SH000300
2010-05-21,2656.419,2769.094,2647.597,2768.791,2726.022,5447538300.0,63501808937.0,0.004866,1.0,1.568918,0.0,0.0,0.0,0.0,0.0,1.0,1.0,1.0,11.656973377681439,SH000300
2010-05-24,2787.751,2886.368,2787.751,2873.469,2768.791,7450233800.0,89961882752.0,0.00665,1.0,3.780638,0.0,0.0,0.0,0.0,0.0,1.0,1.0,1.0,12.075041558024662,SH000300
2010-05-25,2851.256,2855.332,2798.02,2813.943,2873.469,5516832700.0,67954988050.0,0.004923,1.0,-2.071568,0.0,0.0,0.0,0.0,0.0,1.0,1.0,1.0,12.317753998594156,SH000300
2010-05-26,2814.444,2839.031,2797.628,2813.944,2813.943,3985856400.0,48495603059.0,0.003555,1.0,3.5e-05,0.0,0.0,0.0,0.0,0.0,1.0,1.0,1.0,12.166921783484222,SH000300
2010-05-27,2808.048,2866.865,2771.586,2859.979,2813.944,5344520900.0,65266773667.0,0.004766,1.0,1.635957,0.0,0.0,0.0,0.0,0.0,1.0,1.0,1.0,12.211903534140918,SH000300
2010-05-28,2885.857,2893.687,2835.069,2850.302,2859.979,5153498900.0,64342505421.0,0.004595,1.0,-0.338359,0.0,0.0,0.0,0.0,0.0,1.0,1.0,1.0,12.485207946973658,SH000300
2010-05-31,2835.334,2857.416,2772.792,2773.264,2850.302,4621685400.0,56695803642.0,0.004121,1.0,-2.702804,0.0,0.0,0.0,0.0,0.0,1.0,1.0,1.0,12.267343779392686,SH000300
2010-06-01,2755.284,2782.288,2710.593,2744.162,2773.264,4485142600.0,53230913831.0,0.003995,1.0,-1.04937,0.0,0.0,0.0,0.0,0.0,1.0,1.0,1.0,11.868276792581801,SH000300
2010-06-02,2729.328,2757.914,2700.075,2757.527,2744.162,3958702000.0,46364229493.0,0.003522,1.0,0.487034,0.0,0.0,0.0,0.0,0.0,1.0,1.0,1.0,11.711977686878173,SH000300
2010-06-03,2769.096,2787.512,2735.7,2736.076,2757.527,3958725800.0,47143262922.0,0.003522,1.0,-0.777913,0.0,0.0,0.0,0.0,0.0,1.0,1.0,1.0,11.908696207754526,SH000300
2010-06-04,2721.359,2748.476,2713.095,2744.391,2736.076,3274629100.0,39858363381.0,0.002913,1.0,0.303909,0.0,0.0,0.0,0.0,0.0,1.0,1.0,1.0,12.171871123053295,SH000300
2010-06-07,2692.831,2716.401,2673.342,2695.715,2744.391,3954199300.0,47062703369.0,0.003517,1.0,-1.773655,0.0,0.0,0.0,0.0,0.0,1.0,1.0,1.0,11.901955313430964,SH000300
2010-06-08,2694.106,2720.586,2672.058,2699.336,2695.715,3514018200.0,42677104255.0,0.003116,1.0,0.134319,0.0,0.0,0.0,0.0,0.0,1.0,1.0,1.0,12.144815941761486,SH000300
2010-06-09,2711.642,2787.825,2687.331,2782.133,2699.336,6020953300.0,70710080539.0,0.005338,1.0,3.067314,0.0,0.0,0.0,0.0,0.0,1.0,1.0,1.0,11.744000827742676,SH000300
2010-06-10,2755.94,2776.259,2746.107,2750.023,2782.133,4290633400.0,50312244286.0,0.003794,1.0,-1.154154,0.0,0.0,0.0,0.0,0.0,1.0,1.0,1.0,11.726064567995952,SH000300
2010-06-11,2766.196,2782.095,2755.949,2758.866,2750.023,4055858500.0,48871478557.0,0.003587,1.0,0.321562,0.0,0.0,0.0,0.0,0.0,1.0,1.0,1.0,12.04960147327625,SH000300
2010-06-17,2778.533,2784.916,2742.64,2742.733,2758.866,3261235600.0,40293233998.0,0.002883,1.0,-0.584771,0.0,0.0,0.0,0.0,0.0,1.0,1.0,1.0,12.35520487940215,SH000300
2010-06-18,2739.032,2755.842,2686.614,2696.166,2742.733,4180834400.0,50256350918.0,0.003694,1.0,-1.697828,0.0,0.0,0.0,0.0,0.0,1.0,1.0,1.0,12.020650929871797,SH000300
2010-06-21,2698.984,2784.47,2686.323,2780.663,2696.166,5526148200.0,62809190519.0,0.004874,1.0,3.133971,0.0,0.0,0.0,0.0,0.0,1.0,1.0,1.0,11.365817246631208,SH000300
2010-06-22,2772.886,2795.323,2766.443,2783.72,2780.663,3909605200.0,45207207792.0,0.003448,1.0,0.109934,0.0,0.0,0.0,0.0,0.0,1.0,1.0,1.0,11.563113275990117,SH000300
2010-06-23,2768.695,2788.219,2734.047,2758.495,2783.72,3560035000.0,41600240721.0,0.003129,1.0,-0.906156,0.0,0.0,0.0,0.0,0.0,1.0,1.0,1.0,11.685345992665802,SH000300
2010-06-24,2753.712,2783.508,2739.807,2757.498,2758.495,2922068200.0,33772857040.0,0.002558,1.0,-0.036145,0.0,0.0,0.0,0.0,0.0,1.0,1.0,1.0,11.557860641308782,SH000300
2010-06-25,2744.122,2759.445,2715.655,2736.287,2757.498,3067178200.0,34649179151.0,0.002684,1.0,-0.76921,0.0,0.0,0.0,0.0,0.0,1.0,1.0,1.0,11.29676102647052,SH000300
2010-06-28,2734.507,2751.455,2710.087,2716.777,2736.287,2771004400.0,31198277084.0,0.002423,1.0,-0.71301,0.0,0.0,0.0,0.0,0.0,1.0,1.0,1.0,11.258833469914375,SH000300
2010-06-29,2717.465,2724.231,2591.694,2592.019,2716.777,4875855200.0,50635969685.0,0.00426,1.0,-4.592134,0.0,0.0,0.0,0.0,0.0,1.0,1.0,1.0,10.385043773449219,SH000300
2010-06-30,2572.912,2575.824,2546.843,2563.07,2592.019,3569879400.0,35809892277.0,0.003121,1.0,-1.11685,0.0,0.0,0.0,0.0,0.0,1.0,1.0,1.0,10.031121016861242,SH000300
2010-07-01,2557.92,2574.098,2524.573,2526.071,2563.07,3285764600.0,32478457404.0,0.002847,1.0,-1.443543,0.0,0.0,0.0,0.0,0.0,1.0,1.0,1.0,9.8845965423086,SH000300
2010-07-02,2523.035,2542.122,2462.202,2534.105,2526.071,4491410000.0,43367318435.0,0.003889,1.0,0.318041,0.0,0.0,0.0,0.0,0.0,1.0,1.0,1.0,9.655613367517105,SH000300
2010-07-05,2507.354,2529.425,2476.49,2512.651,2534.105,3217857400.0,30922298985.0,0.002786,1.0,-0.846615,0.0,0.0,0.0,0.0,0.0,1.0,1.0,1.0,9.609592701342203,SH000300
2010-07-06,2504.869,2563.411,2502.931,2562.902,2512.651,3971476200.0,38976836519.0,0.003437,1.0,1.999928,0.0,0.0,0.0,0.0,0.0,1.0,1.0,1.0,9.814193653986898,SH000300
2010-07-07,2561.106,2580.608,2548.559,2580.477,2562.902,3572090900.0,37059898462.0,0.003091,1.0,0.685744,0.0,0.0,0.0,0.0,0.0,1.0,1.0,1.0,10.374847533135284,SH000300
2010-07-08,2591.509,2602.23,2564.638,2575.921,2580.477,3405696600.0,35348760455.0,0.002947,1.0,-0.176562,0.0,0.0,0.0,0.0,0.0,1.0,1.0,1.0,10.379304032837217,SH000300
2010-07-09,2578.555,2662.163,2557.259,2647.104,2575.921,5849304500.0,61470066938.0,0.005061,1.0,2.763404,0.0,0.0,0.0,0.0,0.0,1.0,1.0,1.0,10.508953147848603,SH000300
2010-07-12,2647.421,2689.809,2636.648,2676.218,2647.104,5846249100.0,63462262470.0,0.005052,1.0,1.099844,0.0,0.0,0.0,0.0,0.0,1.0,1.0,1.0,10.855210132938058,SH000300
2010-07-13,2649.658,2649.658,2618.34,2634.593,2676.218,4322850600.0,45125109071.0,0.003732,1.0,-1.555367,0.0,0.0,0.0,0.0,0.0,1.0,1.0,1.0,10.438738981865345,SH000300
2010-07-14,2640.925,2684.616,2640.542,2653.609,2634.593,4668886000.0,49497106670.0,0.004029,1.0,0.721776,0.0,0.0,0.0,0.0,0.0,1.0,1.0,1.0,10.60148109634718,SH000300
2010-07-15,2650.334,2680.442,2607.788,2608.519,2653.609,4044045900.0,41444710868.0,0.003476,1.0,-1.699189,0.0,0.0,0.0,0.0,0.0,1.0,1.0,1.0,10.248328503887654,SH000300
2010-07-16,2597.0,2621.332,2573.794,2616.128,2608.519,3506330200.0,35422326209.0,0.003011,1.0,0.291694,0.0,0.0,0.0,0.0,0.0,1.0,1.0,1.0,10.102393154244286,SH000300
2010-07-19,2592.087,2691.937,2585.007,2682.472,2616.128,5386807000.0,59826125817.0,0.004614,1.0,2.535961,0.0,0.0,0.0,0.0,0.0,1.0,1.0,1.0,11.10604590381649,SH000300
2010-07-20,2685.459,2746.237,2685.459,2741.503,2682.472,7312834500.0,80958216794.0,0.006251,1.0,2.20062,0.0,0.0,0.0,0.0,0.0,1.0,1.0,1.0,11.070702720538801,SH000300
2010-07-21,2744.696,2766.205,2733.721,2747.335,2741.503,7075709200.0,73734684585.0,0.006048,1.0,0.212731,0.0,0.0,0.0,0.0,0.0,1.0,1.0,1.0,10.4208189597447,SH000300
2010-07-22,2738.027,2783.138,2734.071,2781.286,2747.335,6106480600.0,63576603000.0,0.00522,1.0,1.235777,0.0,0.0,0.0,0.0,0.0,1.0,1.0,1.0,10.411333002515393,SH000300
2010-07-23,2787.521,2806.979,2769.44,2793.076,2781.286,6451856500.0,70423335023.0,0.005515,1.0,0.423906,0.0,0.0,0.0,0.0,0.0,1.0,1.0,1.0,10.91520479771985,SH000300
2010-07-26,2798.762,2811.953,2775.778,2811.055,2793.076,5358002600.0,59848905278.0,0.004575,1.0,0.643699,0.0,0.0,0.0,0.0,0.0,1.0,1.0,1.0,11.170003030233692,SH000300
2010-07-27,2803.755,2812.208,2785.374,2795.724,2811.055,4979988400.0,55963991462.0,0.00425,1.0,-0.545376,0.0,0.0,0.0,0.0,0.0,1.0,1.0,1.0,11.237775465902692,SH000300
2010-07-28,2796.483,2866.404,2784.155,2863.724,2795.724,7998595400.0,84516845765.0,0.006822,1.0,2.432286,0.0,0.0,0.0,0.0,0.0,1.0,1.0,1.0,10.56646092700226,SH000300
2010-07-29,2866.772,2888.599,2851.996,2877.976,2863.724,9596540900.0,92278224492.0,0.008116,1.0,0.497672,0.0,0.0,0.0,0.0,0.0,1.0,1.0,1.0,9.615779837086924,SH000300
2010-07-30,2871.481,2876.136,2844.682,2868.846,2877.976,6257559100.0,65224482367.0,0.005292,1.0,-0.317241,0.0,0.0,0.0,0.0,0.0,1.0,1.0,1.0,10.42331064312281,SH000300
2010-08-02,2868.279,2922.612,2867.45,2917.275,2868.846,7174330000.0,73569074427.0,0.006067,1.0,1.688099,0.0,0.0,0.0,0.0,0.0,1.0,1.0,1.0,10.254487098725596,SH000300
2010-08-03,2925.254,2929.614,2865.761,2865.971,2917.275,8174836400.0,86870574135.0,0.006913,1.0,-1.758626,0.0,0.0,0.0,0.0,0.0,1.0,1.0,1.0,10.626582586411148,SH000300
2010-08-04,2858.354,2876.595,2818.248,2876.434,2865.971,7131803900.0,75670144265.0,0.006031,1.0,0.365082,0.0,0.0,0.0,0.0,0.0,1.0,1.0,1.0,10.610239053965014,SH000300
2010-08-05,2874.66,2877.31,2833.669,2850.829,2876.434,6715758100.0,73038457567.0,0.005679,1.0,-0.890164,0.0,0.0,0.0,0.0,0.0,1.0,1.0,1.0,10.875683203509071,SH000300
2010-08-06,2848.155,2898.534,2821.033,2897.659,2850.829,7491489500.0,82145150913.0,0.006335,1.0,1.642674,0.0,0.0,0.0,0.0,0.0,1.0,1.0,1.0,10.965129286105253,SH000300
2010-08-09,2894.103,2922.624,2888.045,2918.241,2897.659,7472639100.0,83431980844.0,0.006315,1.0,0.710299,0.0,0.0,0.0,0.0,0.0,1.0,1.0,1.0,11.164995355389236,SH000300
2010-08-10,2920.404,2925.296,2832.078,2832.638,2918.241,7843503400.0,84283699448.0,0.006628,1.0,-2.933378,0.0,0.0,0.0,0.0,0.0,1.0,1.0,1.0,10.745670034132962,SH000300
2010-08-11,2823.15,2864.361,2823.15,2850.211,2832.638,5497913300.0,58786302173.0,0.004643,1.0,0.620376,0.0,0.0,0.0,0.0,0.0,1.0,1.0,1.0,10.692475302038684,SH000300
2010-08-12,2822.791,2860.369,2810.102,2816.386,2850.211,5989322700.0,65825613506.0,0.005058,1.0,-1.186753,0.0,0.0,0.0,0.0,0.0,1.0,1.0,1.0,10.990493717428183,SH000300
2010-08-13,2818.41,2856.043,2799.221,2855.547,2816.386,5850772100.0,62923747790.0,0.004941,1.0,1.390475,0.0,0.0,0.0,0.0,0.0,1.0,1.0,1.0,10.754776756729253,SH000300
2010-08-16,2851.219,2927.688,2843.024,2922.083,2855.547,8106804300.0,91427507573.0,0.006845,1.0,2.330058,0.0,0.0,0.0,0.0,0.0,1.0,1.0,1.0,11.27787278311381,SH000300
2010-08-17,2927.258,2949.73,2917.834,2942.291,2922.083,7645291200.0,86700542871.0,0.006452,1.0,0.691562,0.0,0.0,0.0,0.0,0.0,1.0,1.0,1.0,11.340384637147634,SH000300
2010-08-18,2945.979,2962.749,2924.668,2937.362,2942.291,7074760000.0,80832368101.0,0.005968,1.0,-0.167521,0.0,0.0,0.0,0.0,0.0,1.0,1.0,1.0,11.425457273603628,SH000300
2010-08-19,2940.767,2975.188,2928.013,2955.395,2937.362,7692486500.0,91734587115.0,0.006489,1.0,0.613917,0.0,0.0,0.0,0.0,0.0,1.0,1.0,1.0,11.92521912323148,SH000300
2010-08-20,2943.334,2951.956,2892.64,2898.333,2955.395,7166330600.0,82298173112.0,0.006028,1.0,-1.930774,0.0,0.0,0.0,0.0,0.0,1.0,1.0,1.0,11.484004535319652,SH000300
2010-08-23,2895.707,2920.541,2886.659,2896.192,2898.333,4891551700.0,57772779300.0,0.004115,1.0,-0.073874,0.0,0.0,0.0,0.0,0.0,1.0,1.0,1.0,11.81072650218539,SH000300
2010-08-24,2892.129,2933.118,2866.802,2911.827,2896.192,6109379600.0,65036592635.0,0.005139,1.0,0.539847,0.0,0.0,0.0,0.0,0.0,1.0,1.0,1.0,10.645367761237164,SH000300
2010-08-25,2893.986,2904.662,2842.249,2843.023,2911.827,6361062100.0,67048224427.0,0.005351,1.0,-2.362914,0.0,0.0,0.0,0.0,0.0,1.0,1.0,1.0,10.540413436146142,SH000300
2010-08-26,2853.105,2868.878,2836.129,2850.093,2843.023,4867044200.0,51862922913.0,0.004091,1.0,0.248681,0.0,0.0,0.0,0.0,0.0,1.0,1.0,1.0,10.655938344056953,SH000300
2010-08-27,2847.448,2861.074,2833.422,2858.566,2850.093,4078958200.0,46699343358.0,0.003421,1.0,0.297285,0.0,0.0,0.0,0.0,0.0,1.0,1.0,1.0,11.448840872652237,SH000300
2010-08-30,2874.247,2921.085,2872.918,2915.01,2858.566,6574988200.0,77341616491.0,0.005513,1.0,1.97456,0.0,0.0,0.0,0.0,0.0,1.0,1.0,1.0,11.763004607521577,SH000300
2010-08-31,2905.154,2910.06,2889.808,2903.188,2915.01,6576610400.0,79976347302.0,0.005514,1.0,-0.405557,0.0,0.0,0.0,0.0,0.0,1.0,1.0,1.0,12.160724512736834,SH000300
2010-09-01,2907.663,2931.76,2859.166,2884.042,2903.188,7697557800.0,87931887194.0,0.006454,1.0,-0.659482,0.0,0.0,0.0,0.0,0.0,1.0,1.0,1.0,11.42334873977822,SH000300
2010-09-02,2917.735,2931.547,2903.028,2921.393,2884.042,7070085100.0,88923142593.0,0.005928,1.0,1.295095,0.0,0.0,0.0,0.0,0.0,1.0,1.0,1.0,12.577379385857746,SH000300
2010-09-03,2926.939,2929.548,2891.878,2920.205,2921.393,7264102700.0,87724829649.0,0.00609,1.0,-0.040665,0.0,0.0,0.0,0.0,0.0,1.0,1.0,1.0,12.076485324057987,SH000300
2010-09-06,2935.89,2980.424,2935.89,2975.09,2920.205,9385568100.0,110466116424.0,0.007867,1.0,1.879492,0.0,0.0,0.0,0.0,0.0,1.0,1.0,1.0,11.769784763907898,SH000300
2010-09-07,2979.298,2991.435,2959.902,2983.108,2975.09,7351936100.0,85488193860.0,0.006163,1.0,0.269498,0.0,0.0,0.0,0.0,0.0,1.0,1.0,1.0,11.62798379871664,SH000300
2010-09-08,2970.002,2982.72,2953.839,2980.967,2983.108,7287200200.0,92660879129.0,0.006108,1.0,-0.071766,0.0,0.0,0.0,0.0,0.0,1.0,1.0,1.0,12.715566553118714,SH000300
2010-09-09,2986.867,2986.867,2922.2,2926.46,2980.967,8139555400.0,103248280132.0,0.006823,1.0,-1.828503,0.0,0.0,0.0,0.0,0.0,1.0,1.0,1.0,12.684756729096039,SH000300
2010-09-10,2928.001,2940.79,2890.035,2932.554,2926.46,6508670400.0,83743163807.0,0.005456,1.0,0.208238,0.0,0.0,0.0,0.0,0.0,1.0,1.0,1.0,12.866401071254122,SH000300
2010-09-13,2933.594,2977.078,2925.416,2962.319,2932.554,6727990000.0,87536178972.0,0.00564,1.0,1.01499,0.0,0.0,0.0,0.0,0.0,1.0,1.0,1.0,13.010747485058687,SH000300
2010-09-14,2971.547,2984.466,2954.507,2965.009,2962.319,7010590300.0,87204421695.0,0.005876,1.0,0.090805,0.0,0.0,0.0,0.0,0.0,1.0,1.0,1.0,12.438955631881669,SH000300
2010-09-15,2965.539,2965.539,2905.63,2913.194,2965.009,7161964200.0,86445964329.0,0.006002,1.0,-1.747548,0.0,0.0,0.0,0.0,0.0,1.0,1.0,1.0,12.070147506322357,SH000300
2010-09-16,2908.322,2917.849,2834.033,2857.789,2913.194,7407428400.0,84198375910.0,0.006204,1.0,-1.901865,0.0,0.0,0.0,0.0,0.0,1.0,1.0,1.0,11.366748534484653,SH000300
2010-09-17,2864.717,2877.083,2847.681,2861.369,2857.789,5193886700.0,62466326737.0,0.00435,1.0,0.125266,0.0,0.0,0.0,0.0,0.0,1.0,1.0,1.0,12.026894375073681,SH000300
2010-09-20,2865.04,2872.219,2829.757,2849.828,2861.369,5028310400.0,57582985440.0,0.004203,1.0,-0.403339,0.0,0.0,0.0,0.0,0.0,1.0,1.0,1.0,11.451756327533001,SH000300
2010-09-21,2859.43,2869.38,2844.125,2857.476,2849.828,3575188100.0,44742025248.0,0.002988,1.0,0.268374,0.0,0.0,0.0,0.0,0.0,1.0,1.0,1.0,12.51459335747957,SH000300
2010-09-27,2869.928,2905.526,2864.209,2905.029,2857.476,4907182300.0,62611534184.0,0.004091,1.0,1.66416,0.0,0.0,0.0,0.0,0.0,1.0,1.0,1.0,12.759162051917247,SH000300
2010-09-28,2900.536,2900.536,2875.658,2880.907,2905.029,5866082600.0,80859749613.0,0.004891,1.0,-0.830356,0.0,0.0,0.0,0.0,0.0,1.0,1.0,1.0,13.784284185326678,SH000300
2010-09-29,2877.269,2908.732,2866.854,2874.812,2880.907,5678223600.0,74516021987.0,0.00473,1.0,-0.211564,0.0,0.0,0.0,0.0,0.0,1.0,1.0,1.0,13.123122165706894,SH000300
2010-09-30,2859.06,2935.595,2857.418,2935.574,2874.812,6300024700.0,80709727516.0,0.005247,1.0,2.113598,0.0,0.0,0.0,0.0,0.0,1.0,1.0,1.0,12.811017632359441,SH000300
2010-10-08,2965.652,3055.836,2963.237,3044.233,2935.574,9999472000.0,134986634589.0,0.008326,1.0,3.701454,0.0,0.0,0.0,0.0,0.0,1.0,1.0,1.0,13.499376225964731,SH000300
2010-10-11,3069.188,3154.204,3069.188,3132.895,3044.233,15873490400.0,212607066630.0,0.013057,1.0,2.912461,0.0,0.0,0.0,0.0,0.0,1.0,1.0,1.0,13.393844786021353,SH000300
2010-10-12,3121.636,3173.849,3106.224,3172.726,3132.895,12736170500.0,178245219770.0,0.010476,1.0,1.271382,0.0,0.0,0.0,0.0,0.0,1.0,1.0,1.0,13.99519736093357,SH000300
2010-10-13,3176.886,3221.646,3165.578,3217.577,3172.726,14460777300.0,195444719896.0,0.011894,1.0,1.413637,0.0,0.0,0.0,0.0,0.0,1.0,1.0,1.0,13.515505829413472,SH000300
2010-10-14,3245.133,3286.023,3215.031,3224.14,3217.577,17961183800.0,227654458634.0,0.014773,1.0,0.203973,0.0,0.0,0.0,0.0,0.0,1.0,1.0,1.0,12.674802572534222,SH000300
2010-10-15,3204.723,3327.683,3199.122,3327.683,3224.14,19341414000.0,245619296303.0,0.015839,1.0,3.211499,0.0,0.0,0.0,0.0,0.0,1.0,1.0,1.0,12.699138558483883,SH000300
2010-10-18,3345.804,3390.015,3288.781,3306.16,3327.683,21788205100.0,267884370339.0,0.01784,1.0,-0.646792,0.0,0.0,0.0,0.0,0.0,1.0,1.0,1.0,12.294926044137522,SH000300
2010-10-19,3300.517,3375.867,3279.999,3375.674,3306.16,13044179100.0,165488914490.0,0.010675,1.0,2.102565,0.0,0.0,0.0,0.0,0.0,1.0,1.0,1.0,12.686801769687447,SH000300
2010-10-20,3304.221,3439.225,3301.009,3396.879,3375.674,16652846000.0,235372057455.0,0.013625,1.0,0.628166,0.0,0.0,0.0,0.0,0.0,1.0,1.0,1.0,14.134043961914978,SH000300
2010-10-21,3404.721,3418.091,3344.962,3374.685,3396.879,12388324500.0,175383712722.0,0.010136,1.0,-0.65336,0.0,0.0,0.0,0.0,0.0,1.0,1.0,1.0,14.157177810607076,SH000300
2010-10-22,3365.597,3408.491,3346.111,3378.655,3374.685,11636185700.0,163153618542.0,0.009484,1.0,0.11764,0.0,0.0,0.0,0.0,0.0,1.0,1.0,1.0,14.021228497754208,SH000300
2010-10-25,3386.85,3481.347,3366.43,3481.081,3378.655,14543310500.0,208809404746.0,0.011854,1.0,3.031562,0.0,0.0,0.0,0.0,0.0,1.0,1.0,1.0,14.357762955415138,SH000300
2010-10-26,3491.474,3499.817,3436.463,3466.084,3481.081,14263699900.0,205216457176.0,0.011626,1.0,-0.430816,0.0,0.0,0.0,0.0,0.0,1.0,1.0,1.0,14.387322967724524,SH000300
2010-10-27,3451.427,3490.217,3398.095,3403.872,3466.084,12376157000.0,177072552070.0,0.010087,1.0,-1.794876,0.0,0.0,0.0,0.0,0.0,1.0,1.0,1.0,14.30755541239498,SH000300
2010-10-28,3390.426,3420.885,3371.439,3397.692,3403.872,9834945600.0,141135882042.0,0.008016,1.0,-0.181563,0.0,0.0,0.0,0.0,0.0,1.0,1.0,1.0,14.35044867375779,SH000300
2010-10-29,3400.262,3404.6,3351.601,3379.983,3397.692,10045897000.0,145528365885.0,0.008186,1.0,-0.521206,0.0,0.0,0.0,0.0,0.0,1.0,1.0,1.0,14.486348594356482,SH000300
2010-11-01,3390.413,3472.995,3390.413,3472.995,3379.983,12626914800.0,186725762506.0,0.010289,1.0,2.751854,0.0,0.0,0.0,0.0,0.0,1.0,1.0,1.0,14.78791656264284,SH000300
2010-11-02,3484.232,3522.175,3449.724,3463.131,3472.995,15491145000.0,233976228513.0,0.012611,1.0,-0.28402,0.0,0.0,0.0,0.0,0.0,1.0,1.0,1.0,15.103869243558174,SH000300
2010-11-03,3462.74,3474.707,3419.08,3420.341,3463.131,12635930300.0,178803329799.0,0.010287,1.0,-1.235588,0.0,0.0,0.0,0.0,0.0,1.0,1.0,1.0,14.150389053586343,SH000300
2010-11-04,3426.46,3480.929,3419.643,3480.505,3420.341,11679948100.0,164721393800.0,0.009508,1.0,1.759001,0.0,0.0,0.0,0.0,0.0,1.0,1.0,1.0,14.102921724455266,SH000300
2010-11-05,3538.988,3554.47,3498.276,3520.798,3480.505,13768802700.0,196618041454.0,0.011209,1.0,1.157683,0.0,0.0,0.0,0.0,0.0,1.0,1.0,1.0,14.27996651110412,SH000300
2010-11-08,3534.191,3549.305,3506.375,3548.566,3520.798,12647075900.0,174067581795.0,0.009099,1.0,0.78868,0.0,0.0,0.0,0.0,0.0,1.0,1.0,1.0,13.763464627819621,SH000300
2010-11-09,3547.44,3547.44,3498.623,3523.954,3548.566,12245453300.0,170174876748.0,0.00881,1.0,-0.693571,0.0,0.0,0.0,0.0,0.0,1.0,1.0,1.0,13.896984666790571,SH000300
2010-11-10,3507.195,3508.275,3470.968,3499.111,3523.954,12007857800.0,176529783278.0,0.008638,1.0,-0.704976,0.0,0.0,0.0,0.0,0.0,1.0,1.0,1.0,14.70118868979278,SH000300
2010-11-11,3490.738,3557.987,3484.891,3509.975,3499.111,13897623300.0,209121524845.0,0.009872,1.0,0.310479,0.0,0.0,0.0,0.0,0.0,1.0,1.0,1.0,15.047286887175881,SH000300
2010-11-12,3484.606,3497.061,3284.348,3291.833,3509.975,16073385000.0,224200791087.0,0.011418,1.0,-6.214919,0.0,0.0,0.0,0.0,0.0,1.0,1.0,1.0,13.94857343907335,SH000300
2010-11-15,3298.737,3319.976,3241.758,3314.893,3291.833,10231572400.0,144492952434.0,0.007265,1.0,0.700523,0.0,0.0,0.0,0.0,0.0,1.0,1.0,1.0,14.122262618598095,SH000300
2010-11-16,3311.616,3311.616,3155.475,3169.538,3314.893,10830707200.0,154278113336.0,0.00769,1.0,-4.384907,0.0,0.0,0.0,0.0,0.0,1.0,1.0,1.0,14.244509660089417,SH000300
2010-11-17,3124.109,3168.931,3087.507,3103.906,3169.538,8325808000.0,118981231625.0,0.005905,1.0,-2.070714,0.0,0.0,0.0,0.0,0.0,1.0,1.0,1.0,14.290652826128106,SH000300
2010-11-18,3134.937,3158.629,3097.388,3147.962,3103.906,6569729200.0,94476115838.0,0.00466,1.0,1.41937,0.0,0.0,0.0,0.0,0.0,1.0,1.0,1.0,14.380519038440733,SH000300
2010-11-19,3168.165,3178.846,3076.213,3178.846,3147.962,8334765400.0,114672977294.0,0.005912,1.0,0.98108,0.0,0.0,0.0,0.0,0.0,1.0,1.0,1.0,13.758392922972973,SH000300
2010-11-22,3148.215,3200.472,3137.751,3171.941,3178.846,8321277600.0,114302974766.0,0.005902,1.0,-0.217218,0.0,0.0,0.0,0.0,0.0,1.0,1.0,1.0,13.73622900959343,SH000300
2010-11-23,3156.478,3156.478,3061.623,3107.176,3171.941,7739959100.0,105281461473.0,0.00549,1.0,-2.041806,0.0,0.0,0.0,0.0,0.0,1.0,1.0,1.0,13.602327882197724,SH000300
2010-11-24,3088.992,3177.412,3088.992,3177.043,3107.176,7533208300.0,107688446612.0,0.005299,1.0,2.248567,0.0,0.0,0.0,0.0,0.0,1.0,1.0,1.0,14.2951638031833,SH000300
2010-11-25,3197.965,3227.054,3172.282,3223.484,3177.043,8344209400.0,116948295300.0,0.005869,1.0,1.461766,0.0,0.0,0.0,0.0,0.0,1.0,1.0,1.0,14.015503410065428,SH000300
2010-11-26,3214.132,3224.517,3170.364,3194.853,3223.484,6446782400.0,96226367197.0,0.004534,1.0,-0.888196,0.0,0.0,0.0,0.0,0.0,1.0,1.0,1.0,14.926262626298664,SH000300
2010-11-29,3183.54,3206.756,3159.459,3190.05,3194.853,5899489200.0,88799073974.0,0.004142,1.0,-0.150335,0.0,0.0,0.0,0.0,0.0,1.0,1.0,1.0,15.051993649551896,SH000300
2010-11-30,3187.529,3205.782,3060.438,3136.985,3190.05,8576235500.0,120572328539.0,0.006022,1.0,-1.663452,0.0,0.0,0.0,0.0,0.0,1.0,1.0,1.0,14.05888732171592,SH000300
2010-12-01,3127.262,3150.436,3111.645,3136.024,3136.985,4888266800.0,69472579579.0,0.003431,1.0,-0.03064,0.0,0.0,0.0,0.0,0.0,1.0,1.0,1.0,14.212108794675446,SH000300
2010-12-02,3185.76,3194.226,3154.32,3155.059,3136.024,6102390800.0,89764278070.0,0.004283,1.0,0.606984,0.0,0.0,0.0,0.0,0.0,1.0,1.0,1.0,14.709690187327892,SH000300
2010-12-03,3161.93,3171.378,3134.419,3158.156,3155.059,5047535400.0,71387337327.0,0.003542,1.0,0.098157,0.0,0.0,0.0,0.0,0.0,1.0,1.0,1.0,14.143008749775188,SH000300
2010-12-06,3168.875,3185.332,3140.555,3165.57,3158.156,5636263000.0,80043207937.0,0.003922,1.0,0.234759,0.0,0.0,0.0,0.0,0.0,1.0,1.0,1.0,14.201467876321598,SH000300
2010-12-07,3152.733,3214.691,3112.223,3200.339,3165.57,5848365300.0,85548293130.0,0.004069,1.0,1.09835,0.0,0.0,0.0,0.0,0.0,1.0,1.0,1.0,14.627727363405292,SH000300
2010-12-08,3194.895,3215.281,3166.766,3171.882,3200.339,5951566300.0,87056105048.0,0.004141,1.0,-0.889188,0.0,0.0,0.0,0.0,0.0,1.0,1.0,1.0,14.627427581206648,SH000300
2010-12-09,3155.996,3175.052,3122.196,3123.366,3171.882,6615296500.0,83159036199.0,0.004602,1.0,-1.529569,0.0,0.0,0.0,0.0,0.0,1.0,1.0,1.0,12.570719422629054,SH000300
2010-12-10,3107.379,3172.163,3101.083,3161.977,3123.366,5710810500.0,78069117443.0,0.003973,1.0,1.236201,0.0,0.0,0.0,0.0,0.0,1.0,1.0,1.0,13.670409382871311,SH000300
2010-12-13,3176.335,3261.344,3173.564,3261.061,3161.977,9571373900.0,132088353616.0,0.006634,1.0,3.133608,0.0,0.0,0.0,0.0,0.0,1.0,1.0,1.0,13.80035457772682,SH000300
2010-12-14,3270.201,3279.365,3254.181,3269.474,3261.061,8410424100.0,114928736614.0,0.005829,1.0,0.257986,0.0,0.0,0.0,0.0,0.0,1.0,1.0,1.0,13.665034634103648,SH000300
2010-12-15,3270.781,3282.772,3242.516,3247.644,3269.474,7226978500.0,104793174443.0,0.005004,1.0,-0.667694,0.0,0.0,0.0,0.0,0.0,1.0,1.0,1.0,14.500274830345766,SH000300
2010-12-16,3246.013,3258.394,3224.122,3230.665,3247.644,5679962500.0,79262377015.0,0.003933,1.0,-0.52281,0.0,0.0,0.0,0.0,0.0,1.0,1.0,1.0,13.954735971408262,SH000300
2010-12-17,3229.297,3232.839,3212.579,3225.661,3230.665,4491914700.0,65697259729.0,0.003104,1.0,-0.154895,0.0,0.0,0.0,0.0,0.0,1.0,1.0,1.0,14.6256694787637,SH000300
2010-12-20,3239.022,3249.763,3117.998,3178.657,3225.661,7475969300.0,107521977283.0,0.00516,1.0,-1.457187,0.0,0.0,0.0,0.0,0.0,1.0,1.0,1.0,14.38234601672321,SH000300
2010-12-21,3184.7,3251.551,3168.889,3249.509,3178.657,7985242000.0,112461675290.0,0.005511,1.0,2.228993,0.0,0.0,0.0,0.0,0.0,1.0,1.0,1.0,14.08369029892895,SH000300
2010-12-22,3253.821,3263.45,3201.669,3215.453,3249.509,6993625800.0,98309032433.0,0.004827,1.0,-1.04804,0.0,0.0,0.0,0.0,0.0,1.0,1.0,1.0,14.056947747047033,SH000300
2010-12-23,3210.67,3237.644,3183.152,3188.607,3215.453,6131584700.0,84430476449.0,0.004231,1.0,-0.834904,0.0,0.0,0.0,0.0,0.0,1.0,1.0,1.0,13.769764356186746,SH000300
2010-12-24,3170.642,3187.724,3139.454,3162.955,3188.607,5513776700.0,72989136209.0,0.003805,1.0,-0.804485,0.0,0.0,0.0,0.0,0.0,1.0,1.0,1.0,13.237593791021679,SH000300
2010-12-27,3176.107,3219.655,3092.263,3099.709,3162.955,7001710700.0,99855478580.0,0.004809,1.0,-1.999589,0.0,0.0,0.0,0.0,0.0,1.0,1.0,1.0,14.261583041413008,SH000300
2010-12-28,3084.823,3095.358,3041.328,3044.931,3099.709,5632574900.0,74843956564.0,0.003865,1.0,-1.767201,0.0,0.0,0.0,0.0,0.0,1.0,1.0,1.0,13.287698413739692,SH000300
2010-12-29,3049.928,3062.557,3025.22,3061.83,3044.931,4519277500.0,60134777207.0,0.00309,1.0,0.554994,0.0,0.0,0.0,0.0,0.0,1.0,1.0,1.0,13.306281193619999,SH000300
2010-12-30,3063.05,3079.909,3027.898,3064.098,3061.83,5428142900.0,70284275917.0,0.003711,1.0,0.074068,0.0,0.0,0.0,0.0,0.0,1.0,1.0,1.0,12.948125576612952,SH000300
2010-12-31,3069.053,3129.446,3067.108,3128.261,3064.098,6256607800.0,90545901164.0,0.004278,1.0,2.094028,0.0,0.0,0.0,0.0,0.0,1.0,1.0,1.0,14.472043647038257,SH000300
2011-01-04,3155.557,3194.358,3143.604,3189.682,3128.261,8541044000.0,129159620771.0,0.00591,1.0,1.96342,0.0,0.0,0.0,0.0,0.0,1.0,1.0,1.0,15.122228707755164,SH000300
2011-01-05,3170.181,3193.779,3158.871,3175.662,3189.682,7926881000.0,116943213907.0,0.005485,1.0,-0.439535,0.0,0.0,0.0,0.0,0.0,1.0,1.0,1.0,14.752739937309517,SH000300
2011-01-06,3177.835,3198.052,3152.572,3159.643,3175.662,5968109200.0,91568447016.0,0.004128,1.0,-0.504432,0.0,0.0,0.0,0.0,0.0,1.0,1.0,1.0,15.342957701913363,SH000300
2011-01-07,3156.362,3209.9,3141.125,3166.624,3159.643,8409323300.0,113651250191.0,0.005799,1.0,0.220941,0.0,0.0,0.0,0.0,0.0,1.0,1.0,1.0,13.514910312819106,SH000300
2011-01-10,3162.085,3182.782,3102.428,3108.187,3166.624,6549440600.0,87992881712.0,0.004516,1.0,-1.845404,0.0,0.0,0.0,0.0,0.0,1.0,1.0,1.0,13.435175167784559,SH000300
2011-01-11,3096.249,3131.292,3084.513,3124.922,3108.187,5698591700.0,74832449402.0,0.003924,1.0,0.53842,0.0,0.0,0.0,0.0,0.0,1.0,1.0,1.0,13.131744357469934,SH000300
2011-01-12,3135.18,3153.43,3099.413,3142.337,3124.922,5849851800.0,71551421416.0,0.004026,1.0,0.557287,0.0,0.0,0.0,0.0,0.0,1.0,1.0,1.0,12.231322068022305,SH000300
2011-01-13,3153.985,3157.036,3127.158,3141.284,3142.337,5193698800.0,66925783701.0,0.003572,1.0,-0.033509,0.0,0.0,0.0,0.0,0.0,1.0,1.0,1.0,12.885957826626372,SH000300
2011-01-14,3129.667,3129.667,3083.511,3091.862,3141.284,5335143900.0,71012100141.0,0.003669,1.0,-1.573302,0.0,0.0,0.0,0.0,0.0,1.0,1.0,1.0,13.310250196063128,SH000300
2011-01-17,3067.433,3078.88,2968.61,2974.35,3091.862,6680756200.0,85454121099.0,0.004594,1.0,-3.800686,0.0,0.0,0.0,0.0,0.0,1.0,1.0,1.0,12.79108510186317,SH000300
2011-01-18,2965.424,2984.47,2947.6,2977.648,2974.35,4296456400.0,54652416480.0,0.002954,1.0,0.110876,0.0,0.0,0.0,0.0,0.0,1.0,1.0,1.0,12.720347046929186,SH000300
2011-01-19,2978.457,3045.605,2967.243,3044.851,2977.648,5657194200.0,72772226927.0,0.003889,1.0,2.25692,0.0,0.0,0.0,0.0,0.0,1.0,1.0,1.0,12.86366073962955,SH000300
2011-01-20,3037.862,3037.862,2944.498,2944.713,3044.851,6104664300.0,76440116738.0,0.004197,1.0,-3.288771,0.0,0.0,0.0,0.0,0.0,1.0,1.0,1.0,12.521592176329827,SH000300
2011-01-21,2935.233,3030.265,2935.138,2983.456,2944.713,7310296600.0,85157790710.0,0.005025,1.0,1.315686,0.0,0.0,0.0,0.0,0.0,1.0,1.0,1.0,11.649019919383298,SH000300
2011-01-24,2986.092,2999.201,2943.92,2954.232,2983.456,6547254500.0,75805236102.0,0.0045,1.0,-0.979539,0.0,0.0,0.0,0.0,0.0,1.0,1.0,1.0,11.578171598797633,SH000300
2011-01-25,2949.647,2960.587,2919.162,2938.654,2954.232,4898268900.0,57572819537.0,0.003367,1.0,-0.527307,0.0,0.0,0.0,0.0,0.0,1.0,1.0,1.0,11.753707424473982,SH000300
2011-01-26,2939.773,2982.322,2939.356,2978.431,2938.654,4337497900.0,51746038070.0,0.002982,1.0,1.353574,0.0,0.0,0.0,0.0,0.0,1.0,1.0,1.0,11.929928097486803,SH000300
2011-01-27,2953.589,3037.159,2935.271,3026.466,2978.431,8258591900.0,96976029913.0,0.005677,1.0,1.612767,0.0,0.0,0.0,0.0,0.0,1.0,1.0,1.0,11.742441216038294,SH000300
2011-01-28,3020.122,3047.266,3011.375,3036.735,3026.466,6301358900.0,78241917729.0,0.004331,1.0,0.339308,0.0,0.0,0.0,0.0,0.0,1.0,1.0,1.0,12.416673763654376,SH000300
2011-01-31,3035.418,3076.547,3032.449,3076.508,3036.735,6710591400.0,83070309373.0,0.004612,1.0,1.309727,0.0,0.0,0.0,0.0,0.0,1.0,1.0,1.0,12.378984864582874,SH000300
2011-02-01,3083.493,3087.225,3062.83,3077.283,3076.508,4986253000.0,65832698489.0,0.003409,1.0,0.025188,0.0,0.0,0.0,0.0,0.0,1.0,1.0,1.0,13.202839584954875,SH000300
2011-02-09,3055.398,3087.551,3031.749,3040.949,3077.283,6039414500.0,78148356164.0,0.004129,1.0,-1.180716,0.0,0.0,0.0,0.0,0.0,1.0,1.0,1.0,12.939723902706131,SH000300
2011-02-10,3034.079,3105.324,3024.349,3104.163,3040.949,6660366200.0,86967273678.0,0.004553,1.0,2.078763,0.0,0.0,0.0,0.0,0.0,1.0,1.0,1.0,13.057431238240325,SH000300
2011-02-11,3100.274,3133.499,3092.582,3120.956,3104.163,7597555300.0,99001500830.0,0.005192,1.0,0.540982,0.0,0.0,0.0,0.0,0.0,1.0,1.0,1.0,13.030704867656574,SH000300
2011-02-14,3123.246,3227.432,3123.246,3219.143,3120.956,12130233100.0,155829380802.0,0.008284,1.0,3.146056,0.0,0.0,0.0,0.0,0.0,1.0,1.0,1.0,12.846363257603022,SH000300
2011-02-15,3223.222,3259.639,3215.619,3217.671,3219.143,10955443800.0,147747227925.0,0.007481,1.0,-0.045732,0.0,0.0,0.0,0.0,0.0,1.0,1.0,1.0,13.486192857381095,SH000300
2011-02-16,3211.135,3248.849,3195.467,3248.527,3217.671,9133428300.0,125549596910.0,0.006237,1.0,0.958961,0.0,0.0,0.0,0.0,0.0,1.0,1.0,1.0,13.746163301024655,SH000300
2011-02-17,3255.626,3265.257,3218.913,3245.907,3248.527,8896469500.0,127559673833.0,0.006075,1.0,-0.080656,0.0,0.0,0.0,0.0,0.0,1.0,1.0,1.0,14.338235390229798,SH000300
2011-02-18,3240.051,3242.374,3203.12,3211.876,3245.907,7537868400.0,104743371599.0,0.005147,1.0,-1.048428,0.0,0.0,0.0,0.0,0.0,1.0,1.0,1.0,13.895622215824304,SH000300
2011-02-21,3192.146,3258.28,3189.848,3257.908,3211.876,7939977600.0,108055882413.0,0.005417,1.0,1.433181,0.0,0.0,0.0,0.0,0.0,1.0,1.0,1.0,13.60909159403674,SH000300
2011-02-22,3267.615,3269.048,3161.833,3163.578,3257.908,10786374100.0,147588609007.0,0.007359,1.0,-2.895419,0.0,0.0,0.0,0.0,0.0,1.0,1.0,1.0,13.682875045748691,SH000300
2011-02-23,3152.441,3182.185,3145.986,3174.742,3163.578,7132485400.0,97251422739.0,0.004866,1.0,0.352894,0.0,0.0,0.0,0.0,0.0,1.0,1.0,1.0,13.634997800205802,SH000300
2011-02-24,3170.236,3195.688,3157.969,3190.935,3174.742,6648689300.0,94908281477.0,0.004536,1.0,0.510061,0.0,0.0,0.0,0.0,0.0,1.0,1.0,1.0,14.274735544793769,SH000300
2011-02-25,3190.872,3213.792,3159.847,3197.617,3190.935,6161927500.0,88275899352.0,0.004204,1.0,0.209402,0.0,0.0,0.0,0.0,0.0,1.0,1.0,1.0,14.326020446037381,SH000300
2011-02-28,3200.677,3241.597,3178.831,3239.559,3197.617,7663066300.0,109249970846.0,0.005222,1.0,1.311669,0.0,0.0,0.0,0.0,0.0,1.0,1.0,1.0,14.25669132550765,SH000300
2011-03-01,3241.714,3273.511,3235.754,3254.893,3239.559,8856695400.0,124040755772.0,0.006036,1.0,0.473336,0.0,0.0,0.0,0.0,0.0,1.0,1.0,1.0,14.005308997303892,SH000300
2011-03-02,3237.116,3257.419,3202.833,3243.298,3254.893,8091064100.0,113592007455.0,0.005514,1.0,-0.356232,0.0,0.0,0.0,0.0,0.0,1.0,1.0,1.0,14.039192626715193,SH000300
2011-03-03,3248.156,3271.64,3221.038,3221.718,3243.298,10121999700.0,131217797700.0,0.006898,1.0,-0.665374,0.0,0.0,0.0,0.0,0.0,1.0,1.0,1.0,12.963623946758268,SH000300
2011-03-04,3223.507,3273.658,3217.477,3270.666,3221.718,8001391500.0,107401810462.0,0.005451,1.0,1.519314,0.0,0.0,0.0,0.0,0.0,1.0,1.0,1.0,13.422891563548665,SH000300
2011-03-07,3287.405,3337.466,3287.405,3334.51,3270.666,11818719700.0,170406772534.0,0.008049,1.0,1.952018,0.0,0.0,0.0,0.0,0.0,1.0,1.0,1.0,14.418378374266716,SH000300
2011-03-08,3335.71,3342.711,3311.722,3337.457,3334.51,8487865500.0,126306326053.0,0.00578,1.0,0.088379,0.0,0.0,0.0,0.0,0.0,1.0,1.0,1.0,14.880811442287817,SH000300
2011-03-09,3344.1,3355.487,3322.698,3338.858,3337.457,7802636100.0,113534089995.0,0.005314,1.0,0.041974,0.0,0.0,0.0,0.0,0.0,1.0,1.0,1.0,14.550734974683749,SH000300
2011-03-10,3330.444,3330.444,3279.33,3280.259,3338.858,7821264200.0,117952630963.0,0.005299,1.0,-1.755057,0.0,0.0,0.0,0.0,0.0,1.0,1.0,1.0,15.081018611160074,SH000300
2011-03-11,3263.081,3290.7,3240.181,3247.376,3280.259,6720833500.0,100306077088.0,0.004554,1.0,-1.002453,0.0,0.0,0.0,0.0,0.0,1.0,1.0,1.0,14.92464842165782,SH000300
2011-03-14,3238.905,3263.906,3230.114,3262.92,3247.376,6368978300.0,94134688007.0,0.004312,1.0,0.478662,0.0,0.0,0.0,0.0,0.0,1.0,1.0,1.0,14.780186644222042,SH000300
2011-03-15,3250.595,3250.595,3147.957,3203.961,3262.92,9603397900.0,129603315155.0,0.006502,1.0,-1.806939,0.0,0.0,0.0,0.0,0.0,1.0,1.0,1.0,13.49556860025554,SH000300
2011-03-16,3204.919,3250.878,3202.931,3248.195,3203.961,7885952000.0,111826095701.0,0.005338,1.0,1.380608,0.0,0.0,0.0,0.0,0.0,1.0,1.0,1.0,14.180418001656617,SH000300
2011-03-17,3216.288,3240.381,3185.084,3197.1,3248.195,8568711400.0,117295727563.0,0.0058,1.0,-1.573027,0.0,0.0,0.0,0.0,0.0,1.0,1.0,1.0,13.688840957229578,SH000300
2011-03-18,3228.915,3239.963,3205.144,3215.685,3197.1,6134016100.0,86845200065.0,0.004152,1.0,0.581307,0.0,0.0,0.0,0.0,0.0,1.0,1.0,1.0,14.157967414692635,SH000300
2011-03-21,3220.677,3236.279,3194.145,3207.11,3215.685,5910503700.0,84105739105.0,0.003998,1.0,-0.26666,0.0,0.0,0.0,0.0,0.0,1.0,1.0,1.0,14.229876737070649,SH000300
2011-03-22,3217.8,3227.797,3175.93,3222.961,3207.11,5724868400.0,80009792794.0,0.003873,1.0,0.49424,0.0,0.0,0.0,0.0,0.0,1.0,1.0,1.0,13.975830919362268,SH000300
2011-03-23,3222.325,3267.004,3216.653,3264.926,3222.961,7207758500.0,98540423659.0,0.004876,1.0,1.302066,0.0,0.0,0.0,0.0,0.0,1.0,1.0,1.0,13.671438028757484,SH000300
2011-03-24,3269.575,3273.37,3250.023,3251.361,3264.926,6130424400.0,88058905863.0,0.004147,1.0,-0.415475,0.0,0.0,0.0,0.0,0.0,1.0,1.0,1.0,14.364243014398808,SH000300
2011-03-25,3256.179,3304.264,3254.683,3294.484,3251.361,8689597900.0,122021366960.0,0.005876,1.0,1.3263,0.0,0.0,0.0,0.0,0.0,1.0,1.0,1.0,14.04223398645408,SH000300
2011-03-28,3307.405,3328.07,3286.856,3290.571,3294.484,9768430000.0,139030083023.0,0.006604,1.0,-0.11877,0.0,0.0,0.0,0.0,0.0,1.0,1.0,1.0,14.232592445561876,SH000300
2011-03-29,3288.564,3309.199,3256.337,3257.979,3290.571,10528016400.0,132908076725.0,0.007116,1.0,-0.990468,0.0,0.0,0.0,0.0,0.0,1.0,1.0,1.0,12.624227743889152,SH000300
2011-03-30,3256.722,3274.977,3233.109,3256.08,3257.979,7833633700.0,103271930321.0,0.005287,1.0,-0.058285,0.0,0.0,0.0,0.0,0.0,1.0,1.0,1.0,13.183145175782217,SH000300
2011-03-31,3257.164,3264.956,3210.174,3223.288,3256.08,6450388000.0,86565372662.0,0.004353,1.0,-1.0071,0.0,0.0,0.0,0.0,0.0,1.0,1.0,1.0,13.420180718121143,SH000300
2011-04-01,3227.564,3272.768,3220.911,3272.729,3223.288,6309472200.0,86711549873.0,0.004258,1.0,1.533866,0.0,0.0,0.0,0.0,0.0,1.0,1.0,1.0,13.743075034548848,SH000300
2011-04-06,3269.19,3315.299,3268.765,3311.067,3272.729,10582367400.0,143030090888.0,0.007141,1.0,1.171435,0.0,0.0,0.0,0.0,0.0,1.0,1.0,1.0,13.515887842639067,SH000300
2011-04-07,3313.467,3330.805,3302.818,3324.419,3311.067,8468176200.0,112678585789.0,0.005706,1.0,0.403255,0.0,0.0,0.0,0.0,0.0,1.0,1.0,1.0,13.306122018221586,SH000300
2011-04-08,3321.54,3353.889,3314.089,3353.358,3324.419,7392921000.0,107329316269.0,0.004981,1.0,0.870497,0.0,0.0,0.0,0.0,0.0,1.0,1.0,1.0,14.51784974694035,SH000300
2011-04-11,3363.37,3380.527,3331.174,3333.427,3353.358,10442054500.0,141974385699.0,0.007033,1.0,-0.594357,0.0,0.0,0.0,0.0,0.0,1.0,1.0,1.0,13.596403437561067,SH000300
2011-04-12,3324.754,3350.156,3307.476,3326.771,3333.427,10193850600.0,122863556078.0,0.006866,1.0,-0.199675,0.0,0.0,0.0,0.0,0.0,1.0,1.0,1.0,12.052713042312,SH000300
2011-04-13,3311.324,3372.031,3296.507,3372.031,3326.771,8703633800.0,108305234380.0,0.005862,1.0,1.360479,0.0,0.0,0.0,0.0,0.0,1.0,1.0,1.0,12.443680061539354,SH000300
2011-04-14,3374.324,3378.703,3347.488,3353.56,3372.031,8897224100.0,107491228060.0,0.005988,1.0,-0.547769,0.0,0.0,0.0,0.0,0.0,1.0,1.0,1.0,12.08143425992833,SH000300
2011-04-15,3345.134,3378.106,3323.563,3358.944,3353.56,7851487400.0,98934572633.0,0.005284,1.0,0.160547,0.0,0.0,0.0,0.0,0.0,1.0,1.0,1.0,12.60074271188412,SH000300
2011-04-18,3346.149,3372.9,3335.599,3359.438,3358.944,8658262400.0,107178227750.0,0.005827,1.0,0.014704,0.0,0.0,0.0,0.0,0.0,1.0,1.0,1.0,12.37872251942838,SH000300
2011-04-19,3334.912,3334.912,3290.736,3295.812,3359.438,8510693300.0,104368983043.0,0.005718,1.0,-1.893947,0.0,0.0,0.0,0.0,0.0,1.0,1.0,1.0,12.263276253063896,SH000300
2011-04-20,3300.418,3311.725,3281.827,3295.758,3295.812,7234331800.0,93667138370.0,0.004859,1.0,-0.001637,0.0,0.0,0.0,0.0,0.0,1.0,1.0,1.0,12.94758672390448,SH000300
2011-04-21,3312.271,3330.244,3301.936,3317.367,3295.758,7324042400.0,96739132646.0,0.004919,1.0,0.655658,0.0,0.0,0.0,0.0,0.0,1.0,1.0,1.0,13.208434272035344,SH000300
2011-04-22,3317.083,3325.459,3291.638,3299.942,3317.367,6717145500.0,83528333290.0,0.004503,1.0,-0.525267,0.0,0.0,0.0,0.0,0.0,1.0,1.0,1.0,12.435093640594804,SH000300
2011-04-25,3292.48,3292.48,3247.691,3249.574,3299.942,7442182900.0,98455879623.0,0.004974,1.0,-1.526327,0.0,0.0,0.0,0.0,0.0,1.0,1.0,1.0,13.22943563010256,SH000300
2011-04-26,3242.529,3257.8,3216.21,3230.96,3249.574,5909641700.0,76696858373.0,0.003947,1.0,-0.572814,0.0,0.0,0.0,0.0,0.0,1.0,1.0,1.0,12.978258626576295,SH000300
2011-04-27,3242.619,3256.413,3189.04,3209.503,3230.96,6244356700.0,75111247063.0,0.00417,1.0,-0.664107,0.0,0.0,0.0,0.0,0.0,1.0,1.0,1.0,12.028660544488114,SH000300
2011-04-28,3224.413,3237.192,3160.406,3161.776,3209.503,6505023500.0,79155830155.0,0.004343,1.0,-1.487054,0.0,0.0,0.0,0.0,0.0,1.0,1.0,1.0,12.168415710565842,SH000300
2011-04-29,3161.158,3193.599,3147.137,3192.723,3161.776,5368306500.0,63455814284.0,0.003584,1.0,0.978786,0.0,0.0,0.0,0.0,0.0,1.0,1.0,1.0,11.820452927566636,SH000300
2011-05-03,3192.845,3212.055,3164.926,3211.132,3192.723,5499891000.0,64348987555.0,0.003671,1.0,0.576598,0.0,0.0,0.0,0.0,0.0,1.0,1.0,1.0,11.700047792765348,SH000300
2011-05-04,3192.844,3193.446,3120.961,3129.028,3211.132,6671634000.0,83567655304.0,0.004453,1.0,-2.556855,0.0,0.0,0.0,0.0,0.0,1.0,1.0,1.0,12.525815310612064,SH000300
2011-05-05,3115.003,3136.897,3105.854,3126.117,3129.028,5256774700.0,63009373497.0,0.003507,1.0,-0.093036,0.0,0.0,0.0,0.0,0.0,1.0,1.0,1.0,11.986318054871175,SH000300
2011-05-06,3093.809,3141.683,3083.908,3121.396,3126.117,5535218600.0,69747372718.0,0.003679,1.0,-0.151016,0.0,0.0,0.0,0.0,0.0,1.0,1.0,1.0,12.60065369739869,SH000300
2011-05-09,3126.26,3149.937,3118.141,3129.759,3121.396,4602740400.0,57287412506.0,0.003058,1.0,0.267926,0.0,0.0,0.0,0.0,0.0,1.0,1.0,1.0,12.446370537430267,SH000300
2011-05-10,3135.146,3153.301,3121.746,3153.221,3129.759,4093299500.0,54931224820.0,0.002719,1.0,0.74964,0.0,0.0,0.0,0.0,0.0,1.0,1.0,1.0,13.419791251531924,SH000300
2011-05-11,3153.648,3164.65,3127.494,3145.085,3153.221,4768853300.0,59507719522.0,0.003166,1.0,-0.258021,0.0,0.0,0.0,0.0,0.0,1.0,1.0,1.0,12.478412687175762,SH000300
2011-05-12,3123.158,3142.397,3101.136,3101.603,3145.085,4879950100.0,61703080348.0,0.003238,1.0,-1.382536,0.0,0.0,0.0,0.0,0.0,1.0,1.0,1.0,12.644203133962375,SH000300
2011-05-13,3105.303,3128.442,3080.19,3128.093,3101.603,4689595100.0,57757204870.0,0.003111,1.0,0.854074,0.0,0.0,0.0,0.0,0.0,1.0,1.0,1.0,12.31603233080826,SH000300
2011-05-16,3120.436,3137.604,3098.776,3100.463,3128.093,4519431900.0,54238723382.0,0.002993,1.0,-0.88329,0.0,0.0,0.0,0.0,0.0,1.0,1.0,1.0,12.001225946562,SH000300
2011-05-17,3097.071,3136.231,3076.946,3116.028,3100.463,5120373100.0,65417943732.0,0.003387,1.0,0.502028,0.0,0.0,0.0,0.0,0.0,1.0,1.0,1.0,12.776011133251208,SH000300
2011-05-18,3109.294,3145.698,3106.552,3139.379,3116.028,3964176800.0,49757174173.0,0.002621,1.0,0.749378,0.0,0.0,0.0,0.0,0.0,1.0,1.0,1.0,12.55170409478205,SH000300
2011-05-19,3148.353,3154.935,3118.619,3120.639,3139.379,4311078200.0,52249679659.0,0.002843,1.0,-0.596933,0.0,0.0,0.0,0.0,0.0,1.0,1.0,1.0,12.119863578211131,SH000300
2011-05-20,3120.579,3133.429,3113.271,3121.596,3120.639,3846801200.0,48967028428.0,0.002537,1.0,0.030668,0.0,0.0,0.0,0.0,0.0,1.0,1.0,1.0,12.729284899879932,SH000300
2011-05-23,3115.312,3115.312,3021.45,3022.98,3121.596,5590247200.0,66976426510.0,0.003686,1.0,-3.159152,0.0,0.0,0.0,0.0,0.0,1.0,1.0,1.0,11.98094182847585,SH000300
2011-05-24,3013.715,3029.746,2999.885,3026.223,3022.98,4160894400.0,52971692396.0,0.002743,1.0,0.107276,0.0,0.0,0.0,0.0,0.0,1.0,1.0,1.0,12.730842771688703,SH000300
2011-05-25,3020.323,3030.988,2988.094,2990.343,3026.223,3928970400.0,48604397867.0,0.00259,1.0,-1.185632,0.0,0.0,0.0,0.0,0.0,1.0,1.0,1.0,12.370772217321871,SH000300
2011-05-26,3011.466,3021.203,2977.596,2978.381,2990.343,3700374700.0,48346482355.0,0.00244,1.0,-0.400018,0.0,0.0,0.0,0.0,0.0,1.0,1.0,1.0,13.065293726875822,SH000300
2011-05-27,2980.721,2996.605,2962.067,2963.308,2978.381,4277090500.0,52019994149.0,0.002818,1.0,-0.50608,0.0,0.0,0.0,0.0,0.0,1.0,1.0,1.0,12.162472163962862,SH000300
2011-05-30,2956.575,2982.583,2942.361,2954.506,2963.308,3467116000.0,42960260576.0,0.002282,1.0,-0.297033,0.0,0.0,0.0,0.0,0.0,1.0,1.0,1.0,12.390776823157921,SH000300
2011-05-31,2958.607,3001.727,2946.146,3001.556,2954.506,3968939900.0,50553386204.0,0.002612,1.0,1.592476,0.0,0.0,0.0,0.0,0.0,1.0,1.0,1.0,12.737251628325236,SH000300
2011-06-01,2996.085,3006.556,2985.711,3004.173,3001.556,3841932700.0,49060076491.0,0.002528,1.0,0.087194,0.0,0.0,0.0,0.0,0.0,1.0,1.0,1.0,12.769634536024018,SH000300
2011-06-02,2970.634,2984.491,2923.016,2955.705,3004.173,5261786700.0,61748347004.0,0.003462,1.0,-1.613356,0.0,0.0,0.0,0.0,0.0,1.0,1.0,1.0,11.735243278485614,SH000300
2011-06-03,2951.579,2993.895,2951.201,2986.349,2955.705,3907616400.0,49273758984.0,0.002565,1.0,1.036776,0.0,0.0,0.0,0.0,0.0,1.0,1.0,1.0,12.609671457003815,SH000300
2011-06-07,2977.681,3006.569,2974.361,3004.262,2986.349,3685233200.0,49859134919.0,0.002417,1.0,0.599824,0.0,0.0,0.0,0.0,0.0,1.0,1.0,1.0,13.529438223610924,SH000300
2011-06-08,3003.581,3012.806,2965.923,3008.652,3004.262,4290875800.0,51123188095.0,0.002815,1.0,0.14613,0.0,0.0,0.0,0.0,0.0,1.0,1.0,1.0,11.914394747804167,SH000300
2011-06-09,3000.404,3004.06,2951.889,2951.889,3008.652,4749663600.0,55381280377.0,0.003114,1.0,-1.886665,0.0,0.0,0.0,0.0,0.0,1.0,1.0,1.0,11.660042697971283,SH000300
2011-06-10,2947.927,2964.079,2925.868,2961.932,2951.889,4220188200.0,50942992933.0,0.002767,1.0,0.340222,0.0,0.0,0.0,0.0,0.0,1.0,1.0,1.0,12.071260929311162,SH000300
2011-06-13,2940.391,2957.523,2921.746,2950.348,2961.932,3835166800.0,46991283431.0,0.002513,1.0,-0.391095,0.0,0.0,0.0,0.0,0.0,1.0,1.0,1.0,12.252735247655982,SH000300
2011-06-14,2947.655,3000.526,2943.531,2993.559,2950.348,5598281500.0,66158911408.0,0.003668,1.0,1.464613,0.0,0.0,0.0,0.0,0.0,1.0,1.0,1.0,11.817717885033112,SH000300
2011-06-15,2984.962,2999.15,2963.112,2963.119,2993.559,4439085200.0,54467701030.0,0.002908,1.0,-1.016856,0.0,0.0,0.0,0.0,0.0,1.0,1.0,1.0,12.270028299974959,SH000300
2011-06-16,2939.681,2946.815,2915.401,2917.578,2963.119,4113548200.0,47067185495.0,0.002692,1.0,-1.536928,0.0,0.0,0.0,0.0,0.0,1.0,1.0,1.0,11.441991975443488,SH000300
2011-06-17,2916.405,2934.061,2891.015,2892.157,2917.578,4117653000.0,51647156163.0,0.002691,1.0,-0.871301,0.0,0.0,0.0,0.0,0.0,1.0,1.0,1.0,12.54286268488384,SH000300
2011-06-20,2888.935,2896.081,2862.408,2874.896,2892.157,3799198200.0,45416696840.0,0.00248,1.0,-0.59682,0.0,0.0,0.0,0.0,0.0,1.0,1.0,1.0,11.954284680383351,SH000300
2011-06-21,2883.354,2909.572,2877.054,2909.073,2874.896,4203892300.0,50160678865.0,0.002744,1.0,1.188808,0.0,0.0,0.0,0.0,0.0,1.0,1.0,1.0,11.931960974594901,SH000300
2011-06-22,2913.666,2921.034,2894.178,2908.582,2909.073,3731880200.0,43263825738.0,0.002436,1.0,-0.016877,0.0,0.0,0.0,0.0,0.0,1.0,1.0,1.0,11.593037133935864,SH000300
2011-06-23,2899.013,2966.54,2888.678,2957.629,2908.582,4594111700.0,55276886318.0,0.002999,1.0,1.686281,0.0,0.0,0.0,0.0,0.0,1.0,1.0,1.0,12.032116310537248,SH000300
2011-06-24,2946.609,3047.943,2944.051,3027.47,2957.629,8545924000.0,104972923209.0,0.005568,1.0,2.361387,0.0,0.0,0.0,0.0,0.0,1.0,1.0,1.0,12.283390679463098,SH000300
2011-06-27,3028.496,3056.023,3019.236,3036.491,3027.47,6561577100.0,79044152725.0,0.004275,1.0,0.297971,0.0,0.0,0.0,0.0,0.0,1.0,1.0,1.0,12.046517402805494,SH000300
2011-06-28,3040.183,3046.797,3013.996,3041.734,3036.491,5576625400.0,70333384864.0,0.003631,1.0,0.172664,0.0,0.0,0.0,0.0,0.0,1.0,1.0,1.0,12.61217668735648,SH000300
2011-06-29,3039.047,3043.815,2999.953,3000.169,3041.734,5347684800.0,61717623012.0,0.003482,1.0,-1.366488,0.0,0.0,0.0,0.0,0.0,1.0,1.0,1.0,11.540998641505572,SH000300
2011-06-30,3003.23,3058.625,3003.23,3044.089,3000.169,6250254900.0,73891668789.0,0.004059,1.0,1.463923,0.0,0.0,0.0,0.0,0.0,1.0,1.0,1.0,11.822184850253068,SH000300
2011-07-01,3052.12,3071.206,3034.072,3049.745,3044.089,5676665300.0,72614645374.0,0.003732,1.0,0.185803,0.0,0.0,0.0,0.0,0.0,1.0,1.0,1.0,12.79177854188444,SH000300
2011-07-04,3064.935,3124.582,3064.935,3121.98,3049.745,8046403100.0,102679821385.0,0.005271,1.0,2.368554,0.0,0.0,0.0,0.0,0.0,1.0,1.0,1.0,12.760959165095768,SH000300
2011-07-05,3122.899,3128.529,3105.086,3122.5,3121.98,6776333500.0,81999827927.0,0.004438,1.0,0.016657,0.0,0.0,0.0,0.0,0.0,1.0,1.0,1.0,12.10091385363486,SH000300
2011-07-06,3116.121,3116.121,3084.834,3113.712,3122.5,6155580700.0,76556996969.0,0.004031,1.0,-0.281444,0.0,0.0,0.0,0.0,0.0,1.0,1.0,1.0,12.437006466181169,SH000300
2011-07-07,3123.29,3140.102,3101.096,3101.68,3113.712,7181036000.0,92120550136.0,0.004681,1.0,-0.386419,0.0,0.0,0.0,0.0,0.0,1.0,1.0,1.0,12.828309193269606,SH000300
2011-07-08,3105.486,3124.386,3093.374,3109.183,3101.68,5128259300.0,65155542913.0,0.003343,1.0,0.241907,0.0,0.0,0.0,0.0,0.0,1.0,1.0,1.0,12.705196656690116,SH000300
2011-07-11,3097.874,3120.998,3086.263,3113.206,3109.183,4792066000.0,62237248759.0,0.003124,1.0,0.129389,0.0,0.0,0.0,0.0,0.0,1.0,1.0,1.0,12.987560847242086,SH000300
2011-07-12,3089.136,3090.097,3054.8,3056.905,3113.206,5710798400.0,71222640397.0,0.003719,1.0,-1.808458,0.0,0.0,0.0,0.0,0.0,1.0,1.0,1.0,12.471573221180423,SH000300
2011-07-13,3060.42,3108.497,3060.42,3106.247,3056.905,5411436700.0,68294830332.0,0.003524,1.0,1.614118,0.0,0.0,0.0,0.0,0.0,1.0,1.0,1.0,12.62046183262201,SH000300
2011-07-14,3112.587,3126.153,3092.473,3115.745,3106.247,6031493500.0,79948505027.0,0.003926,1.0,0.305772,0.0,0.0,0.0,0.0,0.0,1.0,1.0,1.0,13.255175526094822,SH000300
2011-07-15,3105.497,3130.775,3097.336,3128.889,3115.745,6155032200.0,79424849005.0,0.003988,1.0,0.421851,0.0,0.0,0.0,0.0,0.0,1.0,1.0,1.0,12.904050933315995,SH000300
2011-07-18,3131.803,3137.922,3113.667,3122.6,3128.889,6069131100.0,78225031039.0,0.003928,1.0,-0.200992,0.0,0.0,0.0,0.0,0.0,1.0,1.0,1.0,12.889000047964032,SH000300
2011-07-19,3108.472,3109.916,3088.377,3095.125,3122.6,5338870900.0,68506068928.0,0.003449,1.0,-0.879879,0.0,0.0,0.0,0.0,0.0,1.0,1.0,1.0,12.831564990267886,SH000300
2011-07-20,3113.705,3119.543,3071.85,3091.567,3095.125,4411833100.0,56930993021.0,0.00285,1.0,-0.114958,0.0,0.0,0.0,0.0,0.0,1.0,1.0,1.0,12.904158369227522,SH000300
2011-07-21,3092.271,3099.278,3058.255,3059.139,3091.567,4408469100.0,57942637401.0,0.002848,1.0,-1.048917,0.0,0.0,0.0,0.0,0.0,1.0,1.0,1.0,13.143482711719585,SH000300
2011-07-22,3066.192,3083.191,3059.598,3067.985,3059.139,3725725500.0,49618948350.0,0.002407,1.0,0.289173,0.0,0.0,0.0,0.0,0.0,1.0,1.0,1.0,13.317929179162554,SH000300
2011-07-25,3050.897,3050.897,2958.878,2968.289,3067.985,6718099600.0,77513632253.0,0.00434,1.0,-3.249561,0.0,0.0,0.0,0.0,0.0,1.0,1.0,1.0,11.5380296316238,SH000300
2011-07-26,2965.721,2980.857,2957.61,2977.766,2968.289,4351545700.0,49560684459.0,0.002811,1.0,0.319277,0.0,0.0,0.0,0.0,0.0,1.0,1.0,1.0,11.389213827858915,SH000300
2011-07-27,2961.576,3002.691,2951.516,3000.052,2977.766,4838561200.0,58746220328.0,0.003125,1.0,0.74841,0.0,0.0,0.0,0.0,0.0,1.0,1.0,1.0,12.141258093005003,SH000300
2011-07-28,2973.642,2984.375,2956.71,2981.002,3000.052,4813898400.0,60678598008.0,0.003104,1.0,-0.634991,0.0,0.0,0.0,0.0,0.0,1.0,1.0,1.0,12.604877163174029,SH000300
2011-07-29,2981.021,2995.974,2948.076,2972.079,2981.002,4629825300.0,54358237266.0,0.002985,1.0,-0.299324,0.0,0.0,0.0,0.0,0.0,1.0,1.0,1.0,11.740883023383192,SH000300
2011-08-01,2969.106,2991.051,2958.832,2977.721,2972.079,3388694900.0,41203123005.0,0.002185,1.0,0.189828,0.0,0.0,0.0,0.0,0.0,1.0,1.0,1.0,12.158994604382944,SH000300
2011-08-02,2958.85,2958.85,2919.014,2956.383,2977.721,3897835700.0,48435295389.0,0.002513,1.0,-0.716585,0.0,0.0,0.0,0.0,0.0,1.0,1.0,1.0,12.426202415099231,SH000300
2011-08-03,2930.193,2969.132,2927.096,2954.87,2956.383,3866836200.0,49593983761.0,0.002489,1.0,-0.051175,0.0,0.0,0.0,0.0,0.0,1.0,1.0,1.0,12.825467952586148,SH000300
2011-08-04,2962.913,2983.012,2951.838,2960.309,2954.87,3298571900.0,41335656567.0,0.002123,1.0,0.184068,0.0,0.0,0.0,0.0,0.0,1.0,1.0,1.0,12.531379584904606,SH000300
2011-08-05,2881.737,2916.41,2868.157,2897.417,2960.309,4931685400.0,60240017405.0,0.003172,1.0,-2.124511,0.0,0.0,0.0,0.0,0.0,1.0,1.0,1.0,12.214894608849137,SH000300
2011-08-08,2864.514,2888.769,2747.967,2793.897,2897.417,7151776600.0,83694787456.0,0.004599,1.0,-3.572838,0.0,0.0,0.0,0.0,0.0,1.0,1.0,1.0,11.702656855360946,SH000300
2011-08-09,2720.953,2812.769,2697.062,2798.19,2793.897,6984267600.0,79653278208.0,0.004491,1.0,0.153655,0.0,0.0,0.0,0.0,0.0,1.0,1.0,1.0,11.404671580453188,SH000300
2011-08-10,2845.352,2858.553,2820.123,2824.12,2798.19,5865931200.0,68580540607.0,0.003772,1.0,0.926677,0.0,0.0,0.0,0.0,0.0,1.0,1.0,1.0,11.691330543904096,SH000300
2011-08-11,2779.715,2867.311,2777.761,2866.924,2824.12,5899768900.0,69223945409.0,0.003794,1.0,1.515656,0.0,0.0,0.0,0.0,0.0,1.0,1.0,1.0,11.733331691856607,SH000300
2011-08-12,2881.554,2894.224,2868.871,2875.365,2866.924,5719740600.0,63487643741.0,0.003678,1.0,0.294424,0.0,0.0,0.0,0.0,0.0,1.0,1.0,1.0,11.099741785667693,SH000300
2011-08-15,2883.174,2917.883,2870.19,2917.883,2875.365,5987547600.0,61102226502.0,0.00385,1.0,1.478702,0.0,0.0,0.0,0.0,0.0,1.0,1.0,1.0,10.204883632490871,SH000300
2011-08-16,2920.829,2932.14,2888.334,2897.581,2917.883,5096268100.0,57496628333.0,0.003277,1.0,-0.695778,0.0,0.0,0.0,0.0,0.0,1.0,1.0,1.0,11.28210431727483,SH000300
2011-08-17,2893.849,2910.835,2881.631,2886.013,2897.581,3917817900.0,41891853603.0,0.002519,1.0,-0.399234,0.0,0.0,0.0,0.0,0.0,1.0,1.0,1.0,10.692649498334264,SH000300
2011-08-18,2887.103,2889.997,2832.269,2834.254,2886.013,4076888300.0,45784423192.0,0.00259,1.0,-1.793444,0.0,0.0,0.0,0.0,0.0,1.0,1.0,1.0,11.230237333703746,SH000300
2011-08-19,2789.346,2814.099,2782.556,2807.664,2834.254,4325965000.0,48442961960.0,0.002749,1.0,-0.93816,0.0,0.0,0.0,0.0,0.0,1.0,1.0,1.0,11.198186291382385,SH000300
2011-08-22,2809.329,2829.687,2768.418,2777.787,2807.664,3420968500.0,40136538647.0,0.002174,1.0,-1.064121,0.0,0.0,0.0,0.0,0.0,1.0,1.0,1.0,11.732507518557975,SH000300
2011-08-23,2788.699,2821.003,2777.287,2821.003,2777.787,3262051400.0,36441994495.0,0.002074,1.0,1.555764,0.0,0.0,0.0,0.0,0.0,1.0,1.0,1.0,11.171496100582596,SH000300
2011-08-24,2834.577,2845.47,2804.818,2810.016,2821.003,3530156500.0,41939777958.0,0.002244,1.0,-0.389465,0.0,0.0,0.0,0.0,0.0,1.0,1.0,1.0,11.880430218320349,SH000300
2011-08-25,2818.701,2904.438,2815.912,2903.837,2810.016,7221684500.0,75745960111.0,0.004591,1.0,3.338799,0.0,0.0,0.0,0.0,0.0,1.0,1.0,1.0,10.488683092012673,SH000300
2011-08-26,2889.382,2907.398,2876.828,2901.216,2903.837,4560410200.0,51759427726.0,0.002899,1.0,-0.090255,0.0,0.0,0.0,0.0,0.0,1.0,1.0,1.0,11.349730716328983,SH000300
2011-08-29,2875.784,2875.784,2847.476,2852.809,2901.216,4426785000.0,49892653226.0,0.002814,1.0,-1.668507,0.0,0.0,0.0,0.0,0.0,1.0,1.0,1.0,11.270629412993854,SH000300
2011-08-30,2875.144,2901.733,2838.33,2841.74,2852.809,4313787200.0,48565790320.0,0.002741,1.0,-0.388007,0.0,0.0,0.0,0.0,0.0,1.0,1.0,1.0,11.25827215584487,SH000300
2011-08-31,2843.993,2855.305,2823.77,2846.776,2841.74,3210789900.0,37624544060.0,0.002039,1.0,0.177211,0.0,0.0,0.0,0.0,0.0,1.0,1.0,1.0,11.718158220193729,SH000300
2011-09-01,2852.386,2869.249,2825.956,2834.535,2846.776,3011870200.0,35143727252.0,0.001913,1.0,-0.429994,0.0,0.0,0.0,0.0,0.0,1.0,1.0,1.0,11.668406975838467,SH000300
2011-09-02,2828.839,2836.624,2790.769,2803.854,2834.535,2931711600.0,31960598827.0,0.001862,1.0,-1.082397,0.0,0.0,0.0,0.0,0.0,1.0,1.0,1.0,10.901685836696897,SH000300
2011-09-05,2780.834,2780.834,2743.383,2743.817,2803.854,3200566000.0,36040312618.0,0.002033,1.0,-2.141235,0.0,0.0,0.0,0.0,0.0,1.0,1.0,1.0,11.260605973443447,SH000300
2011-09-06,2727.749,2745.36,2711.071,2723.303,2743.817,2971398200.0,33746805052.0,0.001887,1.0,-0.747642,0.0,0.0,0.0,0.0,0.0,1.0,1.0,1.0,11.357213937869384,SH000300
2011-09-07,2738.789,2779.205,2730.055,2779.09,2723.303,3326538100.0,37096662193.0,0.002113,1.0,2.048509,0.0,0.0,0.0,0.0,0.0,1.0,1.0,1.0,11.151732244702082,SH000300
2011-09-08,2788.832,2789.112,2755.799,2756.105,2779.09,2683873500.0,31209441131.0,0.001704,1.0,-0.827073,0.0,0.0,0.0,0.0,0.0,1.0,1.0,1.0,11.62850675749062,SH000300
2011-09-09,2770.153,2796.352,2739.62,2751.095,2756.105,2707350300.0,30348131114.0,0.001719,1.0,-0.181779,0.0,0.0,0.0,0.0,0.0,1.0,1.0,1.0,11.20953247682799,SH000300
2011-09-13,2712.443,2726.185,2698.66,2720.283,2751.095,2671376400.0,30034340041.0,0.001696,1.0,-1.119991,0.0,0.0,0.0,0.0,0.0,1.0,1.0,1.0,11.24302065444615,SH000300
2011-09-14,2729.256,2736.905,2677.127,2733.108,2720.283,3042478000.0,32858416579.0,0.001932,1.0,0.471457,0.0,0.0,0.0,0.0,0.0,1.0,1.0,1.0,10.79988633574343,SH000300
2011-09-15,2734.552,2754.193,2728.905,2729.051,2733.108,3117192500.0,32507109143.0,0.001979,1.0,-0.148435,0.0,0.0,0.0,0.0,0.0,1.0,1.0,1.0,10.428329063091228,SH000300
2011-09-16,2744.218,2755.889,2728.995,2733.987,2729.051,2755593200.0,29743911967.0,0.00175,1.0,0.18087,0.0,0.0,0.0,0.0,0.0,1.0,1.0,1.0,10.794014140766496,SH000300
2011-09-19,2718.318,2718.318,2678.795,2679.27,2733.987,2909094100.0,29731416051.0,0.001847,1.0,-2.001364,0.0,0.0,0.0,0.0,0.0,1.0,1.0,1.0,10.220163057289897,SH000300
2011-09-20,2675.043,2702.28,2664.1,2689.845,2679.27,2559868100.0,27274347411.0,0.001625,1.0,0.394695,0.0,0.0,0.0,0.0,0.0,1.0,1.0,1.0,10.654590918571156,SH000300
2011-09-21,2691.701,2778.353,2677.349,2771.011,2689.845,5619417100.0,59146487177.0,0.003568,1.0,3.017498,0.0,0.0,0.0,0.0,0.0,1.0,1.0,1.0,10.525377654739314,SH000300
2011-09-22,2745.146,2754.917,2684.94,2685.688,2771.011,4710266000.0,47793334084.0,0.002991,1.0,-3.079129,0.0,0.0,0.0,0.0,0.0,1.0,1.0,1.0,10.146631651800556,SH000300
2011-09-23,2644.294,2681.227,2631.425,2669.478,2685.688,4259222400.0,45934334698.0,0.002704,1.0,-0.603568,0.0,0.0,0.0,0.0,0.0,1.0,1.0,1.0,10.784676258746197,SH000300
2011-09-26,2645.245,2679.56,2603.108,2610.919,2669.478,3917512400.0,40495022542.0,0.002487,1.0,-2.193653,0.0,0.0,0.0,0.0,0.0,1.0,1.0,1.0,10.336922620079008,SH000300
2011-09-27,2634.925,2652.56,2613.423,2637.879,2610.919,3502197400.0,37301310910.0,0.002223,1.0,1.032585,0.0,0.0,0.0,0.0,0.0,1.0,1.0,1.0,10.650830507155307,SH000300
2011-09-28,2654.83,2660.099,2602.63,2610.59,2637.879,3416955500.0,36195919556.0,0.002169,1.0,-1.034498,0.0,0.0,0.0,0.0,0.0,1.0,1.0,1.0,10.593032176157987,SH000300
2011-09-29,2593.559,2615.144,2577.286,2588.185,2610.59,3709359300.0,37708584378.0,0.002355,1.0,-0.858236,0.0,0.0,0.0,0.0,0.0,1.0,1.0,1.0,10.165794502031659,SH000300
2011-09-30,2595.582,2607.566,2572.193,2581.351,2588.185,3205082200.0,32376678343.0,0.002035,1.0,-0.264045,0.0,0.0,0.0,0.0,0.0,1.0,1.0,1.0,10.101668638326966,SH000300
2011-10-10,2588.349,2595.324,2552.284,2557.082,2581.351,2832512200.0,28149902145.0,0.001798,1.0,-0.940168,0.0,0.0,0.0,0.0,0.0,1.0,1.0,1.0,9.938139770412992,SH000300
2011-10-11,2625.163,2635.694,2526.649,2551.994,2557.082,4502984800.0,47409892228.0,0.002859,1.0,-0.198982,0.0,0.0,0.0,0.0,0.0,1.0,1.0,1.0,10.528548137226668,SH000300
2011-10-12,2537.398,2647.015,2523.344,2644.758,2551.994,6594568000.0,62822831798.0,0.004186,1.0,3.634968,0.0,0.0,0.0,0.0,0.0,1.0,1.0,1.0,9.526451436697597,SH000300
2011-10-13,2636.863,2672.91,2629.405,2662.601,2644.758,6042620100.0,56631043777.0,0.00383,1.0,0.674656,0.0,0.0,0.0,0.0,0.0,1.0,1.0,1.0,9.371935160544016,SH000300
2011-10-14,2655.358,2665.443,2629.879,2653.782,2662.601,3833694800.0,37326709609.0,0.00243,1.0,-0.331221,0.0,0.0,0.0,0.0,0.0,1.0,1.0,1.0,9.73648439854941,SH000300
2011-10-17,2658.947,2687.102,2653.384,2666.951,2653.782,3615831500.0,38101620397.0,0.002292,1.0,0.496233,0.0,0.0,0.0,0.0,0.0,1.0,1.0,1.0,10.537443571969545,SH000300
2011-10-18,2646.841,2651.732,2589.205,2592.209,2666.951,3937344800.0,39453303360.0,0.002495,1.0,-2.802524,0.0,0.0,0.0,0.0,0.0,1.0,1.0,1.0,10.02028152576325,SH000300
2011-10-19,2599.917,2617.411,2580.663,2583.081,2592.209,3111616600.0,32114967067.0,0.001972,1.0,-0.352129,0.0,0.0,0.0,0.0,0.0,1.0,1.0,1.0,10.320991045940557,SH000300
2011-10-20,2566.603,2570.101,2500.486,2520.532,2583.081,3984246200.0,39409600021.0,0.002523,1.0,-2.421491,0.0,0.0,0.0,0.0,0.0,1.0,1.0,1.0,9.891356618725018,SH000300
2011-10-21,2522.257,2538.117,2504.693,2507.877,2520.532,2984350300.0,29090707044.0,0.00189,1.0,-0.502078,0.0,0.0,0.0,0.0,0.0,1.0,1.0,1.0,9.747752146924576,SH000300
2011-10-24,2517.059,2581.125,2501.956,2576.669,2507.877,4634580100.0,44056731116.0,0.002935,1.0,2.743037,0.0,0.0,0.0,0.0,0.0,1.0,1.0,1.0,9.50608904483062,SH000300
2011-10-25,2572.708,2633.968,2560.047,2625.425,2576.669,5796737500.0,57533462226.0,0.003671,1.0,1.892214,0.0,0.0,0.0,0.0,0.0,1.0,1.0,1.0,9.925145347016317,SH000300
2011-10-26,2613.272,2679.658,2611.012,2651.652,2625.425,7309824000.0,69534363517.0,0.004629,1.0,0.998964,0.0,0.0,0.0,0.0,0.0,1.0,1.0,1.0,9.5124538589438,SH000300
2011-10-27,2658.428,2672.84,2647.296,2657.478,2651.652,4882039100.0,47403219262.0,0.003092,1.0,0.219709,0.0,0.0,0.0,0.0,0.0,1.0,1.0,1.0,9.709717249499292,SH000300
2011-10-28,2694.542,2729.139,2689.376,2709.017,2657.478,7164310500.0,72908419745.0,0.004537,1.0,1.939397,0.0,0.0,0.0,0.0,0.0,1.0,1.0,1.0,10.176613610618915,SH000300
2011-10-31,2704.535,2709.317,2680.992,2695.307,2709.017,5040711200.0,52522499085.0,0.003191,1.0,-0.506095,0.0,0.0,0.0,0.0,0.0,1.0,1.0,1.0,10.419660440971107,SH000300
2011-11-01,2672.508,2726.088,2669.05,2697.534,2695.307,5520665100.0,56067605452.0,0.003489,1.0,0.082627,0.0,0.0,0.0,0.0,0.0,1.0,1.0,1.0,10.155951218993524,SH000300
2011-11-02,2658.547,2742.938,2653.722,2742.39,2697.534,6436158400.0,65327476275.0,0.004066,1.0,1.662851,0.0,0.0,0.0,0.0,0.0,1.0,1.0,1.0,10.15007279419972,SH000300
2011-11-03,2752.627,2781.039,2743.196,2744.301,2742.39,8482076000.0,90502549983.0,0.005358,1.0,0.069689,0.0,0.0,0.0,0.0,0.0,1.0,1.0,1.0,10.669858414732431,SH000300
2011-11-04,2770.572,2781.99,2748.978,2763.746,2744.301,6195821800.0,63500868592.0,0.003914,1.0,0.708562,0.0,0.0,0.0,0.0,0.0,1.0,1.0,1.0,10.248982401656548,SH000300
2011-11-07,2750.991,2769.296,2733.168,2736.248,2763.746,4537505600.0,47761935110.0,0.002866,1.0,-0.994956,0.0,0.0,0.0,0.0,0.0,1.0,1.0,1.0,10.526033314427204,SH000300
2011-11-08,2745.059,2756.091,2723.693,2727.71,2736.248,4788425200.0,47864912703.0,0.003025,1.0,-0.312036,0.0,0.0,0.0,0.0,0.0,1.0,1.0,1.0,9.995961240660082,SH000300
2011-11-09,2739.154,2755.811,2710.054,2751.654,2727.71,4687796000.0,48484230112.0,0.002961,1.0,0.877809,0.0,0.0,0.0,0.0,0.0,1.0,1.0,1.0,10.342649320064268,SH000300
2011-11-10,2720.836,2729.572,2698.306,2699.588,2751.654,5117370200.0,51793948486.0,0.003233,1.0,-1.892177,0.0,0.0,0.0,0.0,0.0,1.0,1.0,1.0,10.121204146223386,SH000300
2011-11-11,2705.243,2713.914,2685.101,2695.002,2699.588,3663669600.0,38724219259.0,0.002314,1.0,-0.169876,0.0,0.0,0.0,0.0,0.0,1.0,1.0,1.0,10.569790261381648,SH000300
2011-11-14,2717.544,2751.88,2714.862,2750.195,2695.002,4639094300.0,51333489021.0,0.00293,1.0,2.047981,0.0,0.0,0.0,0.0,0.0,1.0,1.0,1.0,11.065411845799298,SH000300
2011-11-15,2746.773,2754.001,2732.913,2744.68,2750.195,4175986400.0,46980738996.0,0.002636,1.0,-0.200536,0.0,0.0,0.0,0.0,0.0,1.0,1.0,1.0,11.25021360127035,SH000300
2011-11-16,2745.858,2746.29,2659.148,2670.116,2744.68,5594923900.0,57844199048.0,0.003531,1.0,-2.716672,0.0,0.0,0.0,0.0,0.0,1.0,1.0,1.0,10.338692729672337,SH000300
2011-11-17,2671.953,2687.831,2660.651,2662.017,2670.116,3524765200.0,37762635927.0,0.002225,1.0,-0.303316,0.0,0.0,0.0,0.0,0.0,1.0,1.0,1.0,10.713518144981686,SH000300
2011-11-18,2643.667,2646.209,2601.179,2606.495,2662.017,4241471800.0,44949477108.0,0.002677,1.0,-2.085711,0.0,0.0,0.0,0.0,0.0,1.0,1.0,1.0,10.597613099301991,SH000300
2011-11-21,2608.556,2613.262,2587.742,2609.687,2606.495,2797189600.0,31175406753.0,0.001763,1.0,0.122459,0.0,0.0,0.0,0.0,0.0,1.0,1.0,1.0,11.145260497536528,SH000300
2011-11-22,2592.229,2611.15,2580.781,2609.475,2609.687,2906907800.0,31886735092.0,0.001832,1.0,-0.00812,0.0,0.0,0.0,0.0,0.0,1.0,1.0,1.0,10.96929702827176,SH000300
2011-11-23,2613.291,2617.088,2578.157,2584.011,2609.475,2853141200.0,30958563539.0,0.001799,1.0,-0.975833,0.0,0.0,0.0,0.0,0.0,1.0,1.0,1.0,10.850694504358914,SH000300
2011-11-24,2565.686,2604.236,2557.695,2588.915,2584.011,3031960100.0,31894726945.0,0.001911,1.0,0.189784,0.0,0.0,0.0,0.0,0.0,1.0,1.0,1.0,10.519507478017273,SH000300
2011-11-25,2585.137,2598.392,2563.65,2569.973,2588.915,2391376600.0,27509358470.0,0.001507,1.0,-0.731663,0.0,0.0,0.0,0.0,0.0,1.0,1.0,1.0,11.503565966983201,SH000300
2011-11-28,2578.344,2589.354,2562.493,2573.321,2569.973,2566693600.0,29179539395.0,0.001618,1.0,0.130279,0.0,0.0,0.0,0.0,0.0,1.0,1.0,1.0,11.368532416568927,SH000300
2011-11-29,2595.086,2609.187,2580.293,2608.569,2573.321,3002587800.0,34962425966.0,0.001893,1.0,1.369749,0.0,0.0,0.0,0.0,0.0,1.0,1.0,1.0,11.644097789913088,SH000300
2011-11-30,2600.099,2601.9,2507.184,2521.52,2608.569,4235264500.0,42454205363.0,0.00267,1.0,-3.337043,0.0,0.0,0.0,0.0,0.0,1.0,1.0,1.0,10.023979697844137,SH000300
2011-12-01,2596.153,2630.664,2577.722,2583.613,2521.52,6352025200.0,66146809487.0,0.004004,1.0,2.462523,0.0,0.0,0.0,0.0,0.0,1.0,1.0,1.0,10.413499223365802,SH000300
2011-12-02,2570.56,2575.692,2543.532,2557.311,2583.613,3218370300.0,33168419336.0,0.002029,1.0,-1.018032,0.0,0.0,0.0,0.0,0.0,1.0,1.0,1.0,10.305967382311476,SH000300
2011-12-05,2561.2,2561.2,2517.179,2521.385,2557.311,3206338800.0,32749927399.0,0.002012,1.0,-1.404836,0.0,0.0,0.0,0.0,0.0,1.0,1.0,1.0,10.214119418384607,SH000300
2011-12-06,2515.044,2525.666,2499.574,2516.341,2521.385,2629758100.0,26310941611.0,0.00165,1.0,-0.200047,0.0,0.0,0.0,0.0,0.0,1.0,1.0,1.0,10.005080547522603,SH000300
2011-12-07,2517.341,2534.529,2509.777,2528.228,2516.341,2326183900.0,23433730534.0,0.00146,1.0,0.472391,0.0,0.0,0.0,0.0,0.0,1.0,1.0,1.0,10.073894215328375,SH000300
2011-12-08,2525.041,2549.101,2494.694,2525.001,2528.228,2777774400.0,27843683566.0,0.001743,1.0,-0.127641,0.0,0.0,0.0,0.0,0.0,1.0,1.0,1.0,10.023738272625739,SH000300
2011-12-09,2506.624,2525.162,2496.972,2503.461,2525.001,2402905900.0,25477241953.0,0.001508,1.0,-0.85307,0.0,0.0,0.0,0.0,0.0,1.0,1.0,1.0,10.602679844017196,SH000300
2011-12-12,2497.922,2502.046,2476.116,2477.692,2503.461,2190124900.0,21200444065.0,0.001374,1.0,-1.029337,0.0,0.0,0.0,0.0,0.0,1.0,1.0,1.0,9.680015995891376,SH000300
2011-12-13,2467.016,2472.656,2418.673,2421.928,2477.692,3571753400.0,33269154181.0,0.00224,1.0,-2.25064,0.0,0.0,0.0,0.0,0.0,1.0,1.0,1.0,9.314515996821058,SH000300
2011-12-14,2415.944,2433.55,2392.299,2397.48,2421.928,2532010900.0,23753606413.0,0.001588,1.0,-1.009444,0.0,0.0,0.0,0.0,0.0,1.0,1.0,1.0,9.381320756952508,SH000300
2011-12-15,2382.441,2384.473,2340.447,2340.788,2397.48,3675083400.0,33900401991.0,0.002304,1.0,-2.364645,0.0,0.0,0.0,0.0,0.0,1.0,1.0,1.0,9.224389844050886,SH000300
2011-12-16,2339.976,2390.378,2332.14,2390.129,2340.788,3630233900.0,33652058785.0,0.002276,1.0,2.107872,0.0,0.0,0.0,0.0,0.0,1.0,1.0,1.0,9.269942299034781,SH000300
2011-12-19,2370.418,2387.89,2321.657,2384.408,2390.129,3790975200.0,33711370957.0,0.002377,1.0,-0.239357,0.0,0.0,0.0,0.0,0.0,1.0,1.0,1.0,8.892532706887662,SH000300
2011-12-20,2376.709,2412.572,2373.86,2377.073,2384.408,3240232700.0,29967658690.0,0.002031,1.0,-0.307622,0.0,0.0,0.0,0.0,0.0,1.0,1.0,1.0,9.248613128927438,SH000300
2011-12-21,2397.275,2404.775,2337.693,2339.108,2377.073,3120952500.0,30917839680.0,0.001956,1.0,-1.597136,0.0,0.0,0.0,0.0,0.0,1.0,1.0,1.0,9.906539647751767,SH000300
2011-12-22,2325.27,2358.468,2294.607,2341.335,2339.108,3668385800.0,31845455341.0,0.002299,1.0,0.095209,0.0,0.0,0.0,0.0,0.0,1.0,1.0,1.0,8.681054032266726,SH000300
2011-12-23,2337.382,2382.709,2331.958,2359.159,2341.335,3316190400.0,29910296920.0,0.002078,1.0,0.761274,0.0,0.0,0.0,0.0,0.0,1.0,1.0,1.0,9.019475154381968,SH000300
2011-12-26,2345.555,2369.818,2334.794,2335.702,2359.159,2822408700.0,25033053118.0,0.001766,1.0,-0.994296,0.0,0.0,0.0,0.0,0.0,1.0,1.0,1.0,8.869393407836363,SH000300
2011-12-27,2332.826,2346.384,2302.411,2305.035,2335.702,2927731400.0,26777021276.0,0.001831,1.0,-1.312967,0.0,0.0,0.0,0.0,0.0,1.0,1.0,1.0,9.145996547360868,SH000300
2011-12-28,2295.866,2309.645,2267.114,2307.928,2305.035,3288202000.0,28839274201.0,0.002057,1.0,0.125511,0.0,0.0,0.0,0.0,0.0,1.0,1.0,1.0,8.770529973827642,SH000300
2011-12-29,2297.288,2323.488,2293.872,2311.361,2307.928,3088770000.0,26868223305.0,0.001932,1.0,0.148753,0.0,0.0,0.0,0.0,0.0,1.0,1.0,1.0,8.698680479608388,SH000300
2011-12-30,2318.673,2349.029,2318.673,2345.742,2311.361,3586524300.0,32362650284.0,0.002243,1.0,1.487472,0.0,0.0,0.0,0.0,0.0,1.0,1.0,1.0,9.02340192815646,SH000300
2012-01-04,2361.499,2365.988,2298.298,2298.753,2345.742,3434456700.0,32572551267.0,0.00219,1.0,-2.003162,0.0,0.0,0.0,0.0,0.0,1.0,1.0,1.0,9.484047729295874,SH000300
2012-01-05,2290.78,2316.657,2272.153,2276.385,2298.753,4301648000.0,37635272074.0,0.002743,1.0,-0.973046,0.0,0.0,0.0,0.0,0.0,1.0,1.0,1.0,8.749035735606446,SH000300
2012-01-06,2274.352,2291.885,2254.567,2290.601,2276.385,3519899200.0,31079362325.0,0.002243,1.0,0.624502,0.0,0.0,0.0,0.0,0.0,1.0,1.0,1.0,8.829617145002334,SH000300
2012-01-09,2291.182,2368.889,2271.717,2368.57,2290.601,5472734100.0,51478126954.0,0.003487,1.0,3.403866,0.0,0.0,0.0,0.0,0.0,1.0,1.0,1.0,9.406290532916628,SH000300
2012-01-10,2365.768,2449.955,2361.281,2447.349,2368.57,8115498900.0,75249157103.0,0.00517,1.0,3.326017,0.0,0.0,0.0,0.0,0.0,1.0,1.0,1.0,9.272277407738914,SH000300
2012-01-11,2444.757,2453.146,2423.322,2435.608,2447.349,5870567400.0,57587219272.0,0.00374,1.0,-0.479752,0.0,0.0,0.0,0.0,0.0,1.0,1.0,1.0,9.80948098338842,SH000300
2012-01-12,2426.82,2464.378,2423.321,2435.219,2435.608,4712127500.0,47877407259.0,0.003002,1.0,-0.015968,0.0,0.0,0.0,0.0,0.0,1.0,1.0,1.0,10.160465152736212,SH000300
2012-01-13,2438.405,2445.787,2374.545,2394.334,2435.219,4551399700.0,47228338588.0,0.002899,1.0,-1.678905,0.0,0.0,0.0,0.0,0.0,1.0,1.0,1.0,10.376662499670156,SH000300
2012-01-16,2376.953,2394.498,2345.633,2345.649,2394.334,3052714500.0,34410385319.0,0.001938,1.0,-2.033345,0.0,0.0,0.0,0.0,0.0,1.0,1.0,1.0,11.27206141255594,SH000300
2012-01-17,2347.568,2462.429,2329.248,2460.601,2345.649,6420564800.0,64324131068.0,0.004077,1.0,4.900654,0.0,0.0,0.0,0.0,0.0,1.0,1.0,1.0,10.01845368307785,SH000300
2012-01-18,2464.92,2485.498,2414.527,2422.189,2460.601,6389235800.0,67058838880.0,0.004057,1.0,-1.561086,0.0,0.0,0.0,0.0,0.0,1.0,1.0,1.0,10.49559618381904,SH000300
2012-01-19,2423.857,2480.206,2414.985,2468.35,2422.189,5561572600.0,56377653304.0,0.003532,1.0,1.905761,0.0,0.0,0.0,0.0,0.0,1.0,1.0,1.0,10.136998535989623,SH000300
2012-01-20,2476.73,2510.34,2462.594,2504.086,2468.35,5452978300.0,57474475709.0,0.003463,1.0,1.447762,0.0,0.0,0.0,0.0,0.0,1.0,1.0,1.0,10.540015482731702,SH000300
2012-01-30,2508.877,2508.877,2460.396,2460.72,2504.086,4351714800.0,44770885276.0,0.002763,1.0,-1.731808,0.0,0.0,0.0,0.0,0.0,1.0,1.0,1.0,10.288101893993604,SH000300
2012-01-31,2462.338,2472.839,2447.768,2464.26,2460.72,3070150100.0,32694132107.0,0.001949,1.0,0.143862,0.0,0.0,0.0,0.0,0.0,1.0,1.0,1.0,10.64903377427703,SH000300
2012-02-01,2458.233,2481.664,2423.45,2428.994,2464.26,3501537400.0,37752320797.0,0.002223,1.0,-1.431104,0.0,0.0,0.0,0.0,0.0,1.0,1.0,1.0,10.781641457549476,SH000300
2012-02-02,2437.47,2486.238,2429.709,2486.238,2428.994,4206698500.0,44126383715.0,0.002671,1.0,2.356702,0.0,0.0,0.0,0.0,0.0,1.0,1.0,1.0,10.489552249822514,SH000300
2012-02-03,2478.336,2514.645,2470.28,2506.09,2486.238,4994924000.0,51507545973.0,0.003171,1.0,0.798477,0.0,0.0,0.0,0.0,0.0,1.0,1.0,1.0,10.31197791457888,SH000300
2012-02-06,2511.172,2520.758,2488.709,2504.322,2506.09,4507990500.0,47541523547.0,0.002862,1.0,-0.070551,0.0,0.0,0.0,0.0,0.0,1.0,1.0,1.0,10.546056729045901,SH000300
2012-02-07,2489.032,2489.032,2441.698,2457.954,2504.322,3967916400.0,40034277145.0,0.002519,1.0,-1.851516,0.0,0.0,0.0,0.0,0.0,1.0,1.0,1.0,10.089496125724827,SH000300
2012-02-08,2456.422,2534.162,2450.999,2528.236,2457.954,5618645600.0,61721305024.0,0.003567,1.0,2.859369,0.0,0.0,0.0,0.0,0.0,1.0,1.0,1.0,10.985085982999177,SH000300
2012-02-09,2525.589,2546.025,2513.131,2529.231,2528.236,5929975100.0,63456204565.0,0.003765,1.0,0.03935,0.0,0.0,0.0,0.0,0.0,1.0,1.0,1.0,10.700922599995403,SH000300
2012-02-10,2521.676,2560.027,2521.155,2533.624,2529.231,6157587700.0,60029482361.0,0.003909,1.0,0.173692,0.0,0.0,0.0,0.0,0.0,1.0,1.0,1.0,9.748863562430463,SH000300
2012-02-13,2504.41,2553.446,2496.305,2531.981,2533.624,5191397300.0,54282622440.0,0.003296,1.0,-0.06485,0.0,0.0,0.0,0.0,0.0,1.0,1.0,1.0,10.456264335615383,SH000300
2012-02-14,2528.967,2533.264,2506.537,2522.107,2531.981,4043010100.0,43723682304.0,0.002566,1.0,-0.389972,0.0,0.0,0.0,0.0,0.0,1.0,1.0,1.0,10.814635932767024,SH000300
2012-02-15,2515.829,2562.071,2511.289,2549.607,2522.107,5809037000.0,60422394145.0,0.003686,1.0,1.090358,0.0,0.0,0.0,0.0,0.0,1.0,1.0,1.0,10.401447631509319,SH000300
2012-02-16,2544.641,2559.345,2519.043,2536.074,2549.607,5439543100.0,55165633314.0,0.003451,1.0,-0.530786,0.0,0.0,0.0,0.0,0.0,1.0,1.0,1.0,10.141593199987698,SH000300
2012-02-17,2551.815,2558.345,2522.856,2537.086,2536.074,3899471600.0,40458003413.0,0.002473,1.0,0.039903,0.0,0.0,0.0,0.0,0.0,1.0,1.0,1.0,10.375252742704935,SH000300
2012-02-20,2571.907,2574.746,2539.904,2540.706,2537.086,5615332900.0,56748912893.0,0.00356,1.0,0.142688,0.0,0.0,0.0,0.0,0.0,1.0,1.0,1.0,10.106063861859374,SH000300
2012-02-21,2544.835,2562.909,2520.786,2562.453,2540.706,4789480800.0,47758225547.0,0.003036,1.0,0.855936,0.0,0.0,0.0,0.0,0.0,1.0,1.0,1.0,9.971482826906833,SH000300
2012-02-22,2564.315,2598.863,2560.343,2597.476,2562.453,7637665600.0,76421806874.0,0.004841,1.0,1.366784,0.0,0.0,0.0,0.0,0.0,1.0,1.0,1.0,10.005911606551614,SH000300
2012-02-23,2595.779,2614.537,2590.518,2606.256,2597.476,7037712600.0,72612089253.0,0.004461,1.0,0.338022,0.0,0.0,0.0,0.0,0.0,1.0,1.0,1.0,10.317569554204303,SH000300
2012-02-24,2607.339,2648.017,2602.776,2648.017,2606.256,8599970800.0,88058616716.0,0.005449,1.0,1.602336,0.0,0.0,0.0,0.0,0.0,1.0,1.0,1.0,10.23940880310896,SH000300
2012-02-27,2658.121,2693.843,2656.573,2656.573,2648.017,10151403400.0,106670207615.0,0.006432,1.0,0.323106,0.0,0.0,0.0,0.0,0.0,1.0,1.0,1.0,10.507927171429321,SH000300
2012-02-28,2652.342,2671.833,2641.459,2662.463,2656.573,7759253600.0,77213053038.0,0.004916,1.0,0.22171,0.0,0.0,0.0,0.0,0.0,1.0,1.0,1.0,9.951092852281565,SH000300
2012-02-29,2655.858,2666.647,2631.784,2634.143,2662.463,5912020600.0,64875221164.0,0.003745,1.0,-1.06367,0.0,0.0,0.0,0.0,0.0,1.0,1.0,1.0,10.973443016081507,SH000300
2012-03-01,2622.737,2647.785,2621.858,2633.345,2634.143,4214844100.0,46524079738.0,0.002669,1.0,-0.030298,0.0,0.0,0.0,0.0,0.0,1.0,1.0,1.0,11.03814960510639,SH000300
2012-03-02,2637.961,2679.934,2637.961,2679.934,2633.345,6412203400.0,66981591368.0,0.00406,1.0,1.769199,0.0,0.0,0.0,0.0,0.0,1.0,1.0,1.0,10.445955499165857,SH000300
2012-03-05,2687.74,2694.612,2660.955,2662.698,2679.934,7139545800.0,74973261138.0,0.00452,1.0,-0.643153,0.0,0.0,0.0,0.0,0.0,1.0,1.0,1.0,10.501124754742802,SH000300
2012-03-06,2654.799,2657.963,2615.6,2621.052,2662.698,6244714800.0,68852557821.0,0.003952,1.0,-1.564052,0.0,0.0,0.0,0.0,0.0,1.0,1.0,1.0,11.025732963977795,SH000300
2012-03-07,2596.479,2628.585,2594.128,2603.005,2621.052,5694873300.0,63243293004.0,0.003604,1.0,-0.688545,0.0,0.0,0.0,0.0,0.0,1.0,1.0,1.0,11.105302905334172,SH000300
2012-03-08,2612.403,2645.953,2612.403,2635.791,2603.005,5754941300.0,64458851045.0,0.003642,1.0,1.259549,0.0,0.0,0.0,0.0,0.0,1.0,1.0,1.0,11.20060964739988,SH000300
2012-03-09,2644.1,2664.414,2631.406,2664.302,2635.791,5525892100.0,65963441747.0,0.003497,1.0,1.081686,0.0,0.0,0.0,0.0,0.0,1.0,1.0,1.0,11.937157033341277,SH000300
2012-03-12,2663.243,2666.432,2636.423,2654.402,2664.302,6232721600.0,74367701978.0,0.003944,1.0,-0.371576,0.0,0.0,0.0,0.0,0.0,1.0,1.0,1.0,11.931818353317755,SH000300
2012-03-13,2653.681,2681.334,2649.169,2681.073,2654.402,5840446900.0,66429764308.0,0.003694,1.0,1.00478,0.0,0.0,0.0,0.0,0.0,1.0,1.0,1.0,11.374089251286575,SH000300
2012-03-14,2694.475,2705.754,2595.342,2605.106,2681.073,10842654000.0,117080408732.0,0.006859,1.0,-2.833457,0.0,0.0,0.0,0.0,0.0,1.0,1.0,1.0,10.798131964000696,SH000300
2012-03-15,2602.661,2618.252,2575.437,2585.546,2605.106,7256596000.0,77042766482.0,0.00459,1.0,-0.750835,0.0,0.0,0.0,0.0,0.0,1.0,1.0,1.0,10.616929271245086,SH000300
2012-03-16,2591.8,2624.316,2577.245,2623.52,2585.546,5809125900.0,67451822278.0,0.003675,1.0,1.468708,0.0,0.0,0.0,0.0,0.0,1.0,1.0,1.0,11.611354864593311,SH000300
2012-03-19,2617.662,2631.045,2598.63,2630.013,2623.52,5764662500.0,68803937996.0,0.003647,1.0,0.247489,0.0,0.0,0.0,0.0,0.0,1.0,1.0,1.0,11.935466819783466,SH000300
2012-03-20,2622.66,2622.66,2584.024,2584.445,2630.013,5811406500.0,64263817216.0,0.003676,1.0,-1.73261,0.0,0.0,0.0,0.0,0.0,1.0,1.0,1.0,11.058220968710415,SH000300
2012-03-21,2597.375,2613.269,2569.075,2587.793,2584.445,5800254400.0,66674920148.0,0.003669,1.0,0.12954,0.0,0.0,0.0,0.0,0.0,1.0,1.0,1.0,11.495171685572965,SH000300
2012-03-22,2586.938,2599.244,2570.446,2583.747,2587.793,4492677700.0,50115505934.0,0.002842,1.0,-0.156345,0.0,0.0,0.0,0.0,0.0,1.0,1.0,1.0,11.15493015089865,SH000300
2012-03-23,2575.327,2578.825,2544.525,2552.94,2583.747,4332925600.0,47812442986.0,0.002741,1.0,-1.192343,0.0,0.0,0.0,0.0,0.0,1.0,1.0,1.0,11.034678967485618,SH000300
2012-03-26,2551.425,2562.929,2540.696,2555.442,2552.94,3181621100.0,36356133943.0,0.002012,1.0,0.098003,0.0,0.0,0.0,0.0,0.0,1.0,1.0,1.0,11.426921308448703,SH000300
2012-03-27,2565.551,2571.899,2544.373,2547.143,2555.442,3594460400.0,47394454857.0,0.002272,1.0,-0.324751,0.0,0.0,0.0,0.0,0.0,1.0,1.0,1.0,13.185415773950382,SH000300
2012-03-28,2538.458,2540.417,2471.034,2474.9,2547.143,5000579000.0,54993640999.0,0.00316,1.0,-2.836243,0.0,0.0,0.0,0.0,0.0,1.0,1.0,1.0,10.997454694546372,SH000300
2012-03-29,2463.688,2476.478,2429.732,2443.122,2474.9,4613130400.0,48651595893.0,0.002915,1.0,-1.284005,0.0,0.0,0.0,0.0,0.0,1.0,1.0,1.0,10.546330078378015,SH000300
2012-03-30,2447.939,2461.977,2438.488,2454.899,2443.122,3702708600.0,39139734882.0,0.00234,1.0,0.482041,0.0,0.0,0.0,0.0,0.0,1.0,1.0,1.0,10.570568497342729,SH000300
2012-04-05,2449.208,2517.386,2441.269,2512.832,2454.899,5433168700.0,58049690964.0,0.003432,1.0,2.359898,0.0,0.0,0.0,0.0,0.0,1.0,1.0,1.0,10.684315943291066,SH000300
2012-04-06,2509.445,2525.534,2502.703,2519.83,2512.832,4236857600.0,47207795088.0,0.002677,1.0,0.278492,0.0,0.0,0.0,0.0,0.0,1.0,1.0,1.0,11.142171756728382,SH000300
2012-04-09,2510.533,2518.378,2491.592,2495.146,2519.83,3537098600.0,38180751755.0,0.002234,1.0,-0.979593,0.0,0.0,0.0,0.0,0.0,1.0,1.0,1.0,10.794370209244379,SH000300
2012-04-10,2490.283,2519.812,2459.348,2519.788,2495.146,4133590500.0,44064833898.0,0.002611,1.0,0.987601,0.0,0.0,0.0,0.0,0.0,1.0,1.0,1.0,10.660183658250618,SH000300
2012-04-11,2494.517,2541.126,2489.325,2520.036,2519.788,4251031000.0,43627983913.0,0.002685,1.0,0.009834,0.0,0.0,0.0,0.0,0.0,1.0,1.0,1.0,10.262918316286097,SH000300
2012-04-12,2522.828,2570.842,2516.568,2570.436,2520.036,5648840900.0,59536950778.0,0.003568,1.0,1.999977,0.0,0.0,0.0,0.0,0.0,1.0,1.0,1.0,10.539675631154703,SH000300
2012-04-13,2575.052,2593.788,2570.035,2580.454,2570.436,5309264300.0,61892977442.0,0.003353,1.0,0.389742,0.0,0.0,0.0,0.0,0.0,1.0,1.0,1.0,11.657543106678641,SH000300
2012-04-16,2564.231,2586.198,2559.781,2574.044,2580.454,4083970000.0,42650756402.0,0.002578,1.0,-0.248412,0.0,0.0,0.0,0.0,0.0,1.0,1.0,1.0,10.443454874056371,SH000300
2012-04-17,2572.364,2578.76,2541.535,2541.883,2574.044,3781546700.0,38328417080.0,0.002387,1.0,-1.24943,0.0,0.0,0.0,0.0,0.0,1.0,1.0,1.0,10.135645575922677,SH000300
2012-04-18,2550.905,2602.106,2545.996,2599.908,2541.883,5868840800.0,59361005883.0,0.003705,1.0,2.282753,0.0,0.0,0.0,0.0,0.0,1.0,1.0,1.0,10.114604894888272,SH000300
2012-04-19,2598.329,2606.86,2585.301,2596.056,2599.908,4644810900.0,55512931549.0,0.002931,1.0,-0.148161,0.0,0.0,0.0,0.0,0.0,1.0,1.0,1.0,11.951602066081959,SH000300
2012-04-20,2591.51,2627.375,2589.351,2626.839,2596.056,6144637900.0,63829908072.0,0.003878,1.0,1.185768,0.0,0.0,0.0,0.0,0.0,1.0,1.0,1.0,10.3879039108228,SH000300
2012-04-23,2624.751,2632.092,2599.112,2606.038,2626.839,5866493800.0,62073949557.0,0.003702,1.0,-0.791865,0.0,0.0,0.0,0.0,0.0,1.0,1.0,1.0,10.581098637997368,SH000300
2012-04-24,2594.801,2640.295,2559.464,2604.866,2606.038,7113955800.0,73150514001.0,0.004489,1.0,-0.044977,0.0,0.0,0.0,0.0,0.0,1.0,1.0,1.0,10.28267760688083,SH000300
2012-04-25,2598.228,2631.438,2593.327,2625.99,2604.866,6246805300.0,63529458933.0,0.003942,1.0,0.810945,0.0,0.0,0.0,0.0,0.0,1.0,1.0,1.0,10.169911800036413,SH000300
2012-04-26,2632.718,2643.768,2617.089,2631.487,2625.99,5896566700.0,64377486667.0,0.003721,1.0,0.209333,0.0,0.0,0.0,0.0,0.0,1.0,1.0,1.0,10.917791647637939,SH000300
2012-04-27,2630.549,2637.918,2623.598,2626.157,2631.487,4823358600.0,53345515969.0,0.003044,1.0,-0.20255,0.0,0.0,0.0,0.0,0.0,1.0,1.0,1.0,11.059827890258875,SH000300
2012-05-02,2660.673,2697.949,2643.527,2683.487,2626.157,8014865400.0,92366091966.0,0.005057,1.0,2.183041,0.0,0.0,0.0,0.0,0.0,1.0,1.0,1.0,11.524347241813942,SH000300
2012-05-03,2679.517,2693.88,2675.811,2691.518,2683.487,5936109000.0,72337336415.0,0.003745,1.0,0.299275,0.0,0.0,0.0,0.0,0.0,1.0,1.0,1.0,12.185985199227305,SH000300
2012-05-04,2689.624,2716.033,2677.14,2715.879,2691.518,6321808600.0,73699551125.0,0.003986,1.0,0.905097,0.0,0.0,0.0,0.0,0.0,1.0,1.0,1.0,11.657985204582118,SH000300
2012-05-07,2699.447,2717.778,2694.321,2717.778,2715.879,6854731400.0,82715668565.0,0.004322,1.0,0.069928,0.0,0.0,0.0,0.0,0.0,1.0,1.0,1.0,12.066945258423985,SH000300
2012-05-08,2717.408,2717.825,2683.562,2709.116,2717.778,6311084000.0,73744497984.0,0.003979,1.0,-0.31872,0.0,0.0,0.0,0.0,0.0,1.0,1.0,1.0,11.684917834083654,SH000300
2012-05-09,2685.187,2685.187,2655.322,2657.514,2709.116,5840028300.0,69482578578.0,0.003682,1.0,-1.904756,0.0,0.0,0.0,0.0,0.0,1.0,1.0,1.0,11.897644156621638,SH000300
2012-05-10,2657.87,2667.675,2649.38,2657.214,2657.514,4696257600.0,54056953614.0,0.002959,1.0,-0.011281,0.0,0.0,0.0,0.0,0.0,1.0,1.0,1.0,11.510644904572526,SH000300
2012-05-11,2652.313,2666.566,2636.523,2636.917,2657.214,4100614300.0,49392898299.0,0.002584,1.0,-0.76385,0.0,0.0,0.0,0.0,0.0,1.0,1.0,1.0,12.045243635569431,SH000300
2012-05-14,2653.806,2656.284,2613.349,2615.534,2636.917,5208248400.0,60331294491.0,0.003281,1.0,-0.810911,0.0,0.0,0.0,0.0,0.0,1.0,1.0,1.0,11.583797441573639,SH000300
2012-05-15,2597.644,2618.175,2591.598,2617.374,2615.534,4576727100.0,51374761939.0,0.002883,1.0,0.070352,0.0,0.0,0.0,0.0,0.0,1.0,1.0,1.0,11.225218549517624,SH000300
2012-05-16,2610.161,2612.625,2574.082,2574.647,2617.374,4328027400.0,47863536278.0,0.002726,1.0,-1.63244,0.0,0.0,0.0,0.0,0.0,1.0,1.0,1.0,11.058972565192171,SH000300
2012-05-17,2577.961,2619.589,2571.201,2613.942,2574.647,4372838900.0,49203910040.0,0.002754,1.0,1.526226,0.0,0.0,0.0,0.0,0.0,1.0,1.0,1.0,11.252166193453869,SH000300
2012-05-18,2595.547,2603.191,2567.302,2573.976,2613.942,4342212400.0,46907511775.0,0.002734,1.0,-1.528948,0.0,0.0,0.0,0.0,0.0,1.0,1.0,1.0,10.802675561195487,SH000300
2012-05-21,2572.369,2604.219,2563.973,2587.231,2573.976,3860209000.0,44300405781.0,0.00243,1.0,0.514957,0.0,0.0,0.0,0.0,0.0,1.0,1.0,1.0,11.476167684444029,SH000300
2012-05-22,2598.167,2627.602,2597.603,2627.525,2587.231,4277352900.0,49392413014.0,0.002691,1.0,1.557416,0.0,0.0,0.0,0.0,0.0,1.0,1.0,1.0,11.547425281182669,SH000300
2012-05-23,2621.786,2635.78,2598.29,2616.869,2627.525,4371953100.0,52563403310.0,0.00275,1.0,-0.405553,0.0,0.0,0.0,0.0,0.0,1.0,1.0,1.0,12.022865320764764,SH000300
2012-05-24,2613.095,2630.414,2588.209,2595.26,2616.869,4284406600.0,50064439874.0,0.002695,1.0,-0.825754,0.0,0.0,0.0,0.0,0.0,1.0,1.0,1.0,11.685268124178503,SH000300
2012-05-25,2595.261,2602.17,2565.647,2573.103,2595.26,3927300400.0,41420081778.0,0.002468,1.0,-0.853748,0.0,0.0,0.0,0.0,0.0,1.0,1.0,1.0,10.546705767147326,SH000300
2012-05-28,2562.596,2614.849,2545.336,2614.689,2573.103,5633927500.0,58412343035.0,0.00354,1.0,1.616179,0.0,0.0,0.0,0.0,0.0,1.0,1.0,1.0,10.367961432766041,SH000300
2012-05-29,2615.145,2658.255,2612.564,2650.854,2614.689,7213563700.0,78681504585.0,0.004532,1.0,1.383149,0.0,0.0,0.0,0.0,0.0,1.0,1.0,1.0,10.90743879963242,SH000300
2012-05-30,2646.37,2655.163,2636.518,2642.258,2650.854,5185543600.0,56976275428.0,0.003256,1.0,-0.324271,0.0,0.0,0.0,0.0,0.0,1.0,1.0,1.0,10.987522200758278,SH000300
2012-05-31,2623.158,2645.591,2617.228,2632.042,2642.258,4410746900.0,49875041384.0,0.002769,1.0,-0.386641,0.0,0.0,0.0,0.0,0.0,1.0,1.0,1.0,11.30761807801758,SH000300
2012-06-01,2633.601,2653.857,2623.289,2632.998,2632.042,4419105600.0,53843404285.0,0.002772,1.0,0.036324,0.0,0.0,0.0,0.0,0.0,1.0,1.0,1.0,12.184231190356709,SH000300
2012-06-04,2598.733,2608.316,2558.92,2559.026,2632.998,5247850200.0,60615569451.0,0.003289,1.0,-2.809427,0.0,0.0,0.0,0.0,0.0,1.0,1.0,1.0,11.550552538828185,SH000300
2012-06-05,2565.186,2573.887,2548.76,2558.842,2559.026,3777991000.0,43553303591.0,0.002368,1.0,-0.007184,0.0,0.0,0.0,0.0,0.0,1.0,1.0,1.0,11.52816499324641,SH000300
2012-06-06,2564.226,2573.739,2547.334,2557.401,2558.842,3385769400.0,41316908581.0,0.002122,1.0,-0.056321,0.0,0.0,0.0,0.0,0.0,1.0,1.0,1.0,12.2031076838842,SH000300
2012-06-07,2579.425,2584.039,2536.258,2542.184,2557.401,3484118600.0,42053000073.0,0.002181,1.0,-0.59501,0.0,0.0,0.0,0.0,0.0,1.0,1.0,1.0,12.069910614696067,SH000300
2012-06-08,2558.843,2559.128,2520.409,2524.329,2542.184,4385642600.0,47638005888.0,0.002745,1.0,-0.702348,0.0,0.0,0.0,0.0,0.0,1.0,1.0,1.0,10.86226357980014,SH000300
2012-06-11,2529.599,2565.429,2523.774,2558.265,2524.329,4009826000.0,43449657466.0,0.00251,1.0,1.344349,0.0,0.0,0.0,0.0,0.0,1.0,1.0,1.0,10.835796233053504,SH000300
2012-06-12,2543.765,2553.915,2529.951,2540.178,2558.265,3793667600.0,40259911520.0,0.002373,1.0,-0.706999,0.0,0.0,0.0,0.0,0.0,1.0,1.0,1.0,10.612398281810457,SH000300
2012-06-13,2546.791,2581.115,2539.632,2580.636,2540.178,4501456800.0,51291269477.0,0.002815,1.0,1.592723,0.0,0.0,0.0,0.0,0.0,1.0,1.0,1.0,11.394371146025438,SH000300
2012-06-14,2573.329,2584.709,2558.565,2560.421,2580.636,4024793400.0,46331822555.0,0.002517,1.0,-0.783338,0.0,0.0,0.0,0.0,0.0,1.0,1.0,1.0,11.511602696178144,SH000300
2012-06-15,2565.189,2580.17,2538.572,2568.054,2560.421,4278607800.0,48868302897.0,0.002676,1.0,0.298117,0.0,0.0,0.0,0.0,0.0,1.0,1.0,1.0,11.421542983444288,SH000300
2012-06-18,2576.629,2593.218,2572.987,2581.212,2568.054,3569362800.0,40852450181.0,0.00223,1.0,0.512371,0.0,0.0,0.0,0.0,0.0,1.0,1.0,1.0,11.445306198910348,SH000300
2012-06-19,2577.362,2577.362,2556.103,2558.621,2581.212,3270055300.0,37020041266.0,0.002043,1.0,-0.875202,0.0,0.0,0.0,0.0,0.0,1.0,1.0,1.0,11.320922085323756,SH000300
2012-06-20,2563.643,2570.663,2549.438,2552.611,2558.621,2985063900.0,33573669769.0,0.001865,1.0,-0.234893,0.0,0.0,0.0,0.0,0.0,1.0,1.0,1.0,11.247219789499313,SH000300
2012-06-21,2547.048,2547.048,2502.419,2512.185,2552.611,3539673200.0,38607959039.0,0.002212,1.0,-1.583713,0.0,0.0,0.0,0.0,0.0,1.0,1.0,1.0,10.907210032553287,SH000300
2012-06-25,2501.163,2501.163,2455.008,2456.518,2512.185,4010673500.0,42503507171.0,0.002506,1.0,-2.215879,0.0,0.0,0.0,0.0,0.0,1.0,1.0,1.0,10.597598426049888,SH000300
2012-06-26,2442.562,2465.12,2434.64,2454.915,2456.518,3173400800.0,33896511717.0,0.001982,1.0,-0.065256,0.0,0.0,0.0,0.0,0.0,1.0,1.0,1.0,10.68144676745528,SH000300
2012-06-27,2452.666,2470.762,2444.343,2447.195,2454.915,3000755300.0,31437597414.0,0.001875,1.0,-0.31447,0.0,0.0,0.0,0.0,0.0,1.0,1.0,1.0,10.476561489035777,SH000300
2012-06-28,2451.664,2459.189,2425.24,2425.729,2447.195,3054311300.0,34418793210.0,0.001908,1.0,-0.87717,0.0,0.0,0.0,0.0,0.0,1.0,1.0,1.0,11.26892115089906,SH000300
2012-06-29,2418.862,2462.815,2417.486,2461.612,2425.729,3799494100.0,40976538386.0,0.002373,1.0,1.479269,0.0,0.0,0.0,0.0,0.0,1.0,1.0,1.0,10.78473536411071,SH000300
2012-07-02,2473.545,2473.966,2452.986,2465.238,2461.612,4051007800.0,45651476527.0,0.00252,1.0,0.147301,0.0,0.0,0.0,0.0,0.0,1.0,1.0,1.0,11.269165299311446,SH000300
2012-07-03,2464.85,2490.547,2457.449,2468.721,2465.238,3869335400.0,45004653879.0,0.002407,1.0,0.141281,0.0,0.0,0.0,0.0,0.0,1.0,1.0,1.0,11.63110695418133,SH000300
2012-07-04,2474.527,2481.336,2455.995,2464.919,2468.721,3445214200.0,37837659888.0,0.002143,1.0,-0.154007,0.0,0.0,0.0,0.0,0.0,1.0,1.0,1.0,10.982672684908822,SH000300
2012-07-05,2450.3,2450.3,2420.001,2430.37,2464.919,3472614500.0,35946204421.0,0.002159,1.0,-1.401621,0.0,0.0,0.0,0.0,0.0,1.0,1.0,1.0,10.351337420551575,SH000300
2012-07-06,2435.059,2477.231,2420.356,2472.614,2430.37,4961060500.0,56601778899.0,0.003081,1.0,1.738167,0.0,0.0,0.0,0.0,0.0,1.0,1.0,1.0,11.40920956295534,SH000300
2012-07-09,2455.892,2470.205,2414.953,2416.036,2472.614,4922330200.0,54601732513.0,0.003057,1.0,-2.288191,0.0,0.0,0.0,0.0,0.0,1.0,1.0,1.0,11.092659430486805,SH000300
2012-07-10,2411.003,2426.529,2402.371,2406.706,2416.036,3554998400.0,38539025245.0,0.002208,1.0,-0.386163,0.0,0.0,0.0,0.0,0.0,1.0,1.0,1.0,10.840799603454112,SH000300
2012-07-11,2402.184,2427.795,2402.154,2425.572,2406.706,3762431200.0,39851892244.0,0.002335,1.0,0.783892,0.0,0.0,0.0,0.0,0.0,1.0,1.0,1.0,10.592058731598867,SH000300
2012-07-12,2420.036,2460.559,2404.584,2449.181,2425.572,5671769100.0,65137536868.0,0.00352,1.0,0.973333,0.0,0.0,0.0,0.0,0.0,1.0,1.0,1.0,11.484518449102591,SH000300
2012-07-13,2441.013,2467.99,2438.979,2450.633,2449.181,3672525600.0,42013581196.0,0.002279,1.0,0.059291,0.0,0.0,0.0,0.0,0.0,1.0,1.0,1.0,11.439969593676896,SH000300
2012-07-16,2452.595,2452.595,2399.61,2399.731,2450.633,4277187000.0,45844882072.0,0.002652,1.0,-2.0771,0.0,0.0,0.0,0.0,0.0,1.0,1.0,1.0,10.718465681299415,SH000300
2012-07-17,2391.897,2421.929,2391.281,2414.201,2399.731,3342432900.0,38285441648.0,0.002073,1.0,0.602983,0.0,0.0,0.0,0.0,0.0,1.0,1.0,1.0,11.454363570918657,SH000300
2012-07-18,2412.062,2420.778,2373.647,2414.335,2414.201,4175178800.0,44325492550.0,0.002589,1.0,0.005552,0.0,0.0,0.0,0.0,0.0,1.0,1.0,1.0,10.616429780204863,SH000300
2012-07-19,2407.443,2444.057,2401.291,2424.322,2414.335,4694905200.0,47704038961.0,0.002911,1.0,0.413657,0.0,0.0,0.0,0.0,0.0,1.0,1.0,1.0,10.160809841485191,SH000300
2012-07-20,2415.71,2423.804,2392.181,2398.455,2424.322,3761975400.0,36683623955.0,0.002333,1.0,-1.066976,0.0,0.0,0.0,0.0,0.0,1.0,1.0,1.0,9.75115997701633,SH000300
2012-07-23,2379.885,2379.885,2357.507,2365.431,2398.455,3239036900.0,33178928582.0,0.002008,1.0,-1.376893,0.0,0.0,0.0,0.0,0.0,1.0,1.0,1.0,10.243454954773748,SH000300
2012-07-24,2353.22,2392.353,2352.803,2375.992,2365.431,3031007900.0,31149105846.0,0.001879,1.0,0.446474,0.0,0.0,0.0,0.0,0.0,1.0,1.0,1.0,10.27681447019653,SH000300
2012-07-25,2368.384,2381.043,2357.468,2360.083,2375.992,2489650100.0,25730598144.0,0.00154,1.0,-0.66957,0.0,0.0,0.0,0.0,0.0,1.0,1.0,1.0,10.33502585122303,SH000300
2012-07-26,2360.134,2374.874,2344.695,2347.488,2360.083,3131409400.0,31326395007.0,0.001937,1.0,-0.533666,0.0,0.0,0.0,0.0,0.0,1.0,1.0,1.0,10.003928265336368,SH000300
2012-07-27,2353.942,2364.984,2341.293,2349.108,2347.488,3109052500.0,33048182067.0,0.001922,1.0,0.069005,0.0,0.0,0.0,0.0,0.0,1.0,1.0,1.0,10.629663560522056,SH000300
2012-07-30,2350.782,2367.029,2333.999,2335.793,2349.108,3048485100.0,29907972257.0,0.001864,1.0,-0.566808,0.0,0.0,0.0,0.0,0.0,1.0,1.0,1.0,9.810765437889135,SH000300
2012-07-31,2336.882,2350.071,2329.505,2332.922,2335.793,3209972300.0,31196332451.0,0.001963,1.0,-0.122907,0.0,0.0,0.0,0.0,0.0,1.0,1.0,1.0,9.718567493869028,SH000300
2012-08-01,2332.129,2371.122,2331.949,2358.651,2332.922,3142084800.0,31277764382.0,0.001921,1.0,1.102856,0.0,0.0,0.0,0.0,0.0,1.0,1.0,1.0,9.954462203566244,SH000300
2012-08-02,2354.073,2358.559,2325.608,2334.882,2358.651,3151615900.0,29751166648.0,0.001927,1.0,-1.007729,0.0,0.0,0.0,0.0,0.0,1.0,1.0,1.0,9.439972252963948,SH000300
2012-08-03,2340.25,2354.156,2329.934,2353.737,2334.882,2976978500.0,31106947335.0,0.001821,1.0,0.807535,0.0,0.0,0.0,0.0,0.0,1.0,1.0,1.0,10.449167615755371,SH000300
2012-08-06,2350.117,2388.363,2348.119,2385.611,2353.737,4182066500.0,43686686303.0,0.002557,1.0,1.354188,0.0,0.0,0.0,0.0,0.0,1.0,1.0,1.0,10.446195990188105,SH000300
2012-08-07,2383.257,2390.782,2379.452,2388.873,2385.611,3828548900.0,40403711505.0,0.002341,1.0,0.136735,0.0,0.0,0.0,0.0,0.0,1.0,1.0,1.0,10.553270327825773,SH000300
2012-08-08,2390.959,2405.183,2382.825,2389.795,2388.873,3781045100.0,41340862162.0,0.002312,1.0,0.03859,0.0,0.0,0.0,0.0,0.0,1.0,1.0,1.0,10.93371305251027,SH000300
2012-08-09,2388.43,2412.142,2378.854,2411.7,2389.795,3565895100.0,43256096919.0,0.002181,1.0,0.916607,0.0,0.0,0.0,0.0,0.0,1.0,1.0,1.0,12.130501797150455,SH000300
2012-08-10,2409.937,2413.423,2395.912,2399.751,2411.7,3470299500.0,40699222527.0,0.00212,1.0,-0.495459,0.0,0.0,0.0,0.0,0.0,1.0,1.0,1.0,11.72787032560158,SH000300
2012-08-13,2394.504,2394.504,2350.808,2351.931,2399.751,4478354600.0,46249676189.0,0.002736,1.0,-1.99271,0.0,0.0,0.0,0.0,0.0,1.0,1.0,1.0,10.327381442505692,SH000300
2012-08-14,2352.659,2357.847,2324.906,2357.016,2351.931,3985006600.0,42404687531.0,0.002432,1.0,0.216214,0.0,0.0,0.0,0.0,0.0,1.0,1.0,1.0,10.641058293604834,SH000300
2012-08-15,2350.022,2350.022,2330.15,2331.615,2357.016,3058017600.0,30332554840.0,0.001866,1.0,-1.077681,0.0,0.0,0.0,0.0,0.0,1.0,1.0,1.0,9.919025593574085,SH000300
2012-08-16,2327.91,2335.397,2317.061,2319.67,2331.615,2590290500.0,27076003542.0,0.001581,1.0,-0.512309,0.0,0.0,0.0,0.0,0.0,1.0,1.0,1.0,10.452883003663104,SH000300
2012-08-17,2318.432,2322.885,2295.158,2313.476,2319.67,2606571700.0,28629966797.0,0.001591,1.0,-0.267014,0.0,0.0,0.0,0.0,0.0,1.0,1.0,1.0,10.983763384295164,SH000300
2012-08-20,2294.901,2307.406,2279.946,2301.788,2313.476,2740203300.0,27174816852.0,0.001669,1.0,-0.505213,0.0,0.0,0.0,0.0,0.0,1.0,1.0,1.0,9.917080550921167,SH000300
2012-08-21,2301.932,2327.375,2296.551,2313.703,2301.788,3489510000.0,34757869338.0,0.002124,1.0,0.517632,0.0,0.0,0.0,0.0,0.0,1.0,1.0,1.0,9.960673371906084,SH000300
2012-08-22,2315.14,2317.373,2285.755,2295.586,2313.703,3170841200.0,31547519179.0,0.00193,1.0,-0.783028,0.0,0.0,0.0,0.0,0.0,1.0,1.0,1.0,9.94925863174731,SH000300
2012-08-23,2298.18,2311.653,2285.367,2302.199,2295.586,3133534200.0,33789603948.0,0.001908,1.0,0.288076,0.0,0.0,0.0,0.0,0.0,1.0,1.0,1.0,10.783224880073114,SH000300
2012-08-24,2295.684,2299.298,2274.566,2275.677,2302.199,3186959100.0,32986336544.0,0.00194,1.0,-1.152028,0.0,0.0,0.0,0.0,0.0,1.0,1.0,1.0,10.350411005902147,SH000300
2012-08-27,2268.485,2268.485,2228.151,2228.204,2275.677,3738619100.0,35384156112.0,0.002275,1.0,-2.0861,0.0,0.0,0.0,0.0,0.0,1.0,1.0,1.0,9.464498833807381,SH000300
2012-08-28,2226.898,2250.6,2222.001,2238.411,2228.204,3377361500.0,30331076332.0,0.002055,1.0,0.458072,0.0,0.0,0.0,0.0,0.0,1.0,1.0,1.0,8.980701749575815,SH000300
2012-08-29,2230.199,2240.112,2214.429,2214.814,2238.411,2901064800.0,27396186648.0,0.001765,1.0,-1.054182,0.0,0.0,0.0,0.0,0.0,1.0,1.0,1.0,9.443493522792044,SH000300
2012-08-30,2204.515,2223.195,2188.724,2211.37,2214.814,3549131000.0,33867206099.0,0.002159,1.0,-0.155492,0.0,0.0,0.0,0.0,0.0,1.0,1.0,1.0,9.54239392656963,SH000300
2012-08-31,2205.573,2218.866,2203.123,2204.868,2211.37,2596498600.0,23340891008.0,0.00158,1.0,-0.294035,0.0,0.0,0.0,0.0,0.0,1.0,1.0,1.0,8.98937169001362,SH000300
2012-09-03,2201.123,2236.563,2197.708,2228.369,2204.868,3854859244.0,35299176733.0,0.002345,1.0,1.065868,0.0,0.0,0.0,0.0,0.0,1.0,1.0,1.0,9.157059829860808,SH000300
2012-09-04,2231.716,2234.875,2199.509,2204.407,2228.369,3485268800.0,33220203922.0,0.00212,1.0,-1.075312,0.0,0.0,0.0,0.0,0.0,1.0,1.0,1.0,9.531604541377124,SH000300
2012-09-05,2199.743,2209.536,2186.962,2199.875,2204.407,3475182400.0,30445168179.0,0.002114,1.0,-0.205587,0.0,0.0,0.0,0.0,0.0,1.0,1.0,1.0,8.760739631680915,SH000300
2012-09-06,2204.436,2218.68,2199.857,2217.823,2199.875,3169588400.0,26873315868.0,0.001928,1.0,0.815864,0.0,0.0,0.0,0.0,0.0,1.0,1.0,1.0,8.478487575232165,SH000300
2012-09-07,2233.912,2341.522,2233.912,2317.179,2217.823,9452976400.0,84302249171.0,0.005751,1.0,4.479887,0.0,0.0,0.0,0.0,0.0,1.0,1.0,1.0,8.918064068265315,SH000300
2012-09-10,2320.557,2334.496,2313.572,2326.666,2317.179,6533055400.0,63252038538.0,0.003974,1.0,0.409423,0.0,0.0,0.0,0.0,0.0,1.0,1.0,1.0,9.681846343749053,SH000300
2012-09-11,2316.532,2316.532,2294.82,2311.89,2326.666,4626071900.0,43389766043.0,0.002814,1.0,-0.635077,0.0,0.0,0.0,0.0,0.0,1.0,1.0,1.0,9.379397246938597,SH000300
2012-09-12,2325.925,2337.196,2298.297,2320.071,2311.89,4962251800.0,46485174475.0,0.003019,1.0,0.353873,0.0,0.0,0.0,0.0,0.0,1.0,1.0,1.0,9.367758096233649,SH000300
2012-09-13,2316.679,2325.534,2298.367,2298.461,2320.071,4204984900.0,38023998305.0,0.002558,1.0,-0.931442,0.0,0.0,0.0,0.0,0.0,1.0,1.0,1.0,9.042600439540223,SH000300
2012-09-14,2324.012,2332.417,2298.83,2315.542,2298.461,6157181400.0,55438612876.0,0.003746,1.0,0.743152,0.0,0.0,0.0,0.0,0.0,1.0,1.0,1.0,9.003894684018892,SH000300
2012-09-17,2312.055,2314.989,2258.182,2258.705,2315.542,4898473400.0,43753169666.0,0.00298,1.0,-2.454584,0.0,0.0,0.0,0.0,0.0,1.0,1.0,1.0,8.932001073232327,SH000300
2012-09-18,2249.425,2253.144,2228.042,2235.239,2258.705,3322869600.0,30171497189.0,0.002021,1.0,-1.038917,0.0,0.0,0.0,0.0,0.0,1.0,1.0,1.0,9.079952216301235,SH000300
2012-09-19,2237.218,2249.243,2229.489,2246.236,2235.239,3434970600.0,32607010935.0,0.002089,1.0,0.491986,0.0,0.0,0.0,0.0,0.0,1.0,1.0,1.0,9.492660849848322,SH000300
2012-09-20,2236.191,2236.191,2194.221,2195.951,2246.236,4254577900.0,38385856464.0,0.002588,1.0,-2.238641,0.0,0.0,0.0,0.0,0.0,1.0,1.0,1.0,9.022247885977126,SH000300
2012-09-21,2190.327,2217.473,2186.53,2199.063,2195.951,3812059300.0,34043368088.0,0.002301,1.0,0.141718,0.0,0.0,0.0,0.0,0.0,1.0,1.0,1.0,8.93044032342309,SH000300
2012-09-24,2183.969,2225.805,2172.879,2215.516,2199.063,3750168600.0,33608761246.0,0.002264,1.0,0.748188,0.0,0.0,0.0,0.0,0.0,1.0,1.0,1.0,8.961933403740835,SH000300
2012-09-25,2209.975,2225.334,2202.376,2210.154,2215.516,2787701900.0,26677064455.0,0.001683,1.0,-0.242023,0.0,0.0,0.0,0.0,0.0,1.0,1.0,1.0,9.56955421058471,SH000300
2012-09-26,2208.906,2216.824,2181.083,2184.891,2210.154,2745462600.0,24918916453.0,0.001657,1.0,-1.14304,0.0,0.0,0.0,0.0,0.0,1.0,1.0,1.0,9.076399894502297,SH000300
2012-09-27,2186.004,2266.297,2185.766,2251.717,2184.891,5301690000.0,48210577766.0,0.0032,1.0,3.058547,0.0,0.0,0.0,0.0,0.0,1.0,1.0,1.0,9.093435822539606,SH000300
2012-09-28,2235.057,2297.033,2234.323,2293.106,2251.717,5787582500.0,54431465854.0,0.003493,1.0,1.838105,0.0,0.0,0.0,0.0,0.0,1.0,1.0,1.0,9.404870834065864,SH000300
2012-10-08,2291.961,2305.18,2258.11,2270.054,2293.106,3553442400.0,33915840250.0,0.002145,1.0,-1.005274,0.0,0.0,0.0,0.0,0.0,1.0,1.0,1.0,9.5445026068243,SH000300
2012-10-09,2281.753,2327.727,2281.753,2320.157,2270.054,5254888700.0,48330196363.0,0.003172,1.0,2.207129,0.0,0.0,0.0,0.0,0.0,1.0,1.0,1.0,9.197187442428609,SH000300
2012-10-10,2314.593,2325.749,2304.608,2324.117,2320.157,4268623800.0,37873996221.0,0.002577,1.0,0.170676,0.0,0.0,0.0,0.0,0.0,1.0,1.0,1.0,8.87264795295383,SH000300
2012-10-11,2315.897,2321.352,2300.934,2302.533,2324.117,4130065500.0,36172963459.0,0.002493,1.0,-0.928696,0.0,0.0,0.0,0.0,0.0,1.0,1.0,1.0,8.758447888780456,SH000300
2012-10-12,2311.284,2332.149,2287.009,2304.531,2302.533,3687414500.0,33205903773.0,0.002226,1.0,0.086776,0.0,0.0,0.0,0.0,0.0,1.0,1.0,1.0,9.005199652222444,SH000300
2012-10-15,2306.006,2307.882,2278.457,2294.857,2304.531,2865174600.0,28569021615.0,0.001729,1.0,-0.419785,0.0,0.0,0.0,0.0,0.0,1.0,1.0,1.0,9.971127628661792,SH000300
2012-10-16,2293.244,2315.453,2287.59,2298.162,2294.857,3205967900.0,32705140504.0,0.001934,1.0,0.144025,0.0,0.0,0.0,0.0,0.0,1.0,1.0,1.0,10.201331243522432,SH000300
2012-10-17,2307.358,2312.173,2280.818,2300.803,2298.162,3334940900.0,31270899032.0,0.002012,1.0,0.114912,0.0,0.0,0.0,0.0,0.0,1.0,1.0,1.0,9.37674758554192,SH000300
2012-10-18,2307.487,2341.12,2305.883,2336.077,2300.803,5061510000.0,45050292530.0,0.003054,1.0,1.533114,0.0,0.0,0.0,0.0,0.0,1.0,1.0,1.0,8.900563770495365,SH000300
2012-10-19,2335.105,2342.527,2328.733,2332.47,2336.077,3592773200.0,33173031578.0,0.002168,1.0,-0.154401,0.0,0.0,0.0,0.0,0.0,1.0,1.0,1.0,9.23326626295253,SH000300
2012-10-22,2320.468,2347.895,2315.895,2341.592,2332.47,3436828600.0,32815273277.0,0.002072,1.0,0.391091,0.0,0.0,0.0,0.0,0.0,1.0,1.0,1.0,9.548126222238723,SH000300
2012-10-23,2340.89,2344.044,2309.252,2312.077,2341.592,3722127200.0,33716876575.0,0.002243,1.0,-1.260473,0.0,0.0,0.0,0.0,0.0,1.0,1.0,1.0,9.058496597053427,SH000300
2012-10-24,2303.401,2321.43,2302.169,2307.779,2312.077,3754244500.0,30392377974.0,0.002262,1.0,-0.185887,0.0,0.0,0.0,0.0,0.0,1.0,1.0,1.0,8.09547113247419,SH000300
2012-10-25,2306.733,2322.917,2288.601,2291.239,2307.779,4435153100.0,33183528714.0,0.002672,1.0,-0.716708,0.0,0.0,0.0,0.0,0.0,1.0,1.0,1.0,7.481935339278367,SH000300
2012-10-26,2291.31,2293.176,2237.059,2247.907,2291.239,4090051900.0,34530067051.0,0.002464,1.0,-1.891205,0.0,0.0,0.0,0.0,0.0,1.0,1.0,1.0,8.442452050791825,SH000300
2012-10-29,2241.802,2248.139,2227.646,2235.854,2247.907,2758132500.0,25328650697.0,0.001662,1.0,-0.536187,0.0,0.0,0.0,0.0,0.0,1.0,1.0,1.0,9.183261027887529,SH000300
2012-10-30,2236.316,2257.951,2231.776,2239.882,2235.854,3408312500.0,29516628523.0,0.002051,1.0,0.180158,0.0,0.0,0.0,0.0,0.0,1.0,1.0,1.0,8.660188443107844,SH000300
2012-10-31,2241.432,2256.095,2233.684,2254.82,2239.882,3716979500.0,30634360248.0,0.002236,1.0,0.66691,0.0,0.0,0.0,0.0,0.0,1.0,1.0,1.0,8.241735056112093,SH000300
2012-11-01,2256.609,2305.629,2256.412,2297.884,2254.82,5076172900.0,45602138249.0,0.003054,1.0,1.909863,0.0,0.0,0.0,0.0,0.0,1.0,1.0,1.0,8.983566782959658,SH000300
2012-11-02,2297.898,2309.666,2284.719,2306.774,2297.884,3983328800.0,34893875754.0,0.002396,1.0,0.386873,0.0,0.0,0.0,0.0,0.0,1.0,1.0,1.0,8.759978778051162,SH000300
2012-11-05,2302.742,2318.231,2290.135,2301.88,2306.774,3951037200.0,33663152794.0,0.002372,1.0,-0.21216,0.0,0.0,0.0,0.0,0.0,1.0,1.0,1.0,8.520079941034217,SH000300
2012-11-06,2301.98,2304.048,2260.507,2292.206,2301.88,3928062700.0,34473381993.0,0.002355,1.0,-0.420258,0.0,0.0,0.0,0.0,0.0,1.0,1.0,1.0,8.776179156457966,SH000300
2012-11-07,2288.763,2300.893,2277.02,2287.505,2292.206,3306740300.0,30278449435.0,0.001982,1.0,-0.205094,0.0,0.0,0.0,0.0,0.0,1.0,1.0,1.0,9.15658524347981,SH000300
2012-11-08,2269.582,2275.401,2245.4,2245.405,2287.505,3542647500.0,30411864845.0,0.002123,1.0,-1.840427,0.0,0.0,0.0,0.0,0.0,1.0,1.0,1.0,8.58450208354063,SH000300
2012-11-09,2241.756,2252.196,2235.231,2240.924,2245.405,3050696800.0,24374277793.0,0.001828,1.0,-0.199561,0.0,0.0,0.0,0.0,0.0,1.0,1.0,1.0,7.989741161101294,SH000300
2012-11-12,2242.96,2254.703,2232.742,2251.848,2240.924,3472168500.0,29040821378.0,0.002081,1.0,0.48747,0.0,0.0,0.0,0.0,0.0,1.0,1.0,1.0,8.363885962907618,SH000300
2012-11-13,2250.842,2250.842,2208.723,2212.44,2251.848,3408370400.0,28818451577.0,0.002043,1.0,-1.750028,0.0,0.0,0.0,0.0,0.0,1.0,1.0,1.0,8.455199463356447,SH000300
2012-11-14,2213.086,2225.124,2205.996,2223.11,2212.44,2675879000.0,23592323468.0,0.001604,1.0,0.482281,0.0,0.0,0.0,0.0,0.0,1.0,1.0,1.0,8.8166630359594,SH000300
2012-11-15,2210.751,2220.987,2193.516,2193.623,2223.11,2831915100.0,23778694920.0,0.001697,1.0,-1.326388,0.0,0.0,0.0,0.0,0.0,1.0,1.0,1.0,8.3966835446444,SH000300
2012-11-16,2189.511,2191.611,2162.976,2177.24,2193.623,3024778600.0,26118247405.0,0.001813,1.0,-0.746849,0.0,0.0,0.0,0.0,0.0,1.0,1.0,1.0,8.634763352597112,SH000300
2012-11-19,2175.184,2176.492,2149.538,2174.985,2177.24,2697866600.0,26737221714.0,0.001615,1.0,-0.103566,0.0,0.0,0.0,0.0,0.0,1.0,1.0,1.0,9.910505476438308,SH000300
2012-11-20,2180.205,2184.334,2163.527,2164.881,2174.985,2394891600.0,22999196160.0,0.001433,1.0,-0.464555,0.0,0.0,0.0,0.0,0.0,1.0,1.0,1.0,9.603439320593884,SH000300
2012-11-21,2165.408,2195.461,2151.38,2194.896,2164.881,3050848200.0,27121949931.0,0.001826,1.0,1.386445,0.0,0.0,0.0,0.0,0.0,1.0,1.0,1.0,8.889970314157223,SH000300
2012-11-22,2181.179,2185.577,2169.657,2177.546,2194.896,2291235100.0,21536153037.0,0.001371,1.0,-0.790475,0.0,0.0,0.0,0.0,0.0,1.0,1.0,1.0,9.39936414076408,SH000300
2012-11-23,2184.409,2202.47,2179.727,2192.676,2177.546,2866749300.0,26307630050.0,0.001716,1.0,0.694825,0.0,0.0,0.0,0.0,0.0,1.0,1.0,1.0,9.176815722951428,SH000300
2012-11-26,2187.24,2191.359,2172.1,2175.599,2192.676,2474269600.0,22231498412.0,0.001481,1.0,-0.778816,0.0,0.0,0.0,0.0,0.0,1.0,1.0,1.0,8.985075196332687,SH000300
2012-11-27,2168.589,2173.464,2150.222,2150.638,2175.599,3194674600.0,26149735216.0,0.001912,1.0,-1.147324,0.0,0.0,0.0,0.0,0.0,1.0,1.0,1.0,8.18541431919232,SH000300
2012-11-28,2142.5,2144.802,2126.03,2129.161,2150.638,3000933900.0,24423321714.0,0.001796,1.0,-0.998636,0.0,0.0,0.0,0.0,0.0,1.0,1.0,1.0,8.138573700007187,SH000300
2012-11-29,2128.803,2140.877,2114.477,2115.676,2129.161,2967062500.0,24016256021.0,0.001776,1.0,-0.633342,0.0,0.0,0.0,0.0,0.0,1.0,1.0,1.0,8.09428720190424,SH000300
2012-11-30,2114.244,2142.856,2109.963,2139.661,2115.676,3640691100.0,28552066162.0,0.002179,1.0,1.133674,0.0,0.0,0.0,0.0,0.0,1.0,1.0,1.0,7.842485225401298,SH000300
2012-12-03,2136.696,2152.608,2108.149,2108.85,2139.661,4018676200.0,34173653616.0,0.002405,1.0,-1.439985,0.0,0.0,0.0,0.0,0.0,1.0,1.0,1.0,8.503709160743032,SH000300
2012-12-04,2104.928,2135.662,2102.135,2131.473,2108.85,3622591500.0,31732336903.0,0.002168,1.0,1.072755,0.0,0.0,0.0,0.0,0.0,1.0,1.0,1.0,8.759568089032395,SH000300
2012-12-05,2128.387,2219.094,2126.793,2207.878,2131.473,8248710300.0,69109050480.0,0.004936,1.0,3.584612,0.0,0.0,0.0,0.0,0.0,1.0,1.0,1.0,8.378164339217975,SH000300
2012-12-06,2205.605,2216.976,2191.227,2203.602,2207.878,4857468900.0,42758570153.0,0.002907,1.0,-0.193665,0.0,0.0,0.0,0.0,0.0,1.0,1.0,1.0,8.802644141066965,SH000300
2012-12-07,2203.887,2250.529,2198.107,2246.757,2203.602,7616974800.0,64996499283.0,0.004558,1.0,1.958386,0.0,0.0,0.0,0.0,0.0,1.0,1.0,1.0,8.533112028019312,SH000300
2012-12-10,2254.915,2276.28,2250.437,2271.046,2246.757,7337547500.0,61399772028.0,0.004391,1.0,1.081061,0.0,0.0,0.0,0.0,0.0,1.0,1.0,1.0,8.367887503011053,SH000300
2012-12-11,2263.209,2274.994,2254.299,2258.5,2271.046,5146870300.0,45087981874.0,0.003079,1.0,-0.552428,0.0,0.0,0.0,0.0,0.0,1.0,1.0,1.0,8.760271630314834,SH000300
2012-12-12,2257.73,2273.211,2247.953,2267.767,2258.5,4500645400.0,39182538242.0,0.002691,1.0,0.410321,0.0,0.0,0.0,0.0,0.0,1.0,1.0,1.0,8.705982089146593,SH000300
2012-12-13,2260.601,2266.721,2242.557,2242.635,2267.767,4194210000.0,36665684856.0,0.002508,1.0,-1.10823,0.0,0.0,0.0,0.0,0.0,1.0,1.0,1.0,8.741976404614933,SH000300
2012-12-14,2245.636,2357.106,2245.636,2355.865,2242.635,11089256200.0,93934741143.0,0.006632,1.0,5.048971,0.0,0.0,0.0,0.0,0.0,1.0,1.0,1.0,8.470788252056076,SH000300
2012-12-17,2359.201,2380.001,2358.664,2366.7,2355.865,9408819500.0,85000820332.0,0.005597,1.0,0.459914,0.0,0.0,0.0,0.0,0.0,1.0,1.0,1.0,9.034164204340406,SH000300
2012-12-18,2361.095,2398.63,2347.077,2368.12,2366.7,8578484900.0,78802837302.0,0.005103,1.0,0.060006,0.0,0.0,0.0,0.0,0.0,1.0,1.0,1.0,9.186102000599197,SH000300
2012-12-19,2362.802,2387.142,2358.033,2371.109,2368.12,6329253000.0,61140748228.0,0.003765,1.0,0.126209,0.0,0.0,0.0,0.0,0.0,1.0,1.0,1.0,9.660025950613761,SH000300
2012-12-20,2361.322,2391.924,2346.55,2384.816,2371.109,6565546200.0,63028692015.0,0.003906,1.0,0.578085,0.0,0.0,0.0,0.0,0.0,1.0,1.0,1.0,9.599916000134154,SH000300
2012-12-21,2386.376,2414.223,2365.032,2372.002,2384.816,6871415800.0,66887708129.0,0.004088,1.0,-0.537315,0.0,0.0,0.0,0.0,0.0,1.0,1.0,1.0,9.734195990439117,SH000300
2012-12-24,2368.007,2396.725,2367.038,2381.217,2372.002,5308700400.0,54121541302.0,0.003155,1.0,0.388494,0.0,0.0,0.0,0.0,0.0,1.0,1.0,1.0,10.194875812166758,SH000300
2012-12-25,2373.88,2459.302,2365.41,2448.395,2381.217,9550235000.0,89877770350.0,0.005676,1.0,2.821162,0.0,0.0,0.0,0.0,0.0,1.0,1.0,1.0,9.411053272511095,SH000300
2012-12-26,2445.987,2458.007,2441.642,2457.619,2448.395,7159182800.0,68406242066.0,0.004255,1.0,0.376732,0.0,0.0,0.0,0.0,0.0,1.0,1.0,1.0,9.555034977735168,SH000300
2012-12-27,2464.779,2479.792,2443.681,2444.594,2457.619,7325506700.0,69327603833.0,0.004354,1.0,-0.52998,0.0,0.0,0.0,0.0,0.0,1.0,1.0,1.0,9.463864640653458,SH000300
2012-12-28,2448.076,2481.592,2444.381,2480.049,2444.594,6716632100.0,66053288179.0,0.003991,1.0,1.450346,0.0,0.0,0.0,0.0,0.0,1.0,1.0,1.0,9.834287064643604,SH000300
2012-12-31,2485.559,2522.952,2485.559,2522.952,2480.049,8200229300.0,81149079560.0,0.004852,1.0,1.729919,0.0,0.0,0.0,0.0,0.0,1.0,1.0,1.0,9.895952490011469,SH000300
2013-01-04,2551.814,2558.529,2498.892,2524.409,2522.952,9798818200.0,95579245007.0,0.005862,1.0,0.057751,0.0,0.0,0.0,0.0,0.0,1.0,1.0,1.0,9.754160456513011,SH000300
2013-01-07,2518.047,2545.969,2511.603,2535.985,2524.409,7516799300.0,73167512509.0,0.004488,1.0,0.45857,0.0,0.0,0.0,0.0,0.0,1.0,1.0,1.0,9.733865384566007,SH000300
2013-01-08,2534.647,2540.513,2502.49,2525.33,2535.985,7183710000.0,76498061772.0,0.004289,1.0,-0.420154,0.0,0.0,0.0,0.0,0.0,1.0,1.0,1.0,10.648823765435965,SH000300
2013-01-09,2518.104,2534.239,2504.299,2526.126,2525.33,7023117000.0,74233596955.0,0.004193,1.0,0.031517,0.0,0.0,0.0,0.0,0.0,1.0,1.0,1.0,10.569893247542366,SH000300
2013-01-10,2525.59,2553.352,2513.729,2530.569,2526.126,7108586200.0,71159045499.0,0.004244,1.0,0.175887,0.0,0.0,0.0,0.0,0.0,1.0,1.0,1.0,10.010295084977656,SH000300
2013-01-11,2533.495,2539.794,2473.696,2483.23,2530.569,7423917600.0,72775921987.0,0.004433,1.0,-1.87069,0.0,0.0,0.0,0.0,0.0,1.0,1.0,1.0,9.802900019660779,SH000300
2013-01-14,2474.176,2583.625,2473.998,2577.725,2483.23,9355409100.0,96853471373.0,0.005585,1.0,3.805331,0.0,0.0,0.0,0.0,0.0,1.0,1.0,1.0,10.352670881383476,SH000300
2013-01-15,2579.132,2605.41,2576.919,2595.856,2577.725,9862080500.0,101356961358.0,0.005887,1.0,0.703367,0.0,0.0,0.0,0.0,0.0,1.0,1.0,1.0,10.27744210341824,SH000300
2013-01-16,2591.365,2600.093,2540.521,2577.092,2595.856,9353608400.0,95564995007.0,0.005584,1.0,-0.722841,0.0,0.0,0.0,0.0,0.0,1.0,1.0,1.0,10.216912117787611,SH000300
2013-01-17,2570.711,2575.058,2539.674,2552.758,2577.092,6991523900.0,71716118533.0,0.004174,1.0,-0.944242,0.0,0.0,0.0,0.0,0.0,1.0,1.0,1.0,10.257580401462977,SH000300
2013-01-18,2568.692,2607.446,2553.451,2595.439,2552.758,7794030300.0,77435163470.0,0.004653,1.0,1.671953,0.0,0.0,0.0,0.0,0.0,1.0,1.0,1.0,9.935188918883213,SH000300
2013-01-21,2605.649,2611.201,2582.652,2610.898,2595.439,8413374200.0,85357442058.0,0.005022,1.0,0.595621,0.0,0.0,0.0,0.0,0.0,1.0,1.0,1.0,10.145447002464243,SH000300
2013-01-22,2610.392,2620.025,2578.181,2596.898,2610.898,10576627500.0,102261160399.0,0.006313,1.0,-0.536214,0.0,0.0,0.0,0.0,0.0,1.0,1.0,1.0,9.668598085637411,SH000300
2013-01-23,2588.198,2611.409,2576.362,2607.456,2596.898,7573944400.0,72758926411.0,0.004521,1.0,0.406566,0.0,0.0,0.0,0.0,0.0,1.0,1.0,1.0,9.606477492889967,SH000300
2013-01-24,2606.427,2663.404,2564.206,2582.755,2607.456,11127717200.0,109537680297.0,0.006642,1.0,-0.947328,0.0,0.0,0.0,0.0,0.0,1.0,1.0,1.0,9.843679375406845,SH000300
2013-01-25,2580.881,2591.513,2567.107,2571.674,2582.755,5848735900.0,60689373994.0,0.003491,1.0,-0.429031,0.0,0.0,0.0,0.0,0.0,1.0,1.0,1.0,10.37649417440784,SH000300
2013-01-28,2577.267,2651.967,2577.267,2651.863,2571.674,9127479000.0,98173275704.0,0.005445,1.0,3.118162,0.0,0.0,0.0,0.0,0.0,1.0,1.0,1.0,10.755793106070143,SH000300
2013-01-29,2655.377,2685.531,2646.154,2675.866,2651.863,10104022900.0,108827009893.0,0.006028,1.0,0.905135,0.0,0.0,0.0,0.0,0.0,1.0,1.0,1.0,10.770661445452584,SH000300
2013-01-30,2678.433,2689.683,2662.062,2688.711,2675.866,9987499000.0,100856652553.0,0.005958,1.0,0.48003,0.0,0.0,0.0,0.0,0.0,1.0,1.0,1.0,10.098289126537084,SH000300
2013-01-31,2690.951,2696.881,2671.33,2686.882,2688.711,9674010100.0,94476820552.0,0.005761,1.0,-0.06802,0.0,0.0,0.0,0.0,0.0,1.0,1.0,1.0,9.766045267205168,SH000300
2013-02-01,2677.187,2744.322,2671.274,2743.324,2686.882,10387951500.0,110560933901.0,0.006186,1.0,2.100646,0.0,0.0,0.0,0.0,0.0,1.0,1.0,1.0,10.643189266045379,SH000300
2013-02-04,2753.688,2768.504,2731.08,2748.028,2743.324,12793917900.0,136119589827.0,0.007619,1.0,0.171475,0.0,0.0,0.0,0.0,0.0,1.0,1.0,1.0,10.639398415007806,SH000300
2013-02-05,2727.93,2779.953,2725.362,2771.675,2748.028,11613081900.0,112701171610.0,0.006916,1.0,0.860507,0.0,0.0,0.0,0.0,0.0,1.0,1.0,1.0,9.704673796367526,SH000300
2013-02-06,2771.908,2787.456,2765.743,2775.844,2771.675,8277927100.0,88989578113.0,0.00493,1.0,0.150413,0.0,0.0,0.0,0.0,0.0,1.0,1.0,1.0,10.750224909929443,SH000300
2013-02-07,2771.53,2775.974,2722.874,2759.87,2775.844,8997814200.0,95978595584.0,0.005358,1.0,-0.57546,0.0,0.0,0.0,0.0,0.0,1.0,1.0,1.0,10.666879027575385,SH000300
2013-02-08,2755.649,2791.303,2747.946,2771.725,2759.87,7742964400.0,82903631783.0,0.004611,1.0,0.429548,0.0,0.0,0.0,0.0,0.0,1.0,1.0,1.0,10.706962798769938,SH000300
2013-02-18,2784.065,2787.74,2731.506,2737.471,2771.725,7643822700.0,81001366822.0,0.004538,1.0,-1.235842,0.0,0.0,0.0,0.0,0.0,1.0,1.0,1.0,10.596970913781137,SH000300
2013-02-19,2735.045,2740.739,2674.339,2685.606,2737.471,8062643100.0,82460808230.0,0.004787,1.0,-1.894632,0.0,0.0,0.0,0.0,0.0,1.0,1.0,1.0,10.227515618296437,SH000300
2013-02-20,2686.093,2703.098,2665.231,2702.635,2685.606,7001937700.0,73636360656.0,0.004157,1.0,0.634086,0.0,0.0,0.0,0.0,0.0,1.0,1.0,1.0,10.516568957190236,SH000300
2013-02-21,2675.741,2675.741,2584.758,2610.549,2702.635,10065798400.0,103619498796.0,0.005964,1.0,-3.407265,0.0,0.0,0.0,0.0,0.0,1.0,1.0,1.0,10.294215588104764,SH000300
2013-02-22,2607.65,2618.483,2591.146,2596.604,2610.549,6020485200.0,65899100176.0,0.003567,1.0,-0.534181,0.0,0.0,0.0,0.0,0.0,1.0,1.0,1.0,10.94581217075328,SH000300
2013-02-25,2607.149,2628.696,2590.787,2604.96,2596.604,5316194200.0,55614493314.0,0.003149,1.0,0.321803,0.0,0.0,0.0,0.0,0.0,1.0,1.0,1.0,10.461335914703794,SH000300
2013-02-26,2587.375,2631.094,2564.672,2567.595,2604.96,8000306500.0,83373960556.0,0.004729,1.0,-1.434379,0.0,0.0,0.0,0.0,0.0,1.0,1.0,1.0,10.421345801688974,SH000300
2013-02-27,2576.046,2615.249,2569.38,2594.677,2567.595,6322674300.0,64612274221.0,0.003737,1.0,1.054763,0.0,0.0,0.0,0.0,0.0,1.0,1.0,1.0,10.219136896075764,SH000300
2013-02-28,2611.94,2673.711,2593.997,2673.327,2594.677,8692259500.0,92235377254.0,0.005138,1.0,3.031202,0.0,0.0,0.0,0.0,0.0,1.0,1.0,1.0,10.611208426761765,SH000300
2013-03-01,2671.842,2680.854,2626.995,2668.836,2673.327,7334375300.0,80342747703.0,0.004335,1.0,-0.167992,0.0,0.0,0.0,0.0,0.0,1.0,1.0,1.0,10.95427277944176,SH000300
2013-03-04,2619.42,2619.574,2528.694,2545.715,2668.836,11061910300.0,112585043728.0,0.006536,1.0,-4.613279,0.0,0.0,0.0,0.0,0.0,1.0,1.0,1.0,10.177721629870746,SH000300
2013-03-05,2547.893,2623.171,2541.766,2622.807,2545.715,8966115200.0,92357133815.0,0.005298,1.0,3.028296,0.0,0.0,0.0,0.0,0.0,1.0,1.0,1.0,10.300685609638386,SH000300
2013-03-06,2634.87,2658.139,2620.431,2650.202,2622.807,9582965200.0,95048891279.0,0.005661,1.0,1.044492,0.0,0.0,0.0,0.0,0.0,1.0,1.0,1.0,9.918526186341571,SH000300
2013-03-07,2639.783,2658.969,2592.867,2619.479,2650.202,9408266600.0,96498095994.0,0.005558,1.0,-1.159266,0.0,0.0,0.0,0.0,0.0,1.0,1.0,1.0,10.256734858470104,SH000300
2013-03-08,2622.684,2632.624,2601.961,2606.927,2619.479,5942955700.0,63054592405.0,0.003511,1.0,-0.479179,0.0,0.0,0.0,0.0,0.0,1.0,1.0,1.0,10.60997180325608,SH000300
2013-03-11,2600.278,2611.652,2574.172,2592.372,2606.927,5094643600.0,52460900851.0,0.003009,1.0,-0.558318,0.0,0.0,0.0,0.0,0.0,1.0,1.0,1.0,10.297266103363933,SH000300
2013-03-12,2590.391,2619.512,2530.251,2555.615,2592.372,7193514100.0,71675127580.0,0.004249,1.0,-1.417894,0.0,0.0,0.0,0.0,0.0,1.0,1.0,1.0,9.9638544643987,SH000300
2013-03-13,2551.726,2556.773,2515.058,2527.486,2555.615,5643046000.0,56003723639.0,0.003333,1.0,-1.100671,0.0,0.0,0.0,0.0,0.0,1.0,1.0,1.0,9.924378365691153,SH000300
2013-03-14,2517.745,2546.699,2514.463,2534.273,2527.486,4760575600.0,49929775447.0,0.002812,1.0,0.268522,0.0,0.0,0.0,0.0,0.0,1.0,1.0,1.0,10.488180346721098,SH000300
2013-03-15,2533.722,2600.091,2504.458,2539.873,2534.273,8137218500.0,82749877355.0,0.004805,1.0,0.220974,0.0,0.0,0.0,0.0,0.0,1.0,1.0,1.0,10.16930752873356,SH000300
2013-03-18,2526.077,2544.619,2499.828,2502.493,2539.873,5981277800.0,63093556699.0,0.003532,1.0,-1.471732,0.0,0.0,0.0,0.0,0.0,1.0,1.0,1.0,10.54850799590014,SH000300
2013-03-19,2507.396,2532.07,2491.854,2525.097,2502.493,5453647600.0,55601011985.0,0.003219,1.0,0.903259,0.0,0.0,0.0,0.0,0.0,1.0,1.0,1.0,10.19519706132094,SH000300
2013-03-20,2526.968,2610.174,2526.83,2610.174,2525.097,9070062200.0,91271022200.0,0.005354,1.0,3.369263,0.0,0.0,0.0,0.0,0.0,1.0,1.0,1.0,10.062888234658413,SH000300
2013-03-21,2611.58,2626.538,2598.509,2614.988,2610.174,6955275600.0,71642665537.0,0.004104,1.0,0.184431,0.0,0.0,0.0,0.0,0.0,1.0,1.0,1.0,10.300478321376653,SH000300
2013-03-22,2612.256,2625.531,2603.344,2618.308,2614.988,5564714100.0,55882142445.0,0.003283,1.0,0.126963,0.0,0.0,0.0,0.0,0.0,1.0,1.0,1.0,10.04223064128308,SH000300
2013-03-25,2628.407,2641.609,2607.613,2613.097,2618.308,5626140200.0,58004930851.0,0.00332,1.0,-0.199029,0.0,0.0,0.0,0.0,0.0,1.0,1.0,1.0,10.30989786763579,SH000300
2013-03-26,2601.964,2607.357,2554.974,2575.05,2613.097,6396296100.0,65306571624.0,0.003774,1.0,-1.456007,0.0,0.0,0.0,0.0,0.0,1.0,1.0,1.0,10.21006072936492,SH000300
2013-03-27,2575.726,2611.939,2566.345,2583.53,2575.05,5690651700.0,58652246310.0,0.003357,1.0,0.329313,0.0,0.0,0.0,0.0,0.0,1.0,1.0,1.0,10.306771421276759,SH000300
2013-03-28,2535.988,2535.988,2495.083,2499.302,2583.53,8757840500.0,84725899121.0,0.005167,1.0,-3.260191,0.0,0.0,0.0,0.0,0.0,1.0,1.0,1.0,9.6742911818273,SH000300
2013-03-29,2502.782,2509.109,2482.488,2495.083,2499.302,5240213700.0,52055540480.0,0.003091,1.0,-0.168807,0.0,0.0,0.0,0.0,0.0,1.0,1.0,1.0,9.93385832337334,SH000300
2013-04-01,2486.428,2507.825,2483.732,2493.187,2495.083,4734602200.0,47159820558.0,0.002783,1.0,-0.075989,0.0,0.0,0.0,0.0,0.0,1.0,1.0,1.0,9.960672209800435,SH000300
2013-04-02,2495.843,2524.463,2475.0,2486.391,2493.187,5568415200.0,55637391748.0,0.003273,1.0,-0.272579,0.0,0.0,0.0,0.0,0.0,1.0,1.0,1.0,9.991602592421629,SH000300
2013-04-03,2493.877,2507.143,2474.927,2483.547,2486.391,4556422100.0,45156719409.0,0.002678,1.0,-0.114382,0.0,0.0,0.0,0.0,0.0,1.0,1.0,1.0,9.910565443223533,SH000300
2013-04-08,2443.24,2473.309,2429.5,2472.299,2483.547,5329677200.0,55249297714.0,0.003132,1.0,-0.452902,0.0,0.0,0.0,0.0,0.0,1.0,1.0,1.0,10.366349713262185,SH000300
2013-04-09,2477.29,2505.294,2477.29,2489.43,2472.299,5238982400.0,54947035592.0,0.003079,1.0,0.692912,0.0,0.0,0.0,0.0,0.0,1.0,1.0,1.0,10.488112270046946,SH000300
2013-04-10,2487.984,2495.572,2466.19,2485.309,2489.43,4750491300.0,51963820632.0,0.002792,1.0,-0.165534,0.0,0.0,0.0,0.0,0.0,1.0,1.0,1.0,10.938620313229498,SH000300
2013-04-11,2502.5,2508.593,2476.396,2477.876,2485.309,4298995800.0,43039949368.0,0.002526,1.0,-0.299082,0.0,0.0,0.0,0.0,0.0,1.0,1.0,1.0,10.011628615222188,SH000300
2013-04-12,2476.322,2489.118,2460.182,2462.112,2477.876,3991727800.0,40428047827.0,0.002346,1.0,-0.636187,0.0,0.0,0.0,0.0,0.0,1.0,1.0,1.0,10.127957078385956,SH000300
2013-04-15,2453.967,2461.668,2430.149,2436.818,2462.112,4653973400.0,44084843341.0,0.002734,1.0,-1.027327,0.0,0.0,0.0,0.0,0.0,1.0,1.0,1.0,9.472517256114958,SH000300
2013-04-16,2419.508,2461.046,2416.617,2459.592,2436.818,5528061300.0,53783255198.0,0.003247,1.0,0.934576,0.0,0.0,0.0,0.0,0.0,1.0,1.0,1.0,9.729135094431749,SH000300
2013-04-17,2457.881,2465.202,2437.345,2458.473,2459.592,4469216400.0,46800831850.0,0.002625,1.0,-0.045501,0.0,0.0,0.0,0.0,0.0,1.0,1.0,1.0,10.471820485130234,SH000300
2013-04-18,2440.707,2478.413,2434.73,2464.851,2458.473,4286070700.0,46270137159.0,0.002518,1.0,0.259436,0.0,0.0,0.0,0.0,0.0,1.0,1.0,1.0,10.795467550033647,SH000300
2013-04-19,2469.951,2542.453,2469.323,2533.827,2464.851,7552087600.0,76723675264.0,0.004436,1.0,2.798377,0.0,0.0,0.0,0.0,0.0,1.0,1.0,1.0,10.159267122907844,SH000300
2013-04-22,2525.113,2539.046,2518.257,2530.67,2533.827,6251188300.0,63027024091.0,0.003672,1.0,-0.124593,0.0,0.0,0.0,0.0,0.0,1.0,1.0,1.0,10.082406906699642,SH000300
2013-04-23,2532.201,2532.201,2448.2,2449.471,2530.67,6065398200.0,61576157889.0,0.003562,1.0,-3.208596,0.0,0.0,0.0,0.0,0.0,1.0,1.0,1.0,10.152038804146445,SH000300
2013-04-24,2452.781,2511.202,2446.587,2495.579,2449.471,6305091600.0,62189421706.0,0.003703,1.0,1.882372,0.0,0.0,0.0,0.0,0.0,1.0,1.0,1.0,9.86336530083084,SH000300
2013-04-25,2486.857,2505.482,2456.566,2467.875,2495.579,6055792700.0,59891284466.0,0.003557,1.0,-1.110127,0.0,0.0,0.0,0.0,0.0,1.0,1.0,1.0,9.889916553121113,SH000300
2013-04-26,2477.724,2488.585,2439.796,2447.306,2467.875,4712337800.0,46351986661.0,0.002768,1.0,-0.833474,0.0,0.0,0.0,0.0,0.0,1.0,1.0,1.0,9.836303895913405,SH000300
2013-05-02,2434.603,2453.749,2423.077,2449.639,2447.306,4701608800.0,47200448204.0,0.002759,1.0,0.09533,0.0,0.0,0.0,0.0,0.0,1.0,1.0,1.0,10.039212153082579,SH000300
2013-05-03,2457.543,2521.119,2457.543,2492.912,2449.639,6233009100.0,63267042656.0,0.003657,1.0,1.766513,0.0,0.0,0.0,0.0,0.0,1.0,1.0,1.0,10.150320918992401,SH000300
2013-05-06,2502.978,2533.855,2500.455,2525.983,2492.912,6041878000.0,61767951099.0,0.003544,1.0,1.326593,0.0,0.0,0.0,0.0,0.0,1.0,1.0,1.0,10.22330326746088,SH000300
2013-05-07,2519.364,2539.298,2507.756,2529.938,2525.983,5449064300.0,59244949469.0,0.003196,1.0,0.156576,0.0,0.0,0.0,0.0,0.0,1.0,1.0,1.0,10.872499608602526,SH000300
2013-05-08,2542.266,2562.007,2531.251,2542.798,2529.938,5955429400.0,60309148841.0,0.003493,1.0,0.508317,0.0,0.0,0.0,0.0,0.0,1.0,1.0,1.0,10.126750699286267,SH000300
2013-05-09,2542.374,2543.305,2507.792,2527.794,2542.798,6024014500.0,64438292561.0,0.003533,1.0,-0.590065,0.0,0.0,0.0,0.0,0.0,1.0,1.0,1.0,10.696901968114453,SH000300
2013-05-10,2519.517,2546.975,2515.158,2540.836,2527.794,4881672800.0,50896689221.0,0.002862,1.0,0.515944,0.0,0.0,0.0,0.0,0.0,1.0,1.0,1.0,10.42607550858386,SH000300
2013-05-13,2542.412,2547.602,2516.728,2530.768,2540.836,5409214700.0,55155093224.0,0.003171,1.0,-0.396242,0.0,0.0,0.0,0.0,0.0,1.0,1.0,1.0,10.196506569428646,SH000300
2013-05-14,2525.998,2526.145,2479.872,2493.338,2530.768,5488006400.0,56144573527.0,0.003218,1.0,-1.479005,0.0,0.0,0.0,0.0,0.0,1.0,1.0,1.0,10.230413274846034,SH000300
2013-05-15,2493.968,2507.43,2491.927,2506.925,2493.338,4418966000.0,47578585624.0,0.00259,1.0,0.544938,0.0,0.0,0.0,0.0,0.0,1.0,1.0,1.0,10.766904661407215,SH000300
2013-05-16,2501.117,2553.058,2487.763,2552.709,2506.925,7079618200.0,76830436307.0,0.004149,1.0,1.826299,0.0,0.0,0.0,0.0,0.0,1.0,1.0,1.0,10.85234176992765,SH000300
2013-05-17,2550.452,2598.706,2547.776,2592.048,2552.709,8185080100.0,83599367908.0,0.004797,1.0,1.541073,0.0,0.0,0.0,0.0,0.0,1.0,1.0,1.0,10.21362856400147,SH000300
2013-05-20,2597.151,2627.616,2590.053,2609.607,2592.048,8633780300.0,94059415836.0,0.005056,1.0,0.677412,0.0,0.0,0.0,0.0,0.0,1.0,1.0,1.0,10.89434900677285,SH000300
2013-05-21,2607.393,2617.4,2594.249,2614.853,2609.607,7150599400.0,75837813846.0,0.004187,1.0,0.20103,0.0,0.0,0.0,0.0,0.0,1.0,1.0,1.0,10.605798144138797,SH000300
2013-05-22,2613.411,2630.068,2603.75,2618.034,2614.853,7419181700.0,78224126421.0,0.004335,1.0,0.121648,0.0,0.0,0.0,0.0,0.0,1.0,1.0,1.0,10.543497865943895,SH000300
2013-05-23,2604.93,2624.076,2579.347,2582.849,2618.034,8482537000.0,81359908175.0,0.004958,1.0,-1.34394,0.0,0.0,0.0,0.0,0.0,1.0,1.0,1.0,9.591459273917698,SH000300
2013-05-24,2591.419,2608.35,2572.884,2597.228,2582.849,6073966900.0,62831235051.0,0.00355,1.0,0.556707,0.0,0.0,0.0,0.0,0.0,1.0,1.0,1.0,10.344349267198016,SH000300
2013-05-27,2593.522,2611.972,2589.739,2599.587,2597.228,6419508000.0,66701652802.0,0.003751,1.0,0.090823,0.0,0.0,0.0,0.0,0.0,1.0,1.0,1.0,10.39046182386563,SH000300
2013-05-28,2600.632,2644.359,2585.901,2644.359,2599.587,8419611200.0,86756736777.0,0.004915,1.0,1.722273,0.0,0.0,0.0,0.0,0.0,1.0,1.0,1.0,10.304126249558887,SH000300
2013-05-29,2648.927,2661.229,2640.881,2642.561,2644.359,7927770900.0,81953853231.0,0.004627,1.0,-0.067988,0.0,0.0,0.0,0.0,0.0,1.0,1.0,1.0,10.33756578800732,SH000300
2013-05-30,2633.955,2647.443,2623.581,2634.323,2642.561,7014636800.0,71045065872.0,0.004094,1.0,-0.311744,0.0,0.0,0.0,0.0,0.0,1.0,1.0,1.0,10.128117520211452,SH000300
2013-05-31,2638.71,2645.565,2604.746,2606.426,2634.323,6252853300.0,65904433688.0,0.003648,1.0,-1.058981,0.0,0.0,0.0,0.0,0.0,1.0,1.0,1.0,10.539897631693998,SH000300
2013-06-03,2605.969,2625.936,2596.051,2602.623,2606.426,5977446800.0,63008705172.0,0.003487,1.0,-0.145908,0.0,0.0,0.0,0.0,0.0,1.0,1.0,1.0,10.541073351250905,SH000300
2013-06-04,2600.499,2600.499,2556.056,2565.666,2602.623,6631575000.0,63139420045.0,0.003868,1.0,-1.419992,0.0,0.0,0.0,0.0,0.0,1.0,1.0,1.0,9.521029324858725,SH000300
2013-06-05,2565.329,2570.027,2545.19,2560.539,2565.666,4563719300.0,47367057838.0,0.002662,1.0,-0.199829,0.0,0.0,0.0,0.0,0.0,1.0,1.0,1.0,10.379047159627017,SH000300
2013-06-06,2552.817,2557.678,2525.306,2527.845,2560.539,5249652900.0,54448113429.0,0.003061,1.0,-1.276844,0.0,0.0,0.0,0.0,0.0,1.0,1.0,1.0,10.37175494574127,SH000300
2013-06-07,2526.913,2538.891,2475.687,2484.16,2527.845,6103089400.0,61366173745.0,0.00355,1.0,-1.728154,0.0,0.0,0.0,0.0,0.0,1.0,1.0,1.0,10.054936069755097,SH000300
2013-06-13,2448.717,2448.717,2375.204,2399.937,2484.16,6973006600.0,64081598112.0,0.004056,1.0,-3.390398,0.0,0.0,0.0,0.0,0.0,1.0,1.0,1.0,9.189952310098201,SH000300
2013-06-14,2404.423,2420.356,2396.487,2416.771,2399.937,5596453400.0,53686779328.0,0.003255,1.0,0.701434,0.0,0.0,0.0,0.0,0.0,1.0,1.0,1.0,9.593000332674976,SH000300
2013-06-17,2422.762,2427.532,2394.385,2403.839,2416.771,5039571100.0,51983757469.0,0.002931,1.0,-0.535089,0.0,0.0,0.0,0.0,0.0,1.0,1.0,1.0,10.315115401189598,SH000300
2013-06-18,2413.088,2424.202,2393.321,2418.745,2403.839,4863037900.0,48792090467.0,0.002828,1.0,0.620092,0.0,0.0,0.0,0.0,0.0,1.0,1.0,1.0,10.033253178429886,SH000300
2013-06-19,2408.28,2408.28,2366.346,2400.765,2418.745,5434626000.0,52979991053.0,0.003119,1.0,-0.74337,0.0,0.0,0.0,0.0,0.0,1.0,1.0,1.0,9.748599269388547,SH000300
2013-06-20,2386.104,2386.104,2320.226,2321.466,2400.765,5520102000.0,52171735063.0,0.003164,1.0,-3.303065,0.0,0.0,0.0,0.0,0.0,1.0,1.0,1.0,9.451226637297644,SH000300
2013-06-21,2283.151,2332.842,2269.565,2317.394,2321.466,5870579800.0,53486132980.0,0.003365,1.0,-0.175407,0.0,0.0,0.0,0.0,0.0,1.0,1.0,1.0,9.110877426451133,SH000300
2013-06-24,2308.069,2308.069,2164.325,2171.21,2317.394,8659725900.0,73731930536.0,0.004961,1.0,-6.308124,0.0,0.0,0.0,0.0,0.0,1.0,1.0,1.0,8.514349228536206,SH000300
2013-06-25,2146.053,2169.211,2023.171,2165.421,2171.21,10755488200.0,87090393952.0,0.006161,1.0,-0.266628,0.0,0.0,0.0,0.0,0.0,1.0,1.0,1.0,8.097298080062977,SH000300
2013-06-26,2170.326,2181.021,2131.86,2168.297,2165.421,7925642600.0,67298430249.0,0.00454,1.0,0.132825,0.0,0.0,0.0,0.0,0.0,1.0,1.0,1.0,8.491226976220199,SH000300
2013-06-27,2172.848,2200.213,2153.175,2160.735,2168.297,7540675300.0,62927082416.0,0.00432,1.0,-0.348753,0.0,0.0,0.0,0.0,0.0,1.0,1.0,1.0,8.345019499248297,SH000300
2013-06-28,2149.03,2227.461,2139.372,2200.639,2160.735,7945132700.0,64106048718.0,0.004551,1.0,1.84677,0.0,0.0,0.0,0.0,0.0,1.0,1.0,1.0,8.068593834562385,SH000300
2013-07-01,2187.092,2213.965,2166.353,2213.317,2200.639,5772622700.0,51874735216.0,0.003322,1.0,0.576105,0.0,0.0,0.0,0.0,0.0,1.0,1.0,1.0,8.98633739149451,SH000300
2013-07-02,2211.803,2226.113,2191.801,2221.984,2213.317,6183885000.0,59632902046.0,0.003558,1.0,0.391584,0.0,0.0,0.0,0.0,0.0,1.0,1.0,1.0,9.64327474492168,SH000300
2013-07-03,2211.044,2211.044,2169.137,2203.828,2221.984,6583602200.0,59536760190.0,0.003775,1.0,-0.817108,0.0,0.0,0.0,0.0,0.0,1.0,1.0,1.0,9.043189181448417,SH000300
2013-07-04,2187.181,2245.908,2176.08,2221.979,2203.828,7258114500.0,67189379203.0,0.00416,1.0,0.823618,0.0,0.0,0.0,0.0,0.0,1.0,1.0,1.0,9.257139606023024,SH000300
2013-07-05,2227.35,2252.033,2225.047,2226.849,2221.979,6182177500.0,58424400611.0,0.003543,1.0,0.219179,0.0,0.0,0.0,0.0,0.0,1.0,1.0,1.0,9.450456673397035,SH000300
2013-07-08,2194.423,2205.214,2162.189,2163.619,2226.849,5478249300.0,49288252039.0,0.003138,1.0,-2.839448,0.0,0.0,0.0,0.0,0.0,1.0,1.0,1.0,8.997080881112877,SH000300
2013-07-09,2160.699,2174.786,2149.787,2162.669,2163.619,4149443300.0,37246189870.0,0.002377,1.0,-0.043906,0.0,0.0,0.0,0.0,0.0,1.0,1.0,1.0,8.976189618014542,SH000300
2013-07-10,2163.098,2224.135,2157.468,2224.065,2162.669,6114978100.0,54373757823.0,0.0035,1.0,2.838899,0.0,0.0,0.0,0.0,0.0,1.0,1.0,1.0,8.89189739256793,SH000300
2013-07-11,2232.157,2351.223,2232.157,2326.688,2224.065,12579319200.0,111329812773.0,0.0072,1.0,4.614211,0.0,0.0,0.0,0.0,0.0,1.0,1.0,1.0,8.850225596707968,SH000300
2013-07-12,2319.023,2331.986,2274.073,2275.373,2326.688,8973308200.0,82064555657.0,0.005136,1.0,-2.205493,0.0,0.0,0.0,0.0,0.0,1.0,1.0,1.0,9.145407003517388,SH000300
2013-07-15,2289.762,2336.04,2274.673,2307.297,2275.373,7475788400.0,71796189674.0,0.004279,1.0,1.403026,0.0,0.0,0.0,0.0,0.0,1.0,1.0,1.0,9.60382849707196,SH000300
2013-07-16,2300.83,2317.848,2281.942,2317.848,2307.297,6562415700.0,62085631916.0,0.003272,1.0,0.457279,0.0,0.0,0.0,0.0,0.0,1.0,1.0,1.0,9.46078925112897,SH000300
2013-07-17,2311.443,2326.925,2281.609,2282.836,2317.848,6765524800.0,63229061677.0,0.003372,1.0,-1.510538,0.0,0.0,0.0,0.0,0.0,1.0,1.0,1.0,9.345773394696595,SH000300
2013-07-18,2272.947,2282.435,2241.93,2245.328,2282.836,5714429200.0,51937235147.0,0.002848,1.0,-1.643046,0.0,0.0,0.0,0.0,0.0,1.0,1.0,1.0,9.088787931260047,SH000300
2013-07-19,2248.133,2257.916,2188.752,2190.478,2245.328,7053528200.0,66179072656.0,0.003515,1.0,-2.442844,0.0,0.0,0.0,0.0,0.0,1.0,1.0,1.0,9.382407042194854,SH000300
2013-07-22,2170.089,2203.058,2159.813,2202.189,2190.478,5328349500.0,48872947253.0,0.002656,1.0,0.534629,0.0,0.0,0.0,0.0,0.0,1.0,1.0,1.0,9.172248789798791,SH000300
2013-07-23,2211.587,2276.742,2206.756,2265.845,2202.189,7480973100.0,69255423111.0,0.003729,1.0,2.890579,0.0,0.0,0.0,0.0,0.0,1.0,1.0,1.0,9.257542058398792,SH000300
2013-07-24,2253.376,2265.578,2217.192,2249.151,2265.845,6959230700.0,69279825849.0,0.003466,1.0,-0.736771,0.0,0.0,0.0,0.0,0.0,1.0,1.0,1.0,9.955098319847336,SH000300
2013-07-25,2255.223,2268.839,2227.853,2237.683,2249.151,6577431600.0,60558362762.0,0.003275,1.0,-0.509871,0.0,0.0,0.0,0.0,0.0,1.0,1.0,1.0,9.20699240141091,SH000300
2013-07-26,2226.429,2238.42,2209.806,2224.008,2237.683,4894109800.0,45636069902.0,0.002437,1.0,-0.611125,0.0,0.0,0.0,0.0,0.0,1.0,1.0,1.0,9.324692695288528,SH000300
2013-07-29,2205.083,2205.083,2169.017,2175.97,2224.008,5460092500.0,49624613440.0,0.002719,1.0,-2.159978,0.0,0.0,0.0,0.0,0.0,1.0,1.0,1.0,9.088603066706288,SH000300
2013-07-30,2184.007,2221.589,2162.979,2189.388,2175.97,5519362300.0,50907227289.0,0.002748,1.0,0.616643,0.0,0.0,0.0,0.0,0.0,1.0,1.0,1.0,9.223389319632089,SH000300
2013-07-31,2211.75,2235.384,2187.21,2193.021,2189.388,4832705500.0,46723493389.0,0.002406,1.0,0.165939,0.0,0.0,0.0,0.0,0.0,1.0,1.0,1.0,9.668185530651517,SH000300
2013-08-01,2206.004,2245.56,2200.626,2245.364,2193.021,6260399700.0,58944765673.0,0.003117,1.0,2.3868,0.0,0.0,0.0,0.0,0.0,1.0,1.0,1.0,9.415495574987009,SH000300
2013-08-02,2263.495,2274.71,2244.252,2247.263,2245.364,6089089300.0,58459999450.0,0.003032,1.0,0.084571,0.0,0.0,0.0,0.0,0.0,1.0,1.0,1.0,9.60077879790661,SH000300
2013-08-05,2249.976,2278.329,2243.22,2278.329,2247.263,5534215100.0,53623068581.0,0.002754,1.0,1.3824,0.0,0.0,0.0,0.0,0.0,1.0,1.0,1.0,9.689371954660743,SH000300
2013-08-06,2270.672,2302.484,2256.715,2293.641,2278.329,7374689500.0,68993574807.0,0.003669,1.0,0.672072,0.0,0.0,0.0,0.0,0.0,1.0,1.0,1.0,9.355454871286446,SH000300
2013-08-07,2292.379,2313.879,2276.862,2280.623,2293.641,7304869500.0,69560482114.0,0.003634,1.0,-0.567572,0.0,0.0,0.0,0.0,0.0,1.0,1.0,1.0,9.522481149594801,SH000300
2013-08-08,2277.253,2297.628,2267.073,2276.782,2280.623,5309843000.0,52710276666.0,0.002642,1.0,-0.168422,0.0,0.0,0.0,0.0,0.0,1.0,1.0,1.0,9.92689928233283,SH000300
2013-08-09,2288.51,2301.59,2258.334,2286.01,2276.782,6460001700.0,62663979060.0,0.003213,1.0,0.40531,0.0,0.0,0.0,0.0,0.0,1.0,1.0,1.0,9.700303803325625,SH000300
2013-08-12,2296.22,2352.89,2293.176,2352.794,2286.01,9786321600.0,94038910336.0,0.004868,1.0,2.921419,0.0,0.0,0.0,0.0,0.0,1.0,1.0,1.0,9.609219293999086,SH000300
2013-08-13,2352.883,2360.827,2340.733,2359.068,2352.794,7839363600.0,71178520240.0,0.003891,1.0,0.266669,0.0,0.0,0.0,0.0,0.0,1.0,1.0,1.0,9.079629912815882,SH000300
2013-08-14,2362.619,2386.599,2340.833,2349.08,2359.068,7594212800.0,71338219589.0,0.003769,1.0,-0.423389,0.0,0.0,0.0,0.0,0.0,1.0,1.0,1.0,9.393760942411305,SH000300
2013-08-15,2348.839,2362.089,2319.784,2321.576,2349.08,6195185300.0,59411203587.0,0.003073,1.0,-1.170848,0.0,0.0,0.0,0.0,0.0,1.0,1.0,1.0,9.589899367013283,SH000300
2013-08-16,2314.261,2423.081,2295.023,2304.144,2321.576,12036956300.0,104026773370.0,0.005971,1.0,-0.750864,0.0,0.0,0.0,0.0,0.0,1.0,1.0,1.0,8.642282216310779,SH000300
2013-08-19,2286.203,2340.194,2284.077,2331.43,2304.144,7248322400.0,67064925390.0,0.003558,1.0,1.184209,0.0,0.0,0.0,0.0,0.0,1.0,1.0,1.0,9.252475495571224,SH000300
2013-08-20,2325.862,2353.409,2303.666,2312.465,2331.43,7308634500.0,67589707172.0,0.003587,1.0,-0.813443,0.0,0.0,0.0,0.0,0.0,1.0,1.0,1.0,9.247925473903504,SH000300
2013-08-21,2320.584,2321.642,2291.053,2308.589,2312.465,5500738400.0,50886495497.0,0.0027,1.0,-0.167612,0.0,0.0,0.0,0.0,0.0,1.0,1.0,1.0,9.250848121953954,SH000300
2013-08-22,2302.668,2329.143,2297.016,2303.932,2308.589,5533810400.0,51686310590.0,0.002716,1.0,-0.201735,0.0,0.0,0.0,0.0,0.0,1.0,1.0,1.0,9.340094230550436,SH000300
2013-08-23,2314.866,2321.037,2251.92,2286.929,2303.932,6896713300.0,65459845296.0,0.003385,1.0,-0.737996,0.0,0.0,0.0,0.0,0.0,1.0,1.0,1.0,9.491455197361908,SH000300
2013-08-26,2294.759,2336.381,2288.496,2335.616,2286.929,7037104300.0,66541009856.0,0.003454,1.0,2.128925,0.0,0.0,0.0,0.0,0.0,1.0,1.0,1.0,9.455737334460142,SH000300
2013-08-27,2332.8,2345.105,2322.461,2340.881,2335.616,6599033300.0,62575377643.0,0.003239,1.0,0.225428,0.0,0.0,0.0,0.0,0.0,1.0,1.0,1.0,9.482506724583432,SH000300
2013-08-28,2326.096,2345.358,2307.043,2328.056,2340.881,8925617400.0,80965562365.0,0.004381,1.0,-0.547879,0.0,0.0,0.0,0.0,0.0,1.0,1.0,1.0,9.07114418381859,SH000300
2013-08-29,2338.564,2342.32,2308.145,2318.311,2328.056,6608541500.0,59719882399.0,0.003244,1.0,-0.418584,0.0,0.0,0.0,0.0,0.0,1.0,1.0,1.0,9.036771941131034,SH000300
2013-08-30,2315.913,2334.413,2303.609,2313.91,2318.311,8765451500.0,76695994654.0,0.004302,1.0,-0.189842,0.0,0.0,0.0,0.0,0.0,1.0,1.0,1.0,8.749805375570215,SH000300
2013-09-02,2319.957,2329.867,2297.449,2320.344,2313.91,7951024900.0,73575869316.0,0.003902,1.0,0.278061,0.0,0.0,0.0,0.0,0.0,1.0,1.0,1.0,9.253633366938645,SH000300
2013-09-03,2326.231,2354.856,2321.304,2354.502,2320.344,8055400500.0,72663978650.0,0.003953,1.0,1.472108,0.0,0.0,0.0,0.0,0.0,1.0,1.0,1.0,9.02052959998699,SH000300
2013-09-04,2352.537,2360.663,2345.437,2350.699,2354.502,7872576300.0,68509013842.0,0.003864,1.0,-0.16152,0.0,0.0,0.0,0.0,0.0,1.0,1.0,1.0,8.702235612756144,SH000300
2013-09-05,2350.927,2351.218,2336.754,2341.735,2350.699,6295138300.0,59606065186.0,0.003085,1.0,-0.381328,0.0,0.0,0.0,0.0,0.0,1.0,1.0,1.0,9.468587081875548,SH000300
2013-09-06,2336.767,2361.178,2335.932,2357.782,2341.735,7334011600.0,63916893626.0,0.003589,1.0,0.685256,0.0,0.0,0.0,0.0,0.0,1.0,1.0,1.0,8.715133969245427,SH000300
2013-09-09,2374.26,2449.249,2372.686,2440.609,2357.782,14988964000.0,127299546171.0,0.007336,1.0,3.512916,0.0,0.0,0.0,0.0,0.0,1.0,1.0,1.0,8.492884909924395,SH000300
2013-09-10,2446.454,2475.195,2435.826,2474.894,2440.609,15485599200.0,130648129418.0,0.007579,1.0,1.404779,0.0,0.0,0.0,0.0,0.0,1.0,1.0,1.0,8.436750023725269,SH000300
2013-09-11,2483.791,2504.469,2471.624,2482.889,2474.894,16691497400.0,142830288492.0,0.008169,1.0,0.323039,0.0,0.0,0.0,0.0,0.0,1.0,1.0,1.0,8.55706861219054,SH000300
2013-09-12,2480.468,2527.383,2469.718,2507.455,2482.889,14517317500.0,126115528291.0,0.007105,1.0,0.989418,0.0,0.0,0.0,0.0,0.0,1.0,1.0,1.0,8.687247371354935,SH000300
2013-09-13,2502.54,2515.781,2481.454,2488.902,2507.455,11077504900.0,98275004927.0,0.005421,1.0,-0.739913,0.0,0.0,0.0,0.0,0.0,1.0,1.0,1.0,8.871583069848157,SH000300
2013-09-16,2501.077,2503.694,2467.129,2478.39,2488.902,10538328200.0,97043842349.0,0.005157,1.0,-0.422363,0.0,0.0,0.0,0.0,0.0,1.0,1.0,1.0,9.20865629796954,SH000300
2013-09-17,2480.81,2481.71,2426.462,2427.322,2478.39,9945998200.0,93115107921.0,0.004867,1.0,-2.060526,0.0,0.0,0.0,0.0,0.0,1.0,1.0,1.0,9.362067642541902,SH000300
2013-09-18,2426.04,2439.626,2407.243,2432.51,2427.322,7104075900.0,69341324599.0,0.00348,1.0,0.213733,0.0,0.0,0.0,0.0,0.0,1.0,1.0,1.0,9.76078037102616,SH000300
2013-09-23,2441.516,2473.163,2439.993,2472.288,2432.51,8012835200.0,80920687856.0,0.003925,1.0,1.635269,0.0,0.0,0.0,0.0,0.0,1.0,1.0,1.0,10.098883333579606,SH000300
2013-09-24,2470.715,2470.746,2420.085,2443.885,2472.288,9785301300.0,96769831421.0,0.004793,1.0,-1.148858,0.0,0.0,0.0,0.0,0.0,1.0,1.0,1.0,9.889305239992968,SH000300
2013-09-25,2440.835,2455.037,2423.276,2429.03,2443.885,9051841800.0,89119216662.0,0.004434,1.0,-0.607843,0.0,0.0,0.0,0.0,0.0,1.0,1.0,1.0,9.845423575785427,SH000300
2013-09-26,2422.631,2422.631,2382.535,2384.443,2429.03,8623677000.0,84183923178.0,0.004224,1.0,-1.835585,0.0,0.0,0.0,0.0,0.0,1.0,1.0,1.0,9.761952259807504,SH000300
2013-09-27,2382.218,2402.196,2379.856,2394.971,2384.443,6597150800.0,66383990191.0,0.003232,1.0,0.441522,0.0,0.0,0.0,0.0,0.0,1.0,1.0,1.0,10.06252429321458,SH000300
2013-09-30,2406.205,2415.075,2397.22,2409.037,2394.971,5951399200.0,60990141884.0,0.002899,1.0,0.587321,0.0,0.0,0.0,0.0,0.0,1.0,1.0,1.0,10.248034089865792,SH000300
2013-10-08,2406.415,2446.703,2392.572,2441.811,2409.037,8478550600.0,84229908920.0,0.00413,1.0,1.360458,0.0,0.0,0.0,0.0,0.0,1.0,1.0,1.0,9.934470276087048,SH000300
2013-10-09,2432.94,2453.746,2424.769,2453.583,2441.811,7627764500.0,76128340887.0,0.003711,1.0,0.4821,0.0,0.0,0.0,0.0,0.0,1.0,1.0,1.0,9.980426229336262,SH000300
2013-10-10,2455.64,2455.979,2422.017,2429.317,2453.583,9032970600.0,89468020274.0,0.004394,1.0,-0.989007,0.0,0.0,0.0,0.0,0.0,1.0,1.0,1.0,9.904606605716175,SH000300
2013-10-11,2442.364,2471.165,2439.634,2468.508,2429.317,9338826100.0,91811541654.0,0.004543,1.0,1.613259,0.0,0.0,0.0,0.0,0.0,1.0,1.0,1.0,9.831165145477973,SH000300
2013-10-14,2472.267,2483.131,2462.551,2472.542,2468.508,10008130100.0,99109155920.0,0.004868,1.0,0.163416,0.0,0.0,0.0,0.0,0.0,1.0,1.0,1.0,9.902864464161992,SH000300
2013-10-15,2475.324,2479.134,2449.416,2467.517,2472.542,8917349600.0,86100822006.0,0.004337,1.0,-0.203228,0.0,0.0,0.0,0.0,0.0,1.0,1.0,1.0,9.65542743843978,SH000300
2013-10-16,2459.077,2459.077,2409.718,2421.371,2467.517,8897983400.0,83150844984.0,0.004328,1.0,-1.870139,0.0,0.0,0.0,0.0,0.0,1.0,1.0,1.0,9.344908980612393,SH000300
2013-10-17,2432.645,2440.919,2407.777,2413.33,2421.371,7122247400.0,67722892391.0,0.003464,1.0,-0.332085,0.0,0.0,0.0,0.0,0.0,1.0,1.0,1.0,9.508640824664417,SH000300
2013-10-18,2415.118,2435.712,2410.599,2426.054,2413.33,6029163000.0,59138754367.0,0.002932,1.0,0.527233,0.0,0.0,0.0,0.0,0.0,1.0,1.0,1.0,9.808783469115033,SH000300
2013-10-21,2431.915,2472.785,2423.562,2471.322,2426.054,8490979500.0,82223144817.0,0.00413,1.0,1.865913,0.0,0.0,0.0,0.0,0.0,1.0,1.0,1.0,9.68358772000333,SH000300
2013-10-22,2470.255,2470.255,2439.859,2445.891,2471.322,9070302900.0,83412053857.0,0.004412,1.0,-1.029041,0.0,0.0,0.0,0.0,0.0,1.0,1.0,1.0,9.196170709690412,SH000300
2013-10-23,2451.556,2474.372,2412.483,2418.491,2445.891,9154535500.0,83286778556.0,0.004452,1.0,-1.120252,0.0,0.0,0.0,0.0,0.0,1.0,1.0,1.0,9.09787050975989,SH000300
2013-10-24,2412.235,2422.943,2395.474,2400.511,2418.491,6456082100.0,60427235951.0,0.00314,1.0,-0.743438,0.0,0.0,0.0,0.0,0.0,1.0,1.0,1.0,9.359737843327611,SH000300
2013-10-25,2400.517,2413.332,2353.993,2368.559,2400.511,7707018200.0,70778094834.0,0.003748,1.0,-1.331046,0.0,0.0,0.0,0.0,0.0,1.0,1.0,1.0,9.183589943254578,SH000300
2013-10-28,2372.571,2377.249,2351.862,2365.954,2368.559,6287615200.0,56602098405.0,0.003055,1.0,-0.109982,0.0,0.0,0.0,0.0,0.0,1.0,1.0,1.0,9.002156875789726,SH000300
2013-10-29,2369.216,2408.616,2327.904,2372.053,2365.954,10673783300.0,91741559592.0,0.005187,1.0,0.257777,0.0,0.0,0.0,0.0,0.0,1.0,1.0,1.0,8.595036737536164,SH000300
2013-10-30,2371.853,2407.851,2365.506,2407.471,2372.053,9217812600.0,75735067216.0,0.004479,1.0,1.493136,0.0,0.0,0.0,0.0,0.0,1.0,1.0,1.0,8.216164778181756,SH000300
2013-10-31,2398.395,2398.395,2370.226,2373.718,2407.471,8273696400.0,70393879838.0,0.00402,1.0,-1.402008,0.0,0.0,0.0,0.0,0.0,1.0,1.0,1.0,8.508153603267338,SH000300
2013-11-01,2373.962,2395.005,2365.146,2384.96,2373.718,6305576200.0,57820026665.0,0.003064,1.0,0.473601,0.0,0.0,0.0,0.0,0.0,1.0,1.0,1.0,9.169665837199778,SH000300
2013-11-04,2397.21,2404.896,2376.355,2380.454,2384.96,5179846100.0,48959462043.0,0.002517,1.0,-0.188928,0.0,0.0,0.0,0.0,0.0,1.0,1.0,1.0,9.451914419426476,SH000300
2013-11-05,2366.884,2385.688,2343.801,2383.769,2380.454,6208448800.0,56935549943.0,0.003017,1.0,0.139257,0.0,0.0,0.0,0.0,0.0,1.0,1.0,1.0,9.170656274559274,SH000300
2013-11-06,2371.324,2383.54,2352.787,2353.568,2383.769,6377666300.0,59536872794.0,0.003099,1.0,-1.26694,0.0,0.0,0.0,0.0,0.0,1.0,1.0,1.0,9.335212912284232,SH000300
2013-11-07,2351.871,2356.672,2328.253,2340.552,2353.568,5482174700.0,50942569626.0,0.002663,1.0,-0.553037,0.0,0.0,0.0,0.0,0.0,1.0,1.0,1.0,9.292401722622959,SH000300
2013-11-08,2329.084,2342.672,2306.041,2307.945,2340.552,5378850800.0,48564999878.0,0.002612,1.0,-1.39313,0.0,0.0,0.0,0.0,0.0,1.0,1.0,1.0,9.028880272715503,SH000300
2013-11-11,2305.94,2325.228,2295.003,2315.889,2307.945,4573945700.0,42566548184.0,0.002221,1.0,0.344196,0.0,0.0,0.0,0.0,0.0,1.0,1.0,1.0,9.306308158402492,SH000300
2013-11-12,2319.362,2342.529,2316.603,2340.0,2315.889,5268754500.0,49854763423.0,0.002558,1.0,1.041116,0.0,0.0,0.0,0.0,0.0,1.0,1.0,1.0,9.462343220394876,SH000300
2013-11-13,2325.36,2325.563,2287.547,2288.116,2340.0,5984883100.0,53183050105.0,0.002905,1.0,-2.217266,0.0,0.0,0.0,0.0,0.0,1.0,1.0,1.0,8.88623039353935,SH000300
2013-11-14,2291.269,2305.696,2279.006,2304.501,2288.116,5731035600.0,51945077793.0,0.002782,1.0,0.716092,0.0,0.0,0.0,0.0,0.0,1.0,1.0,1.0,9.063820471294926,SH000300
2013-11-15,2306.549,2377.211,2306.549,2350.734,2304.501,8639177100.0,83147858433.0,0.004192,1.0,2.006201,0.0,0.0,0.0,0.0,0.0,1.0,1.0,1.0,9.624511393915052,SH000300
2013-11-18,2367.883,2429.566,2361.038,2428.903,2350.734,11003463300.0,108549512988.0,0.005339,1.0,3.32531,0.0,0.0,0.0,0.0,0.0,1.0,1.0,1.0,9.865031584010463,SH000300
2013-11-19,2427.928,2427.928,2405.076,2412.163,2428.903,7864829600.0,79884936328.0,0.003816,1.0,-0.6892,0.0,0.0,0.0,0.0,0.0,1.0,1.0,1.0,10.157236760476032,SH000300
2013-11-20,2428.767,2435.427,2406.417,2424.85,2412.163,7229180100.0,67741428196.0,0.003508,1.0,0.52596,0.0,0.0,0.0,0.0,0.0,1.0,1.0,1.0,9.370554787533928,SH000300
2013-11-21,2412.451,2415.383,2382.878,2409.989,2424.85,8770667700.0,82220527035.0,0.004256,1.0,-0.612866,0.0,0.0,0.0,0.0,0.0,1.0,1.0,1.0,9.374488904077394,SH000300
2013-11-22,2415.29,2418.999,2393.581,2397.962,2409.989,7500067500.0,70052206585.0,0.00364,1.0,-0.499052,0.0,0.0,0.0,0.0,0.0,1.0,1.0,1.0,9.340210149441988,SH000300
2013-11-25,2385.784,2418.853,2380.689,2388.629,2397.962,6614473400.0,63811265014.0,0.003209,1.0,-0.389206,0.0,0.0,0.0,0.0,0.0,1.0,1.0,1.0,9.647217723182619,SH000300
2013-11-26,2387.826,2399.022,2380.412,2387.416,2388.629,5918586400.0,53334204356.0,0.002872,1.0,-0.050778,0.0,0.0,0.0,0.0,0.0,1.0,1.0,1.0,9.011307895412324,SH000300
2013-11-27,2386.362,2422.806,2383.78,2414.481,2387.416,7529408800.0,70744775407.0,0.003653,1.0,1.13365,0.0,0.0,0.0,0.0,0.0,1.0,1.0,1.0,9.395794183336147,SH000300
2013-11-28,2419.15,2460.556,2417.235,2439.53,2414.481,9066040600.0,86852445384.0,0.004399,1.0,1.037452,0.0,0.0,0.0,0.0,0.0,1.0,1.0,1.0,9.579975340503108,SH000300
2013-11-29,2442.676,2446.395,2432.387,2438.944,2439.53,6180374600.0,61907374173.0,0.002999,1.0,-0.024018,0.0,0.0,0.0,0.0,0.0,1.0,1.0,1.0,10.016767296435397,SH000300
2013-12-02,2423.969,2464.863,2397.007,2418.788,2438.944,11965512300.0,112921841120.0,0.005805,1.0,-0.826423,0.0,0.0,0.0,0.0,0.0,1.0,1.0,1.0,9.437275921733832,SH000300
2013-12-03,2410.693,2448.333,2406.663,2442.784,2418.788,7445575200.0,72045234174.0,0.003612,1.0,0.992061,0.0,0.0,0.0,0.0,0.0,1.0,1.0,1.0,9.676248273471202,SH000300
2013-12-04,2439.824,2486.64,2434.694,2475.135,2442.784,10265023500.0,94783931336.0,0.004979,1.0,1.324353,0.0,0.0,0.0,0.0,0.0,1.0,1.0,1.0,9.233678942478797,SH000300
2013-12-05,2476.453,2481.747,2460.576,2468.197,2475.135,7770893200.0,72999931131.0,0.00377,1.0,-0.280307,0.0,0.0,0.0,0.0,0.0,1.0,1.0,1.0,9.394020642440434,SH000300
2013-12-06,2463.043,2470.813,2445.623,2452.287,2468.197,6611408900.0,64843207895.0,0.003207,1.0,-0.644597,0.0,0.0,0.0,0.0,0.0,1.0,1.0,1.0,9.807774541822697,SH000300
2013-12-09,2460.028,2468.948,2445.94,2450.872,2452.287,5716488400.0,57634539131.0,0.002773,1.0,-0.057703,0.0,0.0,0.0,0.0,0.0,1.0,1.0,1.0,10.082157978489033,SH000300
2013-12-10,2456.23,2466.66,2444.526,2453.322,2450.872,6694142400.0,61236728790.0,0.003247,1.0,0.099962,0.0,0.0,0.0,0.0,0.0,1.0,1.0,1.0,9.14780790889659,SH000300
2013-12-11,2440.503,2440.503,2400.742,2412.763,2453.322,6807514400.0,62808851026.0,0.003302,1.0,-1.653231,0.0,0.0,0.0,0.0,0.0,1.0,1.0,1.0,9.226400024361315,SH000300
2013-12-12,2406.766,2423.309,2402.769,2410.015,2412.763,5014771900.0,47481447335.0,0.002433,1.0,-0.113896,0.0,0.0,0.0,0.0,0.0,1.0,1.0,1.0,9.468316462210375,SH000300
2013-12-13,2388.659,2416.26,2386.246,2406.639,2410.015,5150119600.0,47583527668.0,0.002498,1.0,-0.140081,0.0,0.0,0.0,0.0,0.0,1.0,1.0,1.0,9.239305368364649,SH000300
2013-12-16,2408.678,2412.734,2367.43,2367.923,2406.639,6458167400.0,62107893611.0,0.00313,1.0,-1.608709,0.0,0.0,0.0,0.0,0.0,1.0,1.0,1.0,9.616953194957443,SH000300
2013-12-17,2369.255,2373.286,2351.183,2356.376,2367.923,4848389100.0,46306075570.0,0.00235,1.0,-0.487648,0.0,0.0,0.0,0.0,0.0,1.0,1.0,1.0,9.550816697034485,SH000300
2013-12-18,2356.703,2368.583,2350.451,2357.226,2356.376,4001520700.0,39675269794.0,0.001938,1.0,0.036076,0.0,0.0,0.0,0.0,0.0,1.0,1.0,1.0,9.915047995128452,SH000300
2013-12-19,2366.205,2370.991,2331.194,2332.41,2357.226,4809568000.0,45148866928.0,0.00233,1.0,-1.05277,0.0,0.0,0.0,0.0,0.0,1.0,1.0,1.0,9.387301921503138,SH000300
2013-12-20,2335.052,2338.875,2278.096,2278.136,2332.41,6520420700.0,60862129503.0,0.003159,1.0,-2.326946,0.0,0.0,0.0,0.0,0.0,1.0,1.0,1.0,9.334080161882806,SH000300
2013-12-23,2283.8,2295.765,2259.575,2284.602,2278.136,4558028500.0,44415342954.0,0.002208,1.0,0.283831,0.0,0.0,0.0,0.0,0.0,1.0,1.0,1.0,9.744419753847524,SH000300
2013-12-24,2291.125,2312.832,2270.245,2288.248,2284.602,4559916800.0,45173191422.0,0.002208,1.0,0.15959,0.0,0.0,0.0,0.0,0.0,1.0,1.0,1.0,9.906582379310079,SH000300
2013-12-25,2291.748,2305.609,2281.6,2305.11,2288.248,4400532600.0,41202984186.0,0.002131,1.0,0.736898,0.0,0.0,0.0,0.0,0.0,1.0,1.0,1.0,9.363181217200845,SH000300
2013-12-26,2299.972,2301.493,2263.922,2265.334,2305.11,5149756300.0,48603013700.0,0.002494,1.0,-1.725563,0.0,0.0,0.0,0.0,0.0,1.0,1.0,1.0,9.437924994625474,SH000300
2013-12-27,2268.535,2315.182,2264.386,2303.478,2265.334,5338915700.0,51197946376.0,0.002585,1.0,1.683815,0.0,0.0,0.0,0.0,0.0,1.0,1.0,1.0,9.589577594566627,SH000300
2013-12-30,2313.38,2316.621,2295.641,2299.458,2303.478,4841430800.0,46156442661.0,0.002344,1.0,-0.17452,0.0,0.0,0.0,0.0,0.0,1.0,1.0,1.0,9.533636763123827,SH000300
2013-12-31,2289.01,2333.074,2287.117,2330.026,2299.458,5663107000.0,57026486218.0,0.00274,1.0,1.329351,0.0,0.0,0.0,0.0,0.0,1.0,1.0,1.0,10.06982319387573,SH000300
2014-01-02,2323.433,2325.991,2310.653,2321.978,2330.026,4519429100.0,49012211124.0,0.002185,1.0,-0.345398,0.0,0.0,0.0,0.0,0.0,1.0,1.0,1.0,10.844779293915686,SH000300
2014-01-03,2311.968,2314.836,2280.887,2290.779,2321.978,5978264500.0,57739709924.0,0.00289,1.0,-1.343638,0.0,0.0,0.0,0.0,0.0,1.0,1.0,1.0,9.65827288571792,SH000300
2014-01-06,2286.371,2286.371,2229.334,2238.637,2290.779,6630040300.0,59979360128.0,0.003206,1.0,-2.276173,0.0,0.0,0.0,0.0,0.0,1.0,1.0,1.0,9.046605663618665,SH000300
2014-01-07,2222.306,2246.791,2218.647,2238.001,2238.637,4375310300.0,42565648108.0,0.002112,1.0,-0.02841,0.0,0.0,0.0,0.0,0.0,1.0,1.0,1.0,9.728600988140201,SH000300
2014-01-08,2240.635,2262.584,2228.418,2241.911,2238.001,5134885400.0,50691488898.0,0.002479,1.0,0.174706,0.0,0.0,0.0,0.0,0.0,1.0,1.0,1.0,9.871980570004542,SH000300
2014-01-09,2236.967,2258.894,2220.802,2222.221,2241.911,5598704100.0,54399491333.0,0.002704,1.0,-0.878266,0.0,0.0,0.0,0.0,0.0,1.0,1.0,1.0,9.716443369993424,SH000300
2014-01-10,2216.521,2224.494,2200.215,2204.851,2222.221,5416929300.0,47572309533.0,0.002615,1.0,-0.781645,0.0,0.0,0.0,0.0,0.0,1.0,1.0,1.0,8.782154408587168,SH000300
2014-01-13,2206.996,2222.072,2183.597,2193.679,2204.851,5012277200.0,46123003754.0,0.00242,1.0,-0.506706,0.0,0.0,0.0,0.0,0.0,1.0,1.0,1.0,9.202005777733122,SH000300
2014-01-14,2192.844,2214.124,2179.908,2212.846,2193.679,5404994700.0,46785099888.0,0.00261,1.0,0.873737,0.0,0.0,0.0,0.0,0.0,1.0,1.0,1.0,8.65590115897801,SH000300
2014-01-15,2210.024,2215.903,2193.802,2208.941,2212.846,4896239500.0,45755914348.0,0.002364,1.0,-0.176471,0.0,0.0,0.0,0.0,0.0,1.0,1.0,1.0,9.345113601571166,SH000300
2014-01-16,2209.448,2227.262,2201.56,2211.844,2208.941,5229890200.0,49842784005.0,0.002525,1.0,0.131424,0.0,0.0,0.0,0.0,0.0,1.0,1.0,1.0,9.530369108896396,SH000300
2014-01-17,2203.821,2205.972,2175.876,2178.488,2211.844,5027315500.0,46268159163.0,0.002427,1.0,-1.508061,0.0,0.0,0.0,0.0,0.0,1.0,1.0,1.0,9.203352994853814,SH000300
2014-01-20,2173.651,2182.463,2156.458,2165.993,2178.488,4056015400.0,39157227541.0,0.001958,1.0,-0.573568,0.0,0.0,0.0,0.0,0.0,1.0,1.0,1.0,9.654112146862165,SH000300
2014-01-21,2168.42,2197.923,2168.42,2187.41,2165.993,4030624700.0,38590992772.0,0.001946,1.0,0.988784,0.0,0.0,0.0,0.0,0.0,1.0,1.0,1.0,9.574444569845463,SH000300
2014-01-22,2190.432,2244.133,2187.534,2243.796,2187.41,7064137500.0,64803357078.0,0.003411,1.0,2.577751,0.0,0.0,0.0,0.0,0.0,1.0,1.0,1.0,9.173569608179342,SH000300
2014-01-23,2242.245,2248.924,2228.057,2231.889,2243.796,5634595100.0,55726417393.0,0.00272,1.0,-0.530662,0.0,0.0,0.0,0.0,0.0,1.0,1.0,1.0,9.890048247299971,SH000300
2014-01-24,2225.758,2257.355,2222.893,2245.678,2231.889,6116767000.0,59563444873.0,0.002953,1.0,0.61782,0.0,0.0,0.0,0.0,0.0,1.0,1.0,1.0,9.737733164104501,SH000300
2014-01-27,2233.015,2233.231,2211.799,2215.919,2245.678,7034424600.0,63503992484.0,0.003395,1.0,-1.325169,0.0,0.0,0.0,0.0,0.0,1.0,1.0,1.0,9.027602980348954,SH000300
2014-01-28,2220.785,2233.257,2205.972,2219.855,2215.919,5326913000.0,49408754555.0,0.002571,1.0,0.177625,0.0,0.0,0.0,0.0,0.0,1.0,1.0,1.0,9.275307209823024,SH000300
2014-01-29,2225.711,2233.057,2219.928,2227.781,2219.855,5022271700.0,48788682770.0,0.002424,1.0,0.357052,0.0,0.0,0.0,0.0,0.0,1.0,1.0,1.0,9.714465023865595,SH000300
2014-01-30,2223.163,2223.163,2200.224,2202.45,2227.781,4363230400.0,43475960839.0,0.002104,1.0,-1.137053,0.0,0.0,0.0,0.0,0.0,1.0,1.0,1.0,9.96416802536946,SH000300
2014-02-07,2187.343,2212.498,2177.117,2212.483,2202.45,5045931500.0,49597106433.0,0.002433,1.0,0.455536,0.0,0.0,0.0,0.0,0.0,1.0,1.0,1.0,9.829127968344398,SH000300
2014-02-10,2221.54,2270.194,2221.54,2267.534,2212.483,8306571600.0,81103244127.0,0.004006,1.0,2.488201,0.0,0.0,0.0,0.0,0.0,1.0,1.0,1.0,9.763744662960589,SH000300
2014-02-11,2267.735,2296.516,2262.599,2285.562,2267.534,9922982900.0,92688969126.0,0.004785,1.0,0.795052,0.0,0.0,0.0,0.0,0.0,1.0,1.0,1.0,9.340837332895132,SH000300
2014-02-12,2286.187,2294.317,2276.444,2291.246,2285.562,7659216100.0,73487379679.0,0.003693,1.0,0.248695,0.0,0.0,0.0,0.0,0.0,1.0,1.0,1.0,9.594634583949134,SH000300
2014-02-13,2288.451,2307.474,2278.261,2279.554,2291.246,9621778900.0,87352124305.0,0.00464,1.0,-0.510296,0.0,0.0,0.0,0.0,0.0,1.0,1.0,1.0,9.078583618773447,SH000300
2014-02-14,2278.4,2295.852,2274.429,2295.575,2279.554,6708299700.0,64613327719.0,0.003235,1.0,0.702813,0.0,0.0,0.0,0.0,0.0,1.0,1.0,1.0,9.631848696175576,SH000300
2014-02-17,2308.791,2315.579,2293.552,2311.647,2295.575,8783166600.0,86871352624.0,0.004235,1.0,0.70013,0.0,0.0,0.0,0.0,0.0,1.0,1.0,1.0,9.890664333294099,SH000300
2014-02-18,2310.309,2310.309,2276.108,2282.442,2311.647,8704974300.0,88107267954.0,0.004191,1.0,-1.263388,0.0,0.0,0.0,0.0,0.0,1.0,1.0,1.0,10.121485132242148,SH000300
2014-02-19,2280.927,2317.42,2274.152,2308.656,2282.442,9935256100.0,88341900374.0,0.004783,1.0,1.148512,0.0,0.0,0.0,0.0,0.0,1.0,1.0,1.0,8.891758751342103,SH000300
2014-02-20,2314.088,2331.698,2286.203,2287.436,2308.656,10643953300.0,91771595713.0,0.005124,1.0,-0.919148,0.0,0.0,0.0,0.0,0.0,1.0,1.0,1.0,8.62194648232814,SH000300
2014-02-21,2284.03,2287.869,2250.652,2264.294,2287.436,7636899300.0,69908188663.0,0.003677,1.0,-1.011704,0.0,0.0,0.0,0.0,0.0,1.0,1.0,1.0,9.154001632966406,SH000300
2014-02-24,2246.715,2246.715,2194.164,2214.509,2264.294,8921593900.0,79599146389.0,0.004295,1.0,-2.198695,0.0,0.0,0.0,0.0,0.0,1.0,1.0,1.0,8.922076848734395,SH000300
2014-02-25,2216.515,2225.209,2150.095,2157.909,2214.509,9323755100.0,88306571728.0,0.004489,1.0,-2.555876,0.0,0.0,0.0,0.0,0.0,1.0,1.0,1.0,9.471138053379374,SH000300
2014-02-26,2147.737,2164.698,2137.079,2163.405,2157.909,7799329700.0,68640581126.0,0.003755,1.0,0.254695,0.0,0.0,0.0,0.0,0.0,1.0,1.0,1.0,8.800830810627225,SH000300
2014-02-27,2170.81,2180.063,2150.135,2154.108,2163.405,9010429600.0,81587999653.0,0.004338,1.0,-0.429745,0.0,0.0,0.0,0.0,0.0,1.0,1.0,1.0,9.054840143582055,SH000300
2014-02-28,2149.446,2180.474,2133.548,2178.971,2154.108,7666805700.0,70216798972.0,0.003691,1.0,1.154215,0.0,0.0,0.0,0.0,0.0,1.0,1.0,1.0,9.158546821135692,SH000300
2014-03-03,2173.907,2194.224,2167.91,2190.37,2178.971,8207231400.0,69408739897.0,0.003948,1.0,0.523145,0.0,0.0,0.0,0.0,0.0,1.0,1.0,1.0,8.457022412819992,SH000300
2014-03-04,2183.858,2188.601,2161.589,2184.273,2190.37,7306925000.0,64691438035.0,0.003515,1.0,-0.278363,0.0,0.0,0.0,0.0,0.0,1.0,1.0,1.0,8.853442184639913,SH000300
2014-03-05,2187.352,2189.093,2159.595,2163.976,2184.273,6133201500.0,55669679402.0,0.00295,1.0,-0.929228,0.0,0.0,0.0,0.0,0.0,1.0,1.0,1.0,9.076773264664466,SH000300
2014-03-06,2159.397,2181.427,2136.454,2173.634,2163.976,6909376700.0,61495023657.0,0.003323,1.0,0.446306,0.0,0.0,0.0,0.0,0.0,1.0,1.0,1.0,8.900227376081551,SH000300
2014-03-07,2170.043,2189.39,2161.436,2168.358,2173.634,6426517700.0,58693177974.0,0.003091,1.0,-0.242733,0.0,0.0,0.0,0.0,0.0,1.0,1.0,1.0,9.132967606080038,SH000300
2014-03-10,2149.676,2149.676,2095.067,2097.787,2168.358,7141640700.0,63086412572.0,0.003435,1.0,-3.254573,0.0,0.0,0.0,0.0,0.0,1.0,1.0,1.0,8.83360214019168,SH000300
2014-03-11,2092.608,2118.79,2088.729,2108.661,2097.787,5762124300.0,53075782462.0,0.002771,1.0,0.518345,0.0,0.0,0.0,0.0,0.0,1.0,1.0,1.0,9.211148475571761,SH000300
2014-03-12,2102.801,2130.586,2090.757,2114.134,2108.661,7006974700.0,60115239174.0,0.00337,1.0,0.259555,0.0,0.0,0.0,0.0,0.0,1.0,1.0,1.0,8.579342975792391,SH000300
2014-03-13,2119.547,2149.436,2115.986,2140.333,2114.134,6922602800.0,59163094375.0,0.003329,1.0,1.23923,0.0,0.0,0.0,0.0,0.0,1.0,1.0,1.0,8.546365591710678,SH000300
2014-03-14,2129.87,2140.384,2109.575,2122.836,2140.333,5861773700.0,49805247510.0,0.002819,1.0,-0.817493,0.0,0.0,0.0,0.0,0.0,1.0,1.0,1.0,8.496617245732294,SH000300
2014-03-17,2132.793,2143.196,2118.953,2143.038,2122.836,5240944500.0,47571288733.0,0.002521,1.0,0.951658,0.0,0.0,0.0,0.0,0.0,1.0,1.0,1.0,9.076854130586577,SH000300
2014-03-18,2146.124,2152.462,2134.923,2138.133,2143.038,5535413200.0,54188441365.0,0.002662,1.0,-0.228882,0.0,0.0,0.0,0.0,0.0,1.0,1.0,1.0,9.78941217342185,SH000300
2014-03-19,2131.283,2131.283,2101.285,2120.87,2138.133,5930390500.0,55283943974.0,0.002852,1.0,-0.807384,0.0,0.0,0.0,0.0,0.0,1.0,1.0,1.0,9.322142272755901,SH000300
2014-03-20,2116.185,2134.792,2086.497,2086.967,2120.87,6763128500.0,58951601970.0,0.003253,1.0,-1.598546,0.0,0.0,0.0,0.0,0.0,1.0,1.0,1.0,8.716617164674602,SH000300
2014-03-21,2079.871,2163.225,2077.759,2158.798,2086.967,10402480700.0,83560511769.0,0.005003,1.0,3.441887,0.0,0.0,0.0,0.0,0.0,1.0,1.0,1.0,8.03274855092978,SH000300
2014-03-24,2161.898,2186.731,2150.871,2176.554,2158.798,10449198400.0,81203913733.0,0.005025,1.0,0.822488,0.0,0.0,0.0,0.0,0.0,1.0,1.0,1.0,7.771305570482804,SH000300
2014-03-25,2170.78,2191.491,2164.669,2174.44,2176.554,8687751000.0,67548473561.0,0.004178,1.0,-0.097127,0.0,0.0,0.0,0.0,0.0,1.0,1.0,1.0,7.775139223143021,SH000300
2014-03-26,2181.231,2186.078,2165.217,2171.047,2174.44,5827617600.0,50116023097.0,0.002802,1.0,-0.156032,0.0,0.0,0.0,0.0,0.0,1.0,1.0,1.0,8.59974461896745,SH000300
2014-03-27,2168.344,2186.893,2146.916,2155.707,2171.047,7127513200.0,62175860350.0,0.003428,1.0,-0.706576,0.0,0.0,0.0,0.0,0.0,1.0,1.0,1.0,8.723359551266773,SH000300
2014-03-28,2154.515,2172.668,2144.584,2151.965,2155.707,7008607300.0,60123341093.0,0.00337,1.0,-0.173583,0.0,0.0,0.0,0.0,0.0,1.0,1.0,1.0,8.578500480830193,SH000300
2014-03-31,2156.054,2165.254,2134.422,2146.305,2151.965,5545748800.0,48105020054.0,0.002666,1.0,-0.263023,0.0,0.0,0.0,0.0,0.0,1.0,1.0,1.0,8.674215473661555,SH000300
2014-04-01,2143.717,2170.095,2141.151,2163.115,2146.305,4886640300.0,43659064291.0,0.002349,1.0,0.783209,0.0,0.0,0.0,0.0,0.0,1.0,1.0,1.0,8.934372413496448,SH000300
2014-04-02,2166.067,2182.683,2164.008,2180.727,2163.115,6503925700.0,56777151867.0,0.003127,1.0,0.814199,0.0,0.0,0.0,0.0,0.0,1.0,1.0,1.0,8.729674120815986,SH000300
2014-04-03,2188.642,2196.138,2160.747,2165.008,2180.727,7153603200.0,57708859685.0,0.003439,1.0,-0.720814,0.0,0.0,0.0,0.0,0.0,1.0,1.0,1.0,8.067103817695676,SH000300
2014-04-04,2157.982,2186.154,2155.277,2185.472,2165.008,4794588800.0,43912624261.0,0.002305,1.0,0.94521,0.0,0.0,0.0,0.0,0.0,1.0,1.0,1.0,9.158788395159142,SH000300
2014-04-08,2179.92,2243.97,2178.905,2237.316,2185.472,9721911700.0,85692893370.0,0.00467,1.0,2.372211,0.0,0.0,0.0,0.0,0.0,1.0,1.0,1.0,8.814407702345209,SH000300
2014-04-09,2239.791,2246.793,2228.994,2238.62,2237.316,6635726800.0,61178630422.0,0.003187,1.0,0.058293,0.0,0.0,0.0,0.0,0.0,1.0,1.0,1.0,9.219582461110363,SH000300
2014-04-10,2241.452,2290.742,2229.515,2273.761,2238.62,11454540500.0,101616815025.0,0.005502,1.0,1.569756,0.0,0.0,0.0,0.0,0.0,1.0,1.0,1.0,8.87131308540923,SH000300
2014-04-11,2269.565,2281.105,2261.133,2270.666,2273.761,9061589700.0,86154853765.0,0.004352,1.0,-0.136117,0.0,0.0,0.0,0.0,0.0,1.0,1.0,1.0,9.507697503121335,SH000300
2014-04-14,2267.943,2275.83,2255.456,2268.613,2270.666,6226499800.0,60254151500.0,0.002988,1.0,-0.090413,0.0,0.0,0.0,0.0,0.0,1.0,1.0,1.0,9.677050258638088,SH000300
2014-04-15,2261.411,2261.474,2225.685,2229.463,2268.613,6821813000.0,62599115638.0,0.003274,1.0,-1.725731,0.0,0.0,0.0,0.0,0.0,1.0,1.0,1.0,9.176316565405706,SH000300
2014-04-16,2223.468,2245.315,2221.153,2232.526,2229.463,5167801000.0,47770218198.0,0.002478,1.0,0.137387,0.0,0.0,0.0,0.0,0.0,1.0,1.0,1.0,9.24381921788397,SH000300
2014-04-17,2238.779,2241.622,2221.954,2224.803,2232.526,4833362800.0,45096433749.0,0.002318,1.0,-0.345927,0.0,0.0,0.0,0.0,0.0,1.0,1.0,1.0,9.33023975543487,SH000300
2014-04-18,2215.879,2228.77,2203.047,2224.479,2224.803,5075799500.0,45709617096.0,0.002434,1.0,-0.014562,0.0,0.0,0.0,0.0,0.0,1.0,1.0,1.0,9.005402419067183,SH000300
2014-04-21,2209.942,2231.707,2186.755,2187.248,2224.479,5627828000.0,51856112765.0,0.002699,1.0,-1.673693,0.0,0.0,0.0,0.0,0.0,1.0,1.0,1.0,9.2142319852348,SH000300
2014-04-22,2184.017,2196.849,2165.075,2196.795,2187.248,5709469400.0,52351993061.0,0.002738,1.0,0.436479,0.0,0.0,0.0,0.0,0.0,1.0,1.0,1.0,9.169327198951272,SH000300
2014-04-23,2191.231,2205.594,2187.388,2194.668,2196.795,4776353100.0,45191150830.0,0.00229,1.0,-0.096821,0.0,0.0,0.0,0.0,0.0,1.0,1.0,1.0,9.461434254096499,SH000300
2014-04-24,2192.769,2209.454,2186.763,2190.474,2194.668,4505891100.0,41927012945.0,0.00216,1.0,-0.191093,0.0,0.0,0.0,0.0,0.0,1.0,1.0,1.0,9.304932590359318,SH000300
2014-04-25,2195.815,2201.712,2167.64,2167.826,2190.474,6024538300.0,52092022381.0,0.002889,1.0,-1.03394,0.0,0.0,0.0,0.0,0.0,1.0,1.0,1.0,8.646641416654285,SH000300
2014-04-28,2165.773,2171.385,2132.695,2134.969,2167.826,6048518700.0,49998809829.0,0.002899,1.0,-1.515663,0.0,0.0,0.0,0.0,0.0,1.0,1.0,1.0,8.266290030483,SH000300
2014-04-29,2134.413,2159.379,2131.783,2158.47,2134.969,4820493100.0,41550353157.0,0.002309,1.0,1.100764,0.0,0.0,0.0,0.0,0.0,1.0,1.0,1.0,8.619523417013085,SH000300
2014-04-30,2158.762,2164.175,2153.124,2158.659,2158.47,4533462400.0,39493022295.0,0.002171,1.0,0.008755,0.0,0.0,0.0,0.0,0.0,1.0,1.0,1.0,8.711448074434234,SH000300
2014-05-05,2152.59,2161.703,2131.232,2156.47,2158.659,4934407300.0,41470449799.0,0.002363,1.0,-0.101404,0.0,0.0,0.0,0.0,0.0,1.0,1.0,1.0,8.404342665227494,SH000300
2014-05-06,2151.388,2173.618,2150.112,2157.328,2156.47,4808651900.0,41486451628.0,0.002303,1.0,0.039783,0.0,0.0,0.0,0.0,0.0,1.0,1.0,1.0,8.627459939031977,SH000300
2014-05-07,2151.472,2153.723,2136.99,2137.316,2157.328,4460747000.0,37751019661.0,0.002136,1.0,-0.927627,0.0,0.0,0.0,0.0,0.0,1.0,1.0,1.0,8.462936737053234,SH000300
2014-05-08,2132.036,2168.206,2128.318,2135.496,2137.316,4833245200.0,40729772017.0,0.002314,1.0,-0.085145,0.0,0.0,0.0,0.0,0.0,1.0,1.0,1.0,8.427003044869315,SH000300
2014-05-09,2138.84,2141.559,2120.595,2133.911,2135.496,4918113500.0,40242745273.0,0.002355,1.0,-0.074231,0.0,0.0,0.0,0.0,0.0,1.0,1.0,1.0,8.182557249441274,SH000300
2014-05-12,2150.313,2184.332,2139.483,2180.054,2133.911,8347256000.0,66275508636.0,0.003996,1.0,2.162371,0.0,0.0,0.0,0.0,0.0,1.0,1.0,1.0,7.939795860579812,SH000300
2014-05-13,2180.059,2185.046,2167.767,2174.852,2180.054,6491251800.0,50241276089.0,0.003108,1.0,-0.238614,0.0,0.0,0.0,0.0,0.0,1.0,1.0,1.0,7.739843968000132,SH000300
2014-05-14,2175.094,2184.221,2168.997,2172.372,2174.852,4851420600.0,39214123931.0,0.002322,1.0,-0.11403,0.0,0.0,0.0,0.0,0.0,1.0,1.0,1.0,8.083018802987315,SH000300
2014-05-15,2169.278,2171.453,2142.338,2144.084,2172.372,4673403200.0,38938529216.0,0.002237,1.0,-1.302175,0.0,0.0,0.0,0.0,0.0,1.0,1.0,1.0,8.331943029439445,SH000300
2014-05-16,2143.926,2150.5,2132.186,2145.952,2144.084,4225319700.0,34987586802.0,0.002022,1.0,0.08712,0.0,0.0,0.0,0.0,0.0,1.0,1.0,1.0,8.28045906254147,SH000300
2014-05-19,2139.362,2139.362,2105.713,2115.143,2145.952,4289360700.0,37135950607.0,0.002052,1.0,-1.435672,0.0,0.0,0.0,0.0,0.0,1.0,1.0,1.0,8.657688920169386,SH000300
2014-05-20,2124.708,2131.567,2110.72,2115.771,2115.143,3729968300.0,31576339037.0,0.001784,1.0,0.029687,0.0,0.0,0.0,0.0,0.0,1.0,1.0,1.0,8.465578390304282,SH000300
2014-05-21,2106.762,2136.1,2096.514,2135.905,2115.771,3894604200.0,32246807970.0,0.001863,1.0,0.951617,0.0,0.0,0.0,0.0,0.0,1.0,1.0,1.0,8.279867815579308,SH000300
2014-05-22,2134.087,2160.909,2128.858,2130.868,2135.905,4625273600.0,39227549718.0,0.002207,1.0,-0.23583,0.0,0.0,0.0,0.0,0.0,1.0,1.0,1.0,8.481130655276264,SH000300
2014-05-23,2130.775,2148.583,2128.663,2148.414,2130.868,3762310500.0,32420020159.0,0.001795,1.0,0.823427,0.0,0.0,0.0,0.0,0.0,1.0,1.0,1.0,8.617050655175856,SH000300
2014-05-26,2161.892,2165.421,2147.445,2155.976,2148.414,3955065600.0,37788482728.0,0.001887,1.0,0.351981,0.0,0.0,0.0,0.0,0.0,1.0,1.0,1.0,9.554451569147172,SH000300
2014-05-27,2154.395,2160.027,2145.752,2147.28,2155.976,3589717100.0,32374256462.0,0.001713,1.0,-0.403346,0.0,0.0,0.0,0.0,0.0,1.0,1.0,1.0,9.018609422452817,SH000300
2014-05-28,2147.467,2171.172,2142.007,2169.352,2147.28,5005626000.0,45627619375.0,0.002388,1.0,1.027906,0.0,0.0,0.0,0.0,0.0,1.0,1.0,1.0,9.115267376148358,SH000300
2014-05-29,2171.26,2178.092,2154.925,2155.164,2169.352,4489155600.0,41076912680.0,0.002141,1.0,-0.65402,0.0,0.0,0.0,0.0,0.0,1.0,1.0,1.0,9.150253709183081,SH000300
2014-05-30,2156.381,2166.907,2146.218,2156.464,2155.164,4392386300.0,39769199791.0,0.002095,1.0,0.060323,0.0,0.0,0.0,0.0,0.0,1.0,1.0,1.0,9.054121626551836,SH000300
2014-06-03,2157.64,2168.995,2149.291,2149.918,2156.464,4198295400.0,37906226058.0,0.002002,1.0,-0.303559,0.0,0.0,0.0,0.0,0.0,1.0,1.0,1.0,9.028956385012831,SH000300
2014-06-04,2149.407,2149.452,2117.313,2128.274,2149.918,4181724900.0,35607022812.0,0.001994,1.0,-1.006738,0.0,0.0,0.0,0.0,0.0,1.0,1.0,1.0,8.514912784434959,SH000300
2014-06-05,2126.607,2150.93,2123.524,2150.602,2128.274,3647742400.0,33050774675.0,0.001739,1.0,1.049119,0.0,0.0,0.0,0.0,0.0,1.0,1.0,1.0,9.060610934313782,SH000300
2014-06-06,2149.214,2149.783,2123.98,2134.716,2150.602,3573805800.0,32415599488.0,0.001703,1.0,-0.738676,0.0,0.0,0.0,0.0,0.0,1.0,1.0,1.0,9.070330427019845,SH000300
2014-06-09,2128.225,2153.903,2126.665,2134.281,2134.716,3931106000.0,35326732064.0,0.001873,1.0,-0.02038,0.0,0.0,0.0,0.0,0.0,1.0,1.0,1.0,8.986461332764875,SH000300
2014-06-10,2138.671,2161.526,2132.447,2161.268,2134.281,5050790200.0,44416141206.0,0.002407,1.0,1.264457,0.0,0.0,0.0,0.0,0.0,1.0,1.0,1.0,8.79389945874212,SH000300
2014-06-11,2156.151,2163.61,2152.08,2160.766,2161.268,4256371800.0,37311080748.0,0.002028,1.0,-0.023225,0.0,0.0,0.0,0.0,0.0,1.0,1.0,1.0,8.765935520012608,SH000300
2014-06-12,2156.761,2160.988,2148.413,2153.41,2160.766,4302584300.0,37252041741.0,0.002049,1.0,-0.340444,0.0,0.0,0.0,0.0,0.0,1.0,1.0,1.0,8.658062025885235,SH000300
2014-06-13,2150.987,2183.645,2150.569,2176.242,2153.41,5925287600.0,51765511450.0,0.002822,1.0,1.060273,0.0,0.0,0.0,0.0,0.0,1.0,1.0,1.0,8.736371117243321,SH000300
2014-06-16,2176.438,2196.343,2174.277,2191.855,2176.242,6329687500.0,56904298384.0,0.003029,1.0,0.717431,0.0,0.0,0.0,0.0,0.0,1.0,1.0,1.0,8.99006442008393,SH000300
2014-06-17,2185.681,2185.681,2168.445,2169.674,2191.855,4993366500.0,46244977817.0,0.002389,1.0,-1.01197,0.0,0.0,0.0,0.0,0.0,1.0,1.0,1.0,9.261282506901907,SH000300
2014-06-18,2169.252,2172.549,2158.497,2160.239,2169.674,4946389700.0,42538095511.0,0.002367,1.0,-0.434861,0.0,0.0,0.0,0.0,0.0,1.0,1.0,1.0,8.599826962885677,SH000300
2014-06-19,2161.426,2166.407,2119.498,2126.907,2160.239,5316264500.0,46029744918.0,0.002543,1.0,-1.542979,0.0,0.0,0.0,0.0,0.0,1.0,1.0,1.0,8.658287208621768,SH000300
2014-06-20,2124.963,2137.034,2120.807,2136.729,2126.907,4239371900.0,35425712925.0,0.002028,1.0,0.461798,0.0,0.0,0.0,0.0,0.0,1.0,1.0,1.0,8.35635885707503,SH000300
2014-06-23,2137.926,2147.227,2132.454,2134.11,2136.729,4117925800.0,37112428752.0,0.001969,1.0,-0.122566,0.0,0.0,0.0,0.0,0.0,1.0,1.0,1.0,9.012408322656032,SH000300
2014-06-24,2131.686,2145.213,2130.292,2144.821,2134.11,4016435600.0,38778505304.0,0.00192,1.0,0.501892,0.0,0.0,0.0,0.0,0.0,1.0,1.0,1.0,9.654955081067403,SH000300
2014-06-25,2141.726,2141.726,2126.035,2133.371,2144.821,3766610000.0,33809315524.0,0.001797,1.0,-0.533842,0.0,0.0,0.0,0.0,0.0,1.0,1.0,1.0,8.976059513461706,SH000300
2014-06-26,2135.156,2151.114,2134.891,2149.076,2133.371,4435116600.0,40601836632.0,0.002116,1.0,0.736151,0.0,0.0,0.0,0.0,0.0,1.0,1.0,1.0,9.154626652205717,SH000300
2014-06-27,2146.374,2159.526,2138.927,2150.258,2149.076,5272289600.0,45525673947.0,0.002515,1.0,0.055006,0.0,0.0,0.0,0.0,0.0,1.0,1.0,1.0,8.634896297616125,SH000300
2014-06-30,2152.306,2168.221,2152.306,2165.118,2150.258,5430418800.0,50277570814.0,0.00259,1.0,0.691074,0.0,0.0,0.0,0.0,0.0,1.0,1.0,1.0,9.258507062843846,SH000300
2014-07-01,2169.199,2171.15,2157.133,2164.559,2165.118,5332310000.0,49936284309.0,0.002543,1.0,-0.025811,0.0,0.0,0.0,0.0,0.0,1.0,1.0,1.0,9.36485018856743,SH000300
2014-07-02,2163.998,2171.51,2155.609,2170.867,2164.559,5968550100.0,53273658927.0,0.002846,1.0,0.291415,0.0,0.0,0.0,0.0,0.0,1.0,1.0,1.0,8.925728700342148,SH000300
2014-07-03,2169.003,2184.964,2164.843,2180.192,2170.867,6369069000.0,56024939299.0,0.003037,1.0,0.42955,0.0,0.0,0.0,0.0,0.0,1.0,1.0,1.0,8.796409537877514,SH000300
2014-07-04,2180.445,2183.798,2174.073,2178.695,2180.192,5285110600.0,47990033413.0,0.002519,1.0,-0.068656,0.0,0.0,0.0,0.0,0.0,1.0,1.0,1.0,9.080232571291885,SH000300
2014-07-07,2178.546,2186.202,2171.083,2176.289,2178.695,5024233400.0,47663876919.0,0.002394,1.0,-0.110433,0.0,0.0,0.0,0.0,0.0,1.0,1.0,1.0,9.486795919751659,SH000300
2014-07-08,2174.828,2180.778,2163.359,2180.473,2176.289,5074359900.0,46017266874.0,0.002418,1.0,0.192246,0.0,0.0,0.0,0.0,0.0,1.0,1.0,1.0,9.068585551844677,SH000300
2014-07-09,2178.135,2178.51,2148.26,2148.71,2180.473,6202204600.0,58980248398.0,0.002951,1.0,-1.4567,0.0,0.0,0.0,0.0,0.0,1.0,1.0,1.0,9.509561873853693,SH000300
2014-07-10,2146.601,2151.774,2139.522,2142.847,2148.71,5573249700.0,50931668887.0,0.002652,1.0,-0.272863,0.0,0.0,0.0,0.0,0.0,1.0,1.0,1.0,9.138594469757923,SH000300
2014-07-11,2136.317,2154.735,2134.795,2148.009,2142.847,6137427400.0,51551825645.0,0.00292,1.0,0.2409,0.0,0.0,0.0,0.0,0.0,1.0,1.0,1.0,8.399582151472782,SH000300
2014-07-14,2149.542,2171.902,2145.278,2171.758,2148.009,6615886300.0,60467088864.0,0.003148,1.0,1.10563,0.0,0.0,0.0,0.0,0.0,1.0,1.0,1.0,9.139680780789718,SH000300
2014-07-15,2170.089,2176.272,2165.206,2174.976,2171.758,7181569400.0,64304875149.0,0.003417,1.0,0.148176,0.0,0.0,0.0,0.0,0.0,1.0,1.0,1.0,8.954153551589991,SH000300
2014-07-16,2172.824,2183.248,2166.774,2170.868,2174.976,8156023000.0,61126054498.0,0.003879,1.0,-0.188883,0.0,0.0,0.0,0.0,0.0,1.0,1.0,1.0,7.494590745759299,SH000300
2014-07-17,2166.831,2166.932,2147.084,2157.068,2170.868,5945356800.0,46354646289.0,0.002826,1.0,-0.635682,0.0,0.0,0.0,0.0,0.0,1.0,1.0,1.0,7.7967812274950425,SH000300
2014-07-18,2147.663,2176.325,2145.446,2164.144,2157.068,6547329500.0,53758919136.0,0.003112,1.0,0.328035,0.0,0.0,0.0,0.0,0.0,1.0,1.0,1.0,8.210816201628466,SH000300
2014-07-21,2164.223,2171.94,2158.955,2166.295,2164.144,5417226000.0,47731629577.0,0.002575,1.0,0.099387,0.0,0.0,0.0,0.0,0.0,1.0,1.0,1.0,8.811083306659164,SH000300
2014-07-22,2162.436,2197.592,2162.236,2192.698,2166.295,7854258300.0,66806114430.0,0.003733,1.0,1.218813,0.0,0.0,0.0,0.0,0.0,1.0,1.0,1.0,8.505719047971722,SH000300
2014-07-23,2191.394,2210.282,2190.555,2197.833,2192.698,8421387200.0,69177998063.0,0.004002,1.0,0.234187,0.0,0.0,0.0,0.0,0.0,1.0,1.0,1.0,8.214560905476475,SH000300
2014-07-24,2199.833,2239.815,2199.833,2237.015,2197.833,11943553400.0,99964367602.0,0.005676,1.0,1.782751,0.0,0.0,0.0,0.0,0.0,1.0,1.0,1.0,8.36973422013586,SH000300
2014-07-25,2243.067,2260.89,2239.066,2260.454,2237.015,9897283800.0,81994560081.0,0.004702,1.0,1.04779,0.0,0.0,0.0,0.0,0.0,1.0,1.0,1.0,8.28455177581146,SH000300
2014-07-28,2272.383,2331.472,2272.383,2323.897,2260.454,17986933300.0,145277424291.0,0.008543,1.0,2.806643,0.0,0.0,0.0,0.0,0.0,1.0,1.0,1.0,8.076831212300098,SH000300
2014-07-29,2326.038,2342.77,2316.217,2331.369,2323.897,13426964100.0,112176546316.0,0.006377,1.0,0.321526,0.0,0.0,0.0,0.0,0.0,1.0,1.0,1.0,8.354572595900514,SH000300
2014-07-30,2324.69,2339.038,2316.058,2322.011,2331.369,12302283200.0,103362308865.0,0.005843,1.0,-0.401391,0.0,0.0,0.0,0.0,0.0,1.0,1.0,1.0,8.401880137582916,SH000300
2014-07-31,2321.967,2350.551,2316.585,2350.251,2322.011,11098776900.0,93135566963.0,0.005271,1.0,1.216187,0.0,0.0,0.0,0.0,0.0,1.0,1.0,1.0,8.391516272662441,SH000300
2014-08-01,2341.227,2371.5,2328.966,2329.402,2350.251,12631739000.0,106125190266.0,0.006,1.0,-0.887092,0.0,0.0,0.0,0.0,0.0,1.0,1.0,1.0,8.401471109084822,SH000300
2014-08-04,2336.63,2375.62,2332.138,2375.62,2329.402,11671375400.0,101301888277.0,0.005543,1.0,1.984115,0.0,0.0,0.0,0.0,0.0,1.0,1.0,1.0,8.679515892959797,SH000300
2014-08-05,2376.797,2380.774,2353.795,2369.353,2375.62,11186178900.0,97906971246.0,0.005313,1.0,-0.263809,0.0,0.0,0.0,0.0,0.0,1.0,1.0,1.0,8.752494674119685,SH000300
2014-08-06,2358.206,2371.667,2334.334,2363.221,2369.353,11634182900.0,96681298733.0,0.005526,1.0,-0.258808,0.0,0.0,0.0,0.0,0.0,1.0,1.0,1.0,8.310106482252397,SH000300
2014-08-07,2363.608,2369.204,2326.268,2327.457,2363.221,11672921000.0,94254453994.0,0.005544,1.0,-1.513355,0.0,0.0,0.0,0.0,0.0,1.0,1.0,1.0,8.074624508638411,SH000300
2014-08-08,2329.184,2339.27,2319.288,2331.134,2327.457,8673969400.0,72605666133.0,0.00412,1.0,0.157984,0.0,0.0,0.0,0.0,0.0,1.0,1.0,1.0,8.370523665093861,SH000300
2014-08-11,2338.008,2367.004,2337.014,2365.349,2331.134,9160117100.0,82973900360.0,0.004342,1.0,1.467744,0.0,0.0,0.0,0.0,0.0,1.0,1.0,1.0,9.058170267277479,SH000300
2014-08-12,2361.17,2361.17,2344.716,2357.052,2365.349,9182260800.0,82973769642.0,0.004353,1.0,-0.350778,0.0,0.0,0.0,0.0,0.0,1.0,1.0,1.0,9.036311584833225,SH000300
2014-08-13,2358.459,2370.513,2335.694,2358.901,2357.052,11044778900.0,94185266458.0,0.005236,1.0,0.07844,0.0,0.0,0.0,0.0,0.0,1.0,1.0,1.0,8.527582789185576,SH000300
2014-08-14,2357.198,2363.18,2334.08,2335.945,2358.901,9796949300.0,84251435869.0,0.004644,1.0,-0.973157,0.0,0.0,0.0,0.0,0.0,1.0,1.0,1.0,8.599762363677844,SH000300
2014-08-15,2337.985,2366.902,2333.123,2360.635,2335.945,9359254600.0,81888217001.0,0.004437,1.0,1.056957,0.0,0.0,0.0,0.0,0.0,1.0,1.0,1.0,8.749437909403596,SH000300
2014-08-18,2366.272,2379.804,2361.197,2374.562,2360.635,10450955400.0,90148909855.0,0.004953,1.0,0.589968,0.0,0.0,0.0,0.0,0.0,1.0,1.0,1.0,8.625901308027782,SH000300
2014-08-19,2378.886,2379.474,2358.965,2374.768,2374.562,11585002000.0,102742759960.0,0.005491,1.0,0.008678,0.0,0.0,0.0,0.0,0.0,1.0,1.0,1.0,8.868600968735267,SH000300
2014-08-20,2371.649,2375.475,2360.837,2366.14,2374.768,10128808800.0,91374802730.0,0.004799,1.0,-0.363327,0.0,0.0,0.0,0.0,0.0,1.0,1.0,1.0,9.02127827015552,SH000300
2014-08-21,2365.731,2367.46,2333.299,2354.244,2366.14,10069021100.0,92192063269.0,0.004771,1.0,-0.50276,0.0,0.0,0.0,0.0,0.0,1.0,1.0,1.0,9.156010535026091,SH000300
2014-08-22,2352.316,2368.457,2350.986,2365.364,2354.244,8982393800.0,85642463757.0,0.004255,1.0,0.472344,0.0,0.0,0.0,0.0,0.0,1.0,1.0,1.0,9.53448108198062,SH000300
2014-08-25,2367.019,2367.606,2338.455,2342.863,2365.364,9737371700.0,85182493960.0,0.004613,1.0,-0.951269,0.0,0.0,0.0,0.0,0.0,1.0,1.0,1.0,8.747996542023758,SH000300
2014-08-26,2339.6,2350.391,2317.184,2324.092,2342.863,9384422200.0,83135033150.0,0.004445,1.0,-0.801199,0.0,0.0,0.0,0.0,0.0,1.0,1.0,1.0,8.858833434625309,SH000300
2014-08-27,2323.79,2336.737,2322.885,2327.595,2324.092,6767622100.0,62448675179.0,0.003205,1.0,0.150723,0.0,0.0,0.0,0.0,0.0,1.0,1.0,1.0,9.227565348100628,SH000300
2014-08-28,2328.059,2336.363,2309.639,2311.278,2327.595,7049065500.0,66195966855.0,0.003339,1.0,-0.70102,0.0,0.0,0.0,0.0,0.0,1.0,1.0,1.0,9.390743617717838,SH000300
2014-08-29,2317.304,2338.774,2313.262,2338.287,2311.278,6321142300.0,58359967752.0,0.002994,1.0,1.168576,0.0,0.0,0.0,0.0,0.0,1.0,1.0,1.0,9.232503396102947,SH000300
2014-09-01,2340.925,2355.552,2338.53,2355.317,2338.287,7732087000.0,73362240553.0,0.003657,1.0,0.728302,0.0,0.0,0.0,0.0,0.0,1.0,1.0,1.0,9.488025749451603,SH000300
2014-09-02,2359.862,2387.655,2349.949,2386.46,2355.317,11443673300.0,106925790139.0,0.005412,1.0,1.322245,0.0,0.0,0.0,0.0,0.0,1.0,1.0,1.0,9.343659796631908,SH000300
2014-09-03,2389.694,2414.26,2389.679,2408.838,2386.46,12973420400.0,123629189433.0,0.006135,1.0,0.937704,0.0,0.0,0.0,0.0,0.0,1.0,1.0,1.0,9.529421356992332,SH000300
2014-09-04,2411.934,2427.297,2404.082,2426.224,2408.838,11127229800.0,108294703239.0,0.005261,1.0,0.721768,0.0,0.0,0.0,0.0,0.0,1.0,1.0,1.0,9.732404667242514,SH000300
2014-09-05,2433.174,2450.634,2427.987,2449.259,2426.224,13355176400.0,123349320057.0,0.006313,1.0,0.949414,0.0,0.0,0.0,0.0,0.0,1.0,1.0,1.0,9.236068200267276,SH000300
2014-09-09,2452.227,2454.893,2437.078,2445.224,2449.259,11819434400.0,107795213548.0,0.005587,1.0,-0.16474,0.0,0.0,0.0,0.0,0.0,1.0,1.0,1.0,9.120166828625912,SH000300
2014-09-10,2435.593,2437.081,2422.646,2432.433,2445.224,10917551700.0,97472682969.0,0.005161,1.0,-0.523102,0.0,0.0,0.0,0.0,0.0,1.0,1.0,1.0,8.928071572035698,SH000300
2014-09-11,2430.678,2461.473,2417.269,2423.454,2432.433,13298258300.0,127203381658.0,0.006286,1.0,-0.369137,0.0,0.0,0.0,0.0,0.0,1.0,1.0,1.0,9.56541667249763,SH000300
2014-09-12,2418.752,2438.358,2412.622,2438.358,2423.454,10916017000.0,96625765409.0,0.00516,1.0,0.614982,0.0,0.0,0.0,0.0,0.0,1.0,1.0,1.0,8.851741931970242,SH000300
2014-09-15,2433.001,2439.254,2418.959,2437.189,2438.358,12224715900.0,112507690398.0,0.005776,1.0,-0.04794,0.0,0.0,0.0,0.0,0.0,1.0,1.0,1.0,9.203296936986487,SH000300
2014-09-16,2440.339,2442.924,2386.98,2388.765,2437.189,18674279100.0,147250169859.0,0.008824,1.0,-1.986882,0.0,0.0,0.0,0.0,0.0,1.0,1.0,1.0,7.885186307352555,SH000300
2014-09-17,2395.361,2405.371,2379.091,2401.326,2388.765,12526902800.0,98039470145.0,0.005919,1.0,0.525838,0.0,0.0,0.0,0.0,0.0,1.0,1.0,1.0,7.826313631570606,SH000300
2014-09-18,2396.379,2414.946,2389.622,2408.664,2401.326,11592637600.0,92105332013.0,0.005476,1.0,0.305587,0.0,0.0,0.0,0.0,0.0,1.0,1.0,1.0,7.945157538004984,SH000300
2014-09-19,2409.313,2430.149,2402.313,2425.211,2408.664,10181357700.0,88221038707.0,0.004804,1.0,0.686973,0.0,0.0,0.0,0.0,0.0,1.0,1.0,1.0,8.664958182050711,SH000300
2014-09-22,2419.326,2419.326,2374.108,2378.92,2425.211,10224087000.0,88958056522.0,0.004818,1.0,-1.908742,0.0,0.0,0.0,0.0,0.0,1.0,1.0,1.0,8.700831333105832,SH000300
2014-09-23,2379.521,2402.482,2379.521,2399.462,2378.92,8403334100.0,75463683722.0,0.00396,1.0,0.863501,0.0,0.0,0.0,0.0,0.0,1.0,1.0,1.0,8.980207477648664,SH000300
2014-09-24,2391.419,2443.978,2387.07,2441.864,2399.462,14271353000.0,120389934642.0,0.006725,1.0,1.76715,0.0,0.0,0.0,0.0,0.0,1.0,1.0,1.0,8.435775826020139,SH000300
2014-09-25,2453.423,2462.668,2429.587,2436.965,2441.864,13866189100.0,119612625726.0,0.006532,1.0,-0.200622,0.0,0.0,0.0,0.0,0.0,1.0,1.0,1.0,8.626207594846662,SH000300
2014-09-26,2430.808,2439.649,2420.499,2437.201,2436.965,10029949400.0,87757377938.0,0.004725,1.0,0.009678,0.0,0.0,0.0,0.0,0.0,1.0,1.0,1.0,8.749533466041214,SH000300
2014-09-29,2443.91,2453.665,2435.611,2447.799,2437.201,12340172700.0,111463779824.0,0.005784,1.0,0.434849,0.0,0.0,0.0,0.0,0.0,1.0,1.0,1.0,9.032594805095394,SH000300
2014-09-30,2452.166,2454.885,2444.204,2450.988,2447.799,11580422900.0,101906558841.0,0.005426,1.0,0.130279,0.0,0.0,0.0,0.0,0.0,1.0,1.0,1.0,8.799899599607887,SH000300
2014-10-08,2460.87,2478.383,2445.268,2478.383,2450.988,12195360400.0,116500107810.0,0.005714,1.0,1.117713,0.0,0.0,0.0,0.0,0.0,1.0,1.0,1.0,9.552822056000904,SH000300
2014-10-09,2480.197,2488.113,2461.112,2481.955,2478.383,13792392000.0,120752628433.0,0.006463,1.0,0.144127,0.0,0.0,0.0,0.0,0.0,1.0,1.0,1.0,8.755017145176849,SH000300
2014-10-10,2472.096,2482.136,2457.684,2466.789,2481.955,14763430700.0,121924973049.0,0.006917,1.0,-0.611051,0.0,0.0,0.0,0.0,0.0,1.0,1.0,1.0,8.258579968746695,SH000300
2014-10-13,2457.412,2460.389,2430.546,2454.946,2466.789,13159336200.0,112784478808.0,0.006165,1.0,-0.480098,0.0,0.0,0.0,0.0,0.0,1.0,1.0,1.0,8.570681460969134,SH000300
2014-10-14,2451.094,2467.904,2436.336,2446.562,2454.946,12739370500.0,106356643094.0,0.005969,1.0,-0.341516,0.0,0.0,0.0,0.0,0.0,1.0,1.0,1.0,8.348657658869408,SH000300
2014-10-15,2444.538,2465.498,2431.188,2463.874,2446.562,13580188200.0,114837290107.0,0.006363,1.0,0.707606,0.0,0.0,0.0,0.0,0.0,1.0,1.0,1.0,8.45623701348999,SH000300
2014-10-16,2448.968,2480.3,2441.822,2444.395,2463.874,15816660300.0,128340525473.0,0.00741,1.0,-0.790584,0.0,0.0,0.0,0.0,0.0,1.0,1.0,1.0,8.114261989492181,SH000300
2014-10-17,2443.222,2456.105,2410.401,2441.732,2444.395,13275998800.0,112685625525.0,0.00622,1.0,-0.108947,0.0,0.0,0.0,0.0,0.0,1.0,1.0,1.0,8.48792073745894,SH000300
2014-10-20,2448.453,2456.621,2441.896,2454.711,2441.732,9143540100.0,84843604900.0,0.004283,1.0,0.531549,0.0,0.0,0.0,0.0,0.0,1.0,1.0,1.0,9.279076153447393,SH000300
2014-10-21,2453.406,2459.255,2432.552,2433.391,2454.711,9624191200.0,86622201933.0,0.004509,1.0,-0.868527,0.0,0.0,0.0,0.0,0.0,1.0,1.0,1.0,9.000465611385609,SH000300
2014-10-22,2434.886,2447.467,2417.562,2418.641,2433.391,8865619300.0,82251744245.0,0.004153,1.0,-0.60615,0.0,0.0,0.0,0.0,0.0,1.0,1.0,1.0,9.27760841760936,SH000300
2014-10-23,2415.44,2424.662,2392.532,2395.936,2418.641,10349183900.0,86045452830.0,0.004848,1.0,-0.938754,0.0,0.0,0.0,0.0,0.0,1.0,1.0,1.0,8.314225900459649,SH000300
2014-10-24,2397.848,2404.993,2385.725,2390.706,2395.936,7497486900.0,65601225156.0,0.00351,1.0,-0.218285,0.0,0.0,0.0,0.0,0.0,1.0,1.0,1.0,8.74976189101444,SH000300
2014-10-27,2377.542,2377.542,2361.68,2368.832,2390.706,7386244700.0,65956480803.0,0.003458,1.0,-0.914961,0.0,0.0,0.0,0.0,0.0,1.0,1.0,1.0,8.929636572018795,SH000300
2014-10-28,2373.155,2416.766,2373.155,2416.653,2368.832,10152305500.0,90529903107.0,0.004753,1.0,2.01876,0.0,0.0,0.0,0.0,0.0,1.0,1.0,1.0,8.917176803534922,SH000300
2014-10-29,2423.813,2461.268,2415.703,2451.384,2416.653,15858406200.0,134541723619.0,0.007424,1.0,1.437151,0.0,0.0,0.0,0.0,0.0,1.0,1.0,1.0,8.483937283621856,SH000300
2014-10-30,2450.361,2474.376,2443.759,2468.925,2451.384,18962635300.0,139157358014.0,0.008877,1.0,0.715556,0.0,0.0,0.0,0.0,0.0,1.0,1.0,1.0,7.338503104259987,SH000300
2014-10-31,2473.501,2512.189,2466.504,2508.325,2468.925,23917241200.0,181604617039.0,0.011196,1.0,1.595832,0.0,0.0,0.0,0.0,0.0,1.0,1.0,1.0,7.593042003481572,SH000300
2014-11-03,2515.824,2524.172,2502.06,2512.548,2508.325,20580122800.0,151406835108.0,0.009634,1.0,0.168365,0.0,0.0,0.0,0.0,0.0,1.0,1.0,1.0,7.356945173718788,SH000300
2014-11-04,2511.036,2517.46,2498.605,2513.172,2512.548,21824700500.0,155291882550.0,0.010217,1.0,0.024836,0.0,0.0,0.0,0.0,0.0,1.0,1.0,1.0,7.115418722469983,SH000300
2014-11-05,2516.87,2519.399,2499.228,2503.448,2513.172,19049186200.0,146130895120.0,0.008917,1.0,-0.386926,0.0,0.0,0.0,0.0,0.0,1.0,1.0,1.0,7.6712408386243816,SH000300
2014-11-06,2505.167,2510.985,2482.983,2506.067,2503.448,14965111700.0,118839203631.0,0.007006,1.0,0.104612,0.0,0.0,0.0,0.0,0.0,1.0,1.0,1.0,7.941083635947735,SH000300
2014-11-07,2508.765,2541.549,2489.419,2502.153,2506.067,20876091100.0,176868665325.0,0.009773,1.0,-0.156174,0.0,0.0,0.0,0.0,0.0,1.0,1.0,1.0,8.472307601924577,SH000300
2014-11-10,2529.83,2565.73,2514.71,2565.73,2502.153,22659973500.0,187612569248.0,0.010608,1.0,2.540888,0.0,0.0,0.0,0.0,0.0,1.0,1.0,1.0,8.279469931771985,SH000300
2014-11-11,2578.438,2602.373,2532.572,2558.612,2565.73,32371165600.0,265840509803.0,0.015148,1.0,-0.277423,0.0,0.0,0.0,0.0,0.0,1.0,1.0,1.0,8.212262514359384,SH000300
2014-11-12,2545.403,2594.318,2539.601,2594.318,2558.612,18468626100.0,157847382809.0,0.008643,1.0,1.395524,0.0,0.0,0.0,0.0,0.0,1.0,1.0,1.0,8.546785340410352,SH000300
2014-11-13,2597.389,2607.519,2567.463,2579.75,2594.318,21981561500.0,192985452900.0,0.010286,1.0,-0.561539,0.0,0.0,0.0,0.0,0.0,1.0,1.0,1.0,8.779424196047218,SH000300
2014-11-14,2569.211,2581.932,2557.666,2581.093,2579.75,16504996500.0,145409933865.0,0.007722,1.0,0.05206,0.0,0.0,0.0,0.0,0.0,1.0,1.0,1.0,8.810055419581579,SH000300
2014-11-17,2613.513,2614.086,2565.943,2567.101,2581.093,15847809500.0,147724645089.0,0.007414,1.0,-0.542094,0.0,0.0,0.0,0.0,0.0,1.0,1.0,1.0,9.321455125328203,SH000300
2014-11-18,2565.273,2570.211,2534.927,2541.416,2567.101,14294135600.0,124246649435.0,0.006686,1.0,-1.000547,0.0,0.0,0.0,0.0,0.0,1.0,1.0,1.0,8.692141512565474,SH000300
2014-11-19,2538.233,2550.5,2531.318,2537.223,2541.416,12214697400.0,113031721938.0,0.005714,1.0,-0.164991,0.0,0.0,0.0,0.0,0.0,1.0,1.0,1.0,9.253747206050312,SH000300
2014-11-20,2528.78,2545.473,2522.836,2537.099,2537.223,10614986400.0,98145538650.0,0.004965,1.0,-0.004879,0.0,0.0,0.0,0.0,0.0,1.0,1.0,1.0,9.245941064041308,SH000300
2014-11-21,2537.538,2585.362,2530.032,2583.455,2537.099,15102813900.0,143750813260.0,0.007064,1.0,1.827124,0.0,0.0,0.0,0.0,0.0,1.0,1.0,1.0,9.518147691669563,SH000300
2014-11-24,2614.16,2667.671,2602.944,2649.258,2583.455,27983972000.0,264974912281.0,0.01309,1.0,2.547092,0.0,0.0,0.0,0.0,0.0,1.0,1.0,1.0,9.468809941669466,SH000300
2014-11-25,2650.085,2686.063,2643.843,2685.561,2649.258,22261169900.0,206879208489.0,0.010413,1.0,1.370307,0.0,0.0,0.0,0.0,0.0,1.0,1.0,1.0,9.293276562657203,SH000300
2014-11-26,2695.263,2723.36,2690.31,2723.018,2685.561,24396248500.0,239333899163.0,0.011411,1.0,1.394756,0.0,0.0,0.0,0.0,0.0,1.0,1.0,1.0,9.810274688872758,SH000300
2014-11-27,2737.03,2754.49,2718.704,2754.49,2723.018,26546473000.0,261164877169.0,0.012417,1.0,1.155774,0.0,0.0,0.0,0.0,0.0,1.0,1.0,1.0,9.838025457054126,SH000300
2014-11-28,2753.925,2809.543,2740.374,2808.819,2754.49,37532366200.0,330256023242.0,0.017554,1.0,1.972383,0.0,0.0,0.0,0.0,0.0,1.0,1.0,1.0,8.79923268045914,SH000300
2014-12-01,2825.611,2855.332,2808.653,2819.812,2808.819,36548741700.0,338833084229.0,0.017085,1.0,0.391372,0.0,0.0,0.0,0.0,0.0,1.0,1.0,1.0,9.270718182590674,SH000300
2014-12-02,2807.338,2944.506,2804.293,2923.94,2819.812,36146532200.0,341185189116.0,0.016897,1.0,3.692726,0.0,0.0,0.0,0.0,0.0,1.0,1.0,1.0,9.43894665270269,SH000300
2014-12-03,2936.124,3028.225,2912.246,2967.549,2923.94,46615668500.0,464857500377.0,0.021791,1.0,1.491451,0.0,0.0,0.0,0.0,0.0,1.0,1.0,1.0,9.972129872534166,SH000300
2014-12-04,2975.403,3104.89,2968.876,3104.351,2967.549,42681292800.0,433875560243.0,0.019952,1.0,4.609932,0.0,0.0,0.0,0.0,0.0,1.0,1.0,1.0,10.165473718804506,SH000300
2014-12-05,3143.968,3195.798,3011.936,3124.885,3104.351,52488126000.0,554362904944.0,0.024536,1.0,0.661457,0.0,0.0,0.0,0.0,0.0,1.0,1.0,1.0,10.561682178251134,SH000300
2014-12-08,3108.272,3270.881,3075.7,3252.881,3124.885,48446234400.0,515773683037.0,0.022647,1.0,4.096025,0.0,0.0,0.0,0.0,0.0,1.0,1.0,1.0,10.64631109981584,SH000300
2014-12-09,3233.097,3387.827,3074.516,3106.913,3252.881,63287456700.0,702150099247.0,0.029584,1.0,-4.487346,0.0,0.0,0.0,0.0,0.0,1.0,1.0,1.0,11.094617098857126,SH000300
2014-12-10,3120.212,3229.047,3058.191,3221.546,3106.913,42501870800.0,477300103105.0,0.019868,1.0,3.689605,0.0,0.0,0.0,0.0,0.0,1.0,1.0,1.0,11.23009632566574,SH000300
2014-12-11,3185.161,3254.424,3158.443,3183.012,3221.546,36709169100.0,392944833604.0,0.017145,1.0,-1.196132,0.0,0.0,0.0,0.0,0.0,1.0,1.0,1.0,10.70426934844461,SH000300
2014-12-12,3182.923,3239.447,3167.928,3193.227,3183.012,30106532500.0,337817436996.0,0.014056,1.0,0.320925,0.0,0.0,0.0,0.0,0.0,1.0,1.0,1.0,11.22073546649718,SH000300
2014-12-15,3176.829,3226.221,3143.297,3217.228,3193.227,29019383400.0,326668040798.0,0.013567,1.0,0.751621,0.0,0.0,0.0,0.0,0.0,1.0,1.0,1.0,11.256891171505732,SH000300
2014-12-16,3221.358,3303.402,3207.688,3303.402,3217.228,35812384700.0,425665729151.0,0.016735,1.0,2.678519,0.0,0.0,0.0,0.0,0.0,1.0,1.0,1.0,11.885992310112764,SH000300
2014-12-17,3325.82,3368.194,3275.736,3360.598,3303.402,44814077000.0,527748937956.0,0.020941,1.0,1.731421,0.0,0.0,0.0,0.0,0.0,1.0,1.0,1.0,11.776409853448504,SH000300
2014-12-18,3359.09,3393.711,3322.229,3345.927,3360.598,35597020700.0,416260448852.0,0.016633,1.0,-0.436556,0.0,0.0,0.0,0.0,0.0,1.0,1.0,1.0,11.693687861130469,SH000300
2014-12-19,3345.629,3397.183,3280.916,3383.167,3345.927,41121159000.0,435516864940.0,0.019214,1.0,1.112995,0.0,0.0,0.0,0.0,0.0,1.0,1.0,1.0,10.591064929371276,SH000300
2014-12-22,3396.251,3455.207,3357.661,3394.481,3383.167,54980167100.0,537021101759.0,0.025676,1.0,0.334419,0.0,0.0,0.0,0.0,0.0,1.0,1.0,1.0,9.767542189936341,SH000300
2014-12-23,3358.798,3431.779,3316.913,3324.924,3394.481,36973609300.0,377227774057.0,0.017267,1.0,-2.049117,0.0,0.0,0.0,0.0,0.0,1.0,1.0,1.0,10.202622389288893,SH000300
2014-12-24,3332.146,3340.357,3188.495,3230.385,3324.924,31744958700.0,339475799573.0,0.014825,1.0,-2.843345,0.0,0.0,0.0,0.0,0.0,1.0,1.0,1.0,10.693849148809887,SH000300
2014-12-25,3254.48,3335.779,3226.322,3335.419,3230.385,30979954700.0,330128939928.0,0.014465,1.0,3.251437,0.0,0.0,0.0,0.0,0.0,1.0,1.0,1.0,10.656211189618041,SH000300
2014-12-26,3343.64,3453.338,3335.012,3445.839,3335.419,38461412400.0,438838427110.0,0.017952,1.0,3.310534,0.0,0.0,0.0,0.0,0.0,1.0,1.0,1.0,11.409836501740118,SH000300
2014-12-29,3502.183,3524.28,3405.836,3455.455,3445.839,42501503700.0,505004508391.0,0.019816,1.0,0.27906,0.0,0.0,0.0,0.0,0.0,1.0,1.0,1.0,11.882038620459445,SH000300
2014-12-30,3450.814,3491.826,3422.174,3457.554,3455.455,32823387300.0,394607772399.0,0.015303,1.0,0.060741,0.0,0.0,0.0,0.0,0.0,1.0,1.0,1.0,12.022152643551204,SH000300
2014-12-31,3462.389,3542.34,3452.498,3533.705,3457.554,34593476000.0,403710888146.0,0.016026,1.0,2.202456,0.0,0.0,0.0,0.0,0.0,1.0,1.0,1.0,11.67014520732175,SH000300
2015-01-05,3566.089,3669.042,3551.51,3641.541,3533.705,45119809800.0,519849817448.0,0.020899,1.0,3.051639,0.0,0.0,0.0,0.0,0.0,1.0,1.0,1.0,11.521542749233841,SH000300
2015-01-06,3608.428,3683.226,3587.231,3641.059,3641.541,42096218500.0,498529588258.0,0.019499,1.0,-0.013234,0.0,0.0,0.0,0.0,0.0,1.0,1.0,1.0,11.842621642084074,SH000300
2015-01-07,3620.924,3671.19,3601.698,3643.79,3641.059,32019123200.0,398731720502.0,0.014831,1.0,0.075004,0.0,0.0,0.0,0.0,0.0,1.0,1.0,1.0,12.452924398067214,SH000300
2015-01-08,3650.073,3659.945,3552.1,3559.259,3643.79,29500304500.0,355831967325.0,0.013664,1.0,-2.319865,0.0,0.0,0.0,0.0,0.0,1.0,1.0,1.0,12.061976083162124,SH000300
2015-01-09,3547.574,3689.753,3536.395,3546.723,3559.259,34998267200.0,430210592272.0,0.016209,1.0,-0.352212,0.0,0.0,0.0,0.0,0.0,1.0,1.0,1.0,12.292339783953647,SH000300
2015-01-12,3531.515,3560.527,3461.322,3513.576,3546.723,26656717500.0,334257133083.0,0.012346,1.0,-0.93458,0.0,0.0,0.0,0.0,0.0,1.0,1.0,1.0,12.53932083284448,SH000300
2015-01-13,3506.451,3550.158,3494.768,3514.04,3513.576,18715396500.0,250796676069.0,0.008668,1.0,0.013209,0.0,0.0,0.0,0.0,0.0,1.0,1.0,1.0,13.400553713569467,SH000300
2015-01-14,3522.907,3547.242,3471.56,3502.423,3514.04,19601251000.0,241285837533.0,0.009078,1.0,-0.330587,0.0,0.0,0.0,0.0,0.0,1.0,1.0,1.0,12.309716228469295,SH000300
2015-01-15,3501.719,3604.121,3482.27,3604.121,3502.423,23781233800.0,303445351108.0,0.010998,1.0,2.903647,0.0,0.0,0.0,0.0,0.0,1.0,1.0,1.0,12.759865768949297,SH000300
2015-01-16,3616.248,3662.158,3601.258,3635.146,3604.121,28268161400.0,355568710742.0,0.013073,1.0,0.860817,0.0,0.0,0.0,0.0,0.0,1.0,1.0,1.0,12.578416604837978,SH000300
2015-01-19,3414.013,3497.252,3330.981,3355.155,3635.146,32950527500.0,366017532103.0,0.015236,1.0,-7.702331,0.0,0.0,0.0,0.0,0.0,1.0,1.0,1.0,11.108093249888032,SH000300
2015-01-20,3336.793,3419.204,3325.681,3396.222,3355.155,29784323200.0,381917903845.0,0.01376,1.0,1.223994,0.0,0.0,0.0,0.0,0.0,1.0,1.0,1.0,12.822782686060833,SH000300
2015-01-21,3420.491,3557.794,3409.43,3548.885,3396.222,33792821000.0,425433704264.0,0.015612,1.0,4.495086,0.0,0.0,0.0,0.0,0.0,1.0,1.0,1.0,12.589469942861532,SH000300
2015-01-22,3551.052,3576.756,3520.053,3567.613,3548.885,26885359900.0,345026040998.0,0.012416,1.0,0.527716,0.0,0.0,0.0,0.0,0.0,1.0,1.0,1.0,12.833231256019005,SH000300
2015-01-23,3582.088,3627.806,3548.626,3571.732,3567.613,28017217200.0,361835546416.0,0.012929,1.0,0.115452,0.0,0.0,0.0,0.0,0.0,1.0,1.0,1.0,12.914756802327963,SH000300
2015-01-26,3580.118,3611.617,3559.376,3607.985,3571.732,23976620300.0,309585710088.0,0.011066,1.0,1.015003,0.0,0.0,0.0,0.0,0.0,1.0,1.0,1.0,12.911982848892176,SH000300
2015-01-27,3614.038,3616.258,3510.017,3574.931,3607.985,28766917900.0,357548249621.0,0.013277,1.0,-0.91614,0.0,0.0,0.0,0.0,0.0,1.0,1.0,1.0,12.429146941077063,SH000300
2015-01-28,3547.239,3583.312,3512.393,3525.323,3574.931,21622021400.0,278749164896.0,0.009968,1.0,-1.387661,0.0,0.0,0.0,0.0,0.0,1.0,1.0,1.0,12.89191050823768,SH000300
2015-01-29,3474.915,3505.582,3453.901,3481.798,3525.323,21161886000.0,251897926442.0,0.009756,1.0,-1.234636,0.0,0.0,0.0,0.0,0.0,1.0,1.0,1.0,11.903377914520473,SH000300
2015-01-30,3496.885,3514.217,3431.936,3434.39,3481.798,19647915700.0,237420793858.0,0.009058,1.0,-1.361601,0.0,0.0,0.0,0.0,0.0,1.0,1.0,1.0,12.083764887997763,SH000300
2015-02-02,3360.193,3407.256,3347.085,3353.96,3434.39,19518369900.0,224837769887.0,0.008985,1.0,-2.341899,0.0,0.0,0.0,0.0,0.0,1.0,1.0,1.0,11.519290342325155,SH000300
2015-02-03,3388.602,3441.709,3360.717,3437.445,3353.96,19284609600.0,241100023193.0,0.008878,1.0,2.48915,0.0,0.0,0.0,0.0,0.0,1.0,1.0,1.0,12.50219881002932,SH000300
2015-02-04,3446.144,3476.817,3399.565,3401.768,3437.445,19130434900.0,244034297155.0,0.008807,1.0,-1.037893,0.0,0.0,0.0,0.0,0.0,1.0,1.0,1.0,12.75633818209747,SH000300
2015-02-05,3487.951,3487.951,3366.862,3366.946,3401.768,25043060900.0,311523669172.0,0.011528,1.0,-1.023645,0.0,0.0,0.0,0.0,0.0,1.0,1.0,1.0,12.439520488967066,SH000300
2015-02-06,3352.33,3374.051,3285.935,3312.42,3366.946,19266418600.0,221433183351.0,0.008869,1.0,-1.619453,0.0,0.0,0.0,0.0,0.0,1.0,1.0,1.0,11.493219780400702,SH000300
2015-02-09,3305.734,3376.526,3298.597,3345.921,3312.42,17235382000.0,220766525021.0,0.007929,1.0,1.011375,0.0,0.0,0.0,0.0,0.0,1.0,1.0,1.0,12.808913955083792,SH000300
2015-02-10,3345.077,3407.18,3339.548,3406.943,3345.921,15930908800.0,199120680699.0,0.007328,1.0,1.823779,0.0,0.0,0.0,0.0,0.0,1.0,1.0,1.0,12.499015793687803,SH000300
2015-02-11,3415.977,3445.655,3412.136,3434.124,3406.943,14461377200.0,185979219656.0,0.006644,1.0,0.797809,0.0,0.0,0.0,0.0,0.0,1.0,1.0,1.0,12.860408596215857,SH000300
2015-02-12,3435.361,3453.582,3405.627,3442.874,3434.124,15608169100.0,191285873488.0,0.007165,1.0,0.254796,0.0,0.0,0.0,0.0,0.0,1.0,1.0,1.0,12.255497250346936,SH000300
2015-02-13,3458.827,3509.505,3452.079,3469.828,3442.874,20108997100.0,247076153339.0,0.009231,1.0,0.782888,0.0,0.0,0.0,0.0,0.0,1.0,1.0,1.0,12.28684613709552,SH000300
2015-02-16,3473.289,3504.475,3466.607,3499.483,3469.828,16564134300.0,222799721247.0,0.007603,1.0,0.854654,0.0,0.0,0.0,0.0,0.0,1.0,1.0,1.0,13.450731394214788,SH000300
2015-02-17,3511.544,3536.82,3511.093,3522.322,3499.483,16532831300.0,214457267905.0,0.007581,1.0,0.652642,0.0,0.0,0.0,0.0,0.0,1.0,1.0,1.0,12.97159960163629,SH000300
2015-02-25,3529.55,3529.55,3463.955,3478.729,3522.322,16553935100.0,211739059322.0,0.007585,1.0,-1.237622,0.0,0.0,0.0,0.0,0.0,1.0,1.0,1.0,12.79085957767226,SH000300
2015-02-26,3473.713,3569.33,3456.871,3566.295,3478.729,22932843800.0,279809075234.0,0.010504,1.0,2.517181,0.0,0.0,0.0,0.0,0.0,1.0,1.0,1.0,12.201237564527432,SH000300
2015-02-27,3565.233,3594.813,3560.455,3572.843,3566.295,22278643800.0,271861944608.0,0.010204,1.0,0.183611,0.0,0.0,0.0,0.0,0.0,1.0,1.0,1.0,12.202804939499952,SH000300
2015-03-02,3603.452,3608.691,3566.527,3601.265,3572.843,24817612500.0,325164897145.0,0.011357,1.0,0.795497,0.0,0.0,0.0,0.0,0.0,1.0,1.0,1.0,13.102182860861415,SH000300
2015-03-03,3579.315,3579.315,3504.201,3507.9,3601.265,26186648900.0,335700118167.0,0.011983,1.0,-2.592561,0.0,0.0,0.0,0.0,0.0,1.0,1.0,1.0,12.819514228374597,SH000300
2015-03-04,3514.667,3540.912,3497.172,3530.822,3507.9,19966398100.0,257468790961.0,0.009137,1.0,0.653443,0.0,0.0,0.0,0.0,0.0,1.0,1.0,1.0,12.895104548726794,SH000300
2015-03-05,3513.249,3517.083,3467.676,3496.344,3530.822,21750880500.0,279030592350.0,0.009952,1.0,-0.976487,0.0,0.0,0.0,0.0,0.0,1.0,1.0,1.0,12.828473419731216,SH000300
2015-03-06,3501.184,3516.243,3472.392,3478.52,3496.344,18151805400.0,233468244766.0,0.008296,1.0,-0.509789,0.0,0.0,0.0,0.0,0.0,1.0,1.0,1.0,12.861984778990633,SH000300
2015-03-09,3449.696,3546.705,3417.486,3537.75,3478.52,23394041100.0,277860471571.0,0.010691,1.0,1.702735,0.0,0.0,0.0,0.0,0.0,1.0,1.0,1.0,11.877403753513967,SH000300
2015-03-10,3523.64,3551.205,3511.985,3520.611,3537.75,19426765700.0,245366625918.0,0.008878,1.0,-0.484458,0.0,0.0,0.0,0.0,0.0,1.0,1.0,1.0,12.630338457111263,SH000300
2015-03-11,3524.575,3568.916,3512.218,3524.653,3520.611,18894782500.0,235772755479.0,0.008594,1.0,0.114809,0.0,0.0,0.0,0.0,0.0,1.0,1.0,1.0,12.47819367484119,SH000300
2015-03-12,3557.686,3603.341,3536.534,3592.844,3524.653,26566462500.0,322141249344.0,0.012084,1.0,1.934685,0.0,0.0,0.0,0.0,0.0,1.0,1.0,1.0,12.125861670292009,SH000300
2015-03-13,3604.671,3641.392,3594.742,3617.657,3592.844,24686476800.0,297298516465.0,0.011223,1.0,0.690623,0.0,0.0,0.0,0.0,0.0,1.0,1.0,1.0,12.042970686890403,SH000300
2015-03-16,3641.773,3705.739,3621.119,3705.671,3617.657,27543830700.0,358497570207.0,0.012514,1.0,2.432898,0.0,0.0,0.0,0.0,0.0,1.0,1.0,1.0,13.015530559698075,SH000300
2015-03-17,3733.961,3762.575,3716.809,3757.122,3705.671,37162566600.0,455003825887.0,0.016885,1.0,1.388444,0.0,0.0,0.0,0.0,0.0,1.0,1.0,1.0,12.243606066944794,SH000300
2015-03-18,3769.086,3846.055,3763.848,3846.055,3757.122,41519001100.0,484465529242.0,0.018864,1.0,2.367047,0.0,0.0,0.0,0.0,0.0,1.0,1.0,1.0,11.668525648657766,SH000300
2015-03-19,3851.249,3859.126,3809.706,3839.739,3846.055,39154763000.0,463212821639.0,0.017784,1.0,-0.164218,0.0,0.0,0.0,0.0,0.0,1.0,1.0,1.0,11.830305846545413,SH000300
2015-03-20,3852.492,3916.863,3832.416,3892.574,3839.739,40181755200.0,544468374302.0,0.018251,1.0,1.376004,0.0,0.0,0.0,0.0,0.0,1.0,1.0,1.0,13.550139151263357,SH000300
2015-03-23,3923.083,3972.296,3922.21,3972.061,3892.574,39111992200.0,519760220709.0,0.017765,1.0,2.042018,0.0,0.0,0.0,0.0,0.0,1.0,1.0,1.0,13.289024451917333,SH000300
2015-03-24,3980.066,3989.858,3883.782,3973.046,3972.061,46858131200.0,591066800604.0,0.021283,1.0,0.024795,0.0,0.0,0.0,0.0,0.0,1.0,1.0,1.0,12.613964438342773,SH000300
2015-03-25,3961.578,3980.716,3913.988,3940.412,3973.046,37996885100.0,501733891680.0,0.017262,1.0,-0.82138,0.0,0.0,0.0,0.0,0.0,1.0,1.0,1.0,13.204605860705145,SH000300
2015-03-26,3921.745,3991.997,3892.878,3949.999,3940.412,34675631500.0,468538490771.0,0.015737,1.0,0.243297,0.0,0.0,0.0,0.0,0.0,1.0,1.0,1.0,13.512039161305541,SH000300
2015-03-27,3957.542,3993.032,3932.87,3971.697,3949.999,29875606400.0,393132347578.0,0.013558,1.0,0.549316,0.0,0.0,0.0,0.0,0.0,1.0,1.0,1.0,13.158974660276687,SH000300
2015-03-30,3999.024,4101.651,3999.024,4088.178,3971.697,42829702000.0,546211078887.0,0.019437,1.0,2.932775,0.0,0.0,0.0,0.0,0.0,1.0,1.0,1.0,12.753090808033173,SH000300
2015-03-31,4138.885,4166.018,4037.771,4051.204,4088.178,43606563500.0,598121732643.0,0.019789,1.0,-0.90441,0.0,0.0,0.0,0.0,0.0,1.0,1.0,1.0,13.716323521870738,SH000300
2015-04-01,4057.501,4139.499,4046.939,4123.895,4051.204,32951285300.0,466596904663.0,0.014954,1.0,1.794304,0.0,0.0,0.0,0.0,0.0,1.0,1.0,1.0,14.160203476584872,SH000300
2015-04-02,4149.946,4156.842,4068.649,4124.776,4123.895,33907048700.0,476617837707.0,0.015388,1.0,0.02136,0.0,0.0,0.0,0.0,0.0,1.0,1.0,1.0,14.056600499913165,SH000300
2015-04-03,4104.672,4170.558,4092.383,4170.538,4124.776,32130376600.0,466965600575.0,0.014581,1.0,1.109447,0.0,0.0,0.0,0.0,0.0,1.0,1.0,1.0,14.533461788773431,SH000300
2015-04-07,4213.894,4260.471,4197.019,4260.044,4170.538,41536265400.0,564646323685.0,0.01885,1.0,2.146147,0.0,0.0,0.0,0.0,0.0,1.0,1.0,1.0,13.594056139794407,SH000300
2015-04-08,4277.45,4304.78,4204.826,4295.803,4260.044,45867671500.0,658308062760.0,0.020816,1.0,0.839411,0.0,0.0,0.0,0.0,0.0,1.0,1.0,1.0,14.352332290510976,SH000300
2015-04-09,4316.958,4332.166,4212.611,4262.138,4295.803,43969990200.0,650419151486.0,0.019954,1.0,-0.783673,0.0,0.0,0.0,0.0,0.0,1.0,1.0,1.0,14.792342425539134,SH000300
2015-04-10,4249.383,4351.687,4231.196,4344.416,4262.138,34819017000.0,509354291196.0,0.015801,1.0,1.930436,0.0,0.0,0.0,0.0,0.0,1.0,1.0,1.0,14.628623524782448,SH000300
2015-04-13,4394.047,4432.024,4361.589,4421.073,4344.416,43415303600.0,598518139930.0,0.019685,1.0,1.7645,0.0,0.0,0.0,0.0,0.0,1.0,1.0,1.0,13.7858794088912,SH000300
2015-04-14,4432.126,4474.353,4385.908,4438.184,4421.073,43443212600.0,602127441917.0,0.019698,1.0,0.387029,0.0,0.0,0.0,0.0,0.0,1.0,1.0,1.0,13.860103935246261,SH000300
2015-04-15,4439.314,4475.997,4379.609,4380.513,4438.184,47215413100.0,596822875636.0,0.021292,1.0,-1.299426,0.0,0.0,0.0,0.0,0.0,1.0,1.0,1.0,12.640424735286283,SH000300
2015-04-16,4355.491,4513.765,4335.63,4513.546,4380.513,42260374800.0,564722844124.0,0.019055,1.0,3.036921,0.0,0.0,0.0,0.0,0.0,1.0,1.0,1.0,13.362939793993498,SH000300
2015-04-17,4578.679,4630.27,4553.904,4596.136,4513.546,55280266300.0,733953610122.0,0.024926,1.0,1.829833,0.0,0.0,0.0,0.0,0.0,1.0,1.0,1.0,13.276955037425353,SH000300
2015-04-20,4615.034,4671.168,4492.6,4521.919,4596.136,68643907500.0,939264904128.0,0.030952,1.0,-1.614776,0.0,0.0,0.0,0.0,0.0,1.0,1.0,1.0,13.683150309122482,SH000300
2015-04-21,4520.461,4620.058,4504.558,4619.164,4521.919,49031499100.0,685365027867.0,0.022108,1.0,2.150527,0.0,0.0,0.0,0.0,0.0,1.0,1.0,1.0,13.978055748799244,SH000300
2015-04-22,4637.055,4740.933,4632.589,4739.814,4619.164,51621379200.0,769924803864.0,0.023273,1.0,2.611942,0.0,0.0,0.0,0.0,0.0,1.0,1.0,1.0,14.91484372939807,SH000300
2015-04-23,4764.481,4782.044,4693.967,4740.892,4739.814,49743095400.0,752258236225.0,0.022427,1.0,0.022746,0.0,0.0,0.0,0.0,0.0,1.0,1.0,1.0,15.122867408548926,SH000300
2015-04-24,4682.626,4730.43,4618.318,4702.641,4740.892,48015293600.0,721273097490.0,0.021622,1.0,-0.806831,0.0,0.0,0.0,0.0,0.0,1.0,1.0,1.0,15.021736688703701,SH000300
2015-04-27,4753.871,4810.485,4735.31,4807.592,4702.641,51307654800.0,765910402328.0,0.023099,1.0,2.231739,0.0,0.0,0.0,0.0,0.0,1.0,1.0,1.0,14.927799863656992,SH000300
2015-04-28,4811.319,4839.078,4703.567,4741.861,4807.592,60863854500.0,860349875255.0,0.027401,1.0,-1.367232,0.0,0.0,0.0,0.0,0.0,1.0,1.0,1.0,14.135645570311357,SH000300
2015-04-29,4722.903,4797.927,4695.793,4774.326,4741.861,39505698000.0,601676350605.0,0.017775,1.0,0.684654,0.0,0.0,0.0,0.0,0.0,1.0,1.0,1.0,15.230115681160727,SH000300
2015-04-30,4788.412,4818.725,4749.485,4749.886,4774.326,39972744400.0,612511415165.0,0.017984,1.0,-0.511903,0.0,0.0,0.0,0.0,0.0,1.0,1.0,1.0,15.323226472411037,SH000300
2015-05-04,4757.637,4795.915,4699.398,4787.741,4749.886,37784385300.0,565453373624.0,0.016984,1.0,0.796966,0.0,0.0,0.0,0.0,0.0,1.0,1.0,1.0,14.965265919623151,SH000300
2015-05-05,4785.192,4785.192,4572.983,4596.837,4787.741,46041962600.0,660020218474.0,0.020695,1.0,-3.987356,0.0,0.0,0.0,0.0,0.0,1.0,1.0,1.0,14.335188623649158,SH000300
2015-05-06,4626.231,4700.909,4511.761,4553.327,4596.837,37607370200.0,586033987365.0,0.016904,1.0,-0.946515,0.0,0.0,0.0,0.0,0.0,1.0,1.0,1.0,15.582955794260775,SH000300
2015-05-07,4520.818,4546.338,4467.459,4470.089,4553.327,29775920300.0,427189953161.0,0.013379,1.0,-1.828076,0.0,0.0,0.0,0.0,0.0,1.0,1.0,1.0,14.346826188979287,SH000300
2015-05-08,4515.554,4559.058,4445.592,4558.404,4470.089,30240796700.0,452090694881.0,0.013587,1.0,1.975686,0.0,0.0,0.0,0.0,0.0,1.0,1.0,1.0,14.949695253266922,SH000300
2015-05-11,4582.091,4690.954,4535.149,4690.532,4558.404,37383842000.0,583260408778.0,0.016789,1.0,2.898568,0.0,0.0,0.0,0.0,0.0,1.0,1.0,1.0,15.601938633755193,SH000300
2015-05-12,4692.122,4748.004,4660.016,4747.421,4690.532,37705389100.0,607123299939.0,0.016904,1.0,1.21284,0.0,0.0,0.0,0.0,0.0,1.0,1.0,1.0,16.101764613244637,SH000300
2015-05-13,4746.713,4758.002,4678.845,4718.436,4747.421,37073042400.0,590479847838.0,0.016617,1.0,-0.610539,0.0,0.0,0.0,0.0,0.0,1.0,1.0,1.0,15.927472082463888,SH000300
2015-05-14,4717.955,4735.284,4670.168,4700.778,4718.436,33772515200.0,513219655550.0,0.015137,1.0,-0.374238,0.0,0.0,0.0,0.0,0.0,1.0,1.0,1.0,15.196370554894294,SH000300
2015-05-15,4690.755,4690.755,4592.05,4617.47,4700.778,32843116600.0,506695010176.0,0.014654,1.0,-1.772209,0.0,0.0,0.0,0.0,0.0,1.0,1.0,1.0,15.427738370480954,SH000300
2015-05-18,4582.058,4623.383,4565.061,4575.14,4617.47,26918048900.0,434083129375.0,0.01201,1.0,-0.916737,0.0,0.0,0.0,0.0,0.0,1.0,1.0,1.0,16.12609929447747,SH000300
2015-05-19,4577.637,4740.005,4577.637,4731.222,4575.14,31478595200.0,524232160128.0,0.014045,1.0,3.411525,0.0,0.0,0.0,0.0,0.0,1.0,1.0,1.0,16.653607214593872,SH000300
2015-05-20,4751.572,4843.1,4745.21,4754.919,4731.222,36318074800.0,589956272979.0,0.016183,1.0,0.50086,0.0,0.0,0.0,0.0,0.0,1.0,1.0,1.0,16.244150501584407,SH000300
2015-05-21,4768.689,4841.615,4746.029,4840.976,4754.919,30505453700.0,505346105539.0,0.013663,1.0,1.809855,0.0,0.0,0.0,0.0,0.0,1.0,1.0,1.0,16.56576265046666,SH000300
2015-05-22,4895.925,4951.991,4870.598,4951.335,4840.976,45584671800.0,719129953200.0,0.020411,1.0,2.279662,0.0,0.0,0.0,0.0,0.0,1.0,1.0,1.0,15.775696627917808,SH000300
2015-05-25,4949.11,5099.839,4949.11,5099.495,4951.334,46573659000.0,757085825931.0,0.020854,1.0,2.992348,0.0,0.0,0.0,0.0,0.0,1.0,1.0,1.0,16.25566558837475,SH000300
2015-05-26,5140.798,5199.295,5063.146,5198.918,5099.495,48794935900.0,802295843467.0,0.021839,1.0,1.949661,0.0,0.0,0.0,0.0,0.0,1.0,1.0,1.0,16.442194843973553,SH000300
2015-05-27,5216.17,5226.844,5126.861,5181.434,5198.918,47079873000.0,777826309129.0,0.02106,1.0,-0.336299,0.0,0.0,0.0,0.0,0.0,1.0,1.0,1.0,16.5214190176129,SH000300
2015-05-28,5174.101,5213.183,4831.329,4834.007,5181.434,57182904700.0,873207363731.0,0.025418,1.0,-6.705234,0.0,0.0,0.0,0.0,0.0,1.0,1.0,1.0,15.270426857679372,SH000300
2015-05-29,4839.53,4924.303,4665.521,4840.829,4834.007,42787885900.0,636008152610.0,0.019019,1.0,0.141131,0.0,0.0,0.0,0.0,0.0,1.0,1.0,1.0,14.864210727691036,SH000300
2015-06-01,4862.756,5079.319,4835.774,5076.179,4840.829,41750374100.0,637843681462.0,0.018559,1.0,4.861773,0.0,0.0,0.0,0.0,0.0,1.0,1.0,1.0,15.277556074928679,SH000300
2015-06-02,5091.272,5162.556,5047.081,5161.87,5076.179,41297319600.0,658452859697.0,0.018343,1.0,1.688099,0.0,0.0,0.0,0.0,0.0,1.0,1.0,1.0,15.944203306042168,SH000300
2015-06-03,5176.597,5186.967,5059.495,5143.59,5161.87,41425827000.0,672056532157.0,0.018382,1.0,-0.354141,0.0,0.0,0.0,0.0,0.0,1.0,1.0,1.0,16.223128922857715,SH000300
2015-06-04,5156.012,5194.233,4863.465,5181.416,5143.59,48276726800.0,735170669363.0,0.021404,1.0,0.735404,0.0,0.0,0.0,0.0,0.0,1.0,1.0,1.0,15.22826252095865,SH000300
2015-06-05,5254.905,5288.34,5104.178,5230.552,5181.416,54596119600.0,855224403052.0,0.024206,1.0,0.948307,0.0,0.0,0.0,0.0,0.0,1.0,1.0,1.0,15.66456387959118,SH000300
2015-06-08,5259.408,5370.609,5202.595,5353.751,5230.552,63731323700.0,949498013951.0,0.028256,1.0,2.355377,0.0,0.0,0.0,0.0,0.0,1.0,1.0,1.0,14.898451166973015,SH000300
2015-06-09,5379.47,5380.426,5251.208,5317.461,5353.751,57042726300.0,871431819564.0,0.025283,1.0,-0.677843,0.0,0.0,0.0,0.0,0.0,1.0,1.0,1.0,15.27682626845274,SH000300
2015-06-10,5254.304,5374.83,5209.68,5309.112,5317.461,44216567600.0,711509256785.0,0.019561,1.0,-0.157013,0.0,0.0,0.0,0.0,0.0,1.0,1.0,1.0,16.09146289285919,SH000300
2015-06-11,5305.141,5329.295,5248.163,5306.59,5309.112,39233875500.0,660584867997.0,0.017351,1.0,-0.047503,0.0,0.0,0.0,0.0,0.0,1.0,1.0,1.0,16.837104659645465,SH000300
2015-06-12,5329.278,5351.648,5283.086,5335.115,5306.59,43013138600.0,694213173337.0,0.019013,1.0,0.537547,0.0,0.0,0.0,0.0,0.0,1.0,1.0,1.0,16.139560979095815,SH000300
2015-06-15,5354.014,5362.452,5207.308,5221.167,5335.115,47574570300.0,766237730233.0,0.020654,1.0,-2.135816,0.0,0.0,0.0,0.0,0.0,1.0,1.0,1.0,16.106035754000285,SH000300
2015-06-16,5165.024,5204.303,5015.265,5064.821,5221.167,41167563800.0,651522532247.0,0.017853,1.0,-2.994468,0.0,0.0,0.0,0.0,0.0,1.0,1.0,1.0,15.82611337926681,SH000300
2015-06-17,5072.307,5158.367,4949.293,5138.831,5064.821,39712418700.0,589868366440.0,0.017222,1.0,1.461261,0.0,0.0,0.0,0.0,0.0,1.0,1.0,1.0,14.853498873892564,SH000300
2015-06-18,5107.695,5121.218,4926.429,4930.549,5138.831,36439581400.0,555646755662.0,0.015781,1.0,-4.053105,0.0,0.0,0.0,0.0,0.0,1.0,1.0,1.0,15.248439589978386,SH000300
2015-06-19,4847.057,4910.45,4634.691,4637.052,4930.549,35810474400.0,519609575034.0,0.015506,1.0,-5.952625,0.0,0.0,0.0,0.0,0.0,1.0,1.0,1.0,14.50998859244378,SH000300
2015-06-23,4641.425,4786.955,4455.331,4786.091,4637.052,36508794400.0,536984113004.0,0.0158,1.0,3.214091,0.0,0.0,0.0,0.0,0.0,1.0,1.0,1.0,14.708349640929255,SH000300
2015-06-24,4811.595,4883.732,4744.306,4880.126,4786.091,43463872300.0,615374085939.0,0.018791,1.0,1.964759,0.0,0.0,0.0,0.0,0.0,1.0,1.0,1.0,14.158289479858425,SH000300
2015-06-25,4906.242,4919.263,4667.224,4706.516,4880.126,44613598200.0,640246401379.0,0.01928,1.0,-3.557487,0.0,0.0,0.0,0.0,0.0,1.0,1.0,1.0,14.35092499172147,SH000300
2015-06-26,4573.872,4650.186,4278.675,4336.195,4706.516,44663979000.0,612959478689.0,0.01928,1.0,-7.868268,0.0,0.0,0.0,0.0,0.0,1.0,1.0,1.0,13.723799187013768,SH000300
2015-06-29,4446.842,4451.166,4000.926,4191.549,4336.195,52566248200.0,704014548847.0,0.022691,1.0,-3.335782,0.0,0.0,0.0,0.0,0.0,1.0,1.0,1.0,13.392900824278344,SH000300
2015-06-30,4161.067,4475.768,4016.013,4472.998,4191.549,52704528000.0,716045824698.0,0.022754,1.0,6.714683,0.0,0.0,0.0,0.0,0.0,1.0,1.0,1.0,13.586039983092155,SH000300
2015-07-01,4408.984,4526.127,4235.696,4253.021,4472.998,43172141100.0,623330596858.0,0.018636,1.0,-4.917888,0.0,0.0,0.0,0.0,0.0,1.0,1.0,1.0,14.438259974509348,SH000300
2015-07-02,4287.734,4312.19,4000.061,4107.996,4253.021,45706219400.0,593506685518.0,0.01973,1.0,-3.409927,0.0,0.0,0.0,0.0,0.0,1.0,1.0,1.0,12.98525000118474,SH000300
2015-07-03,4017.202,4164.629,3785.902,3885.917,4107.996,42930085000.0,538216869728.0,0.018507,1.0,-5.40602,0.0,0.0,0.0,0.0,0.0,1.0,1.0,1.0,12.537055767022125,SH000300
2015-07-06,4218.266,4218.266,3832.468,3998.537,3885.917,64809453000.0,779558044352.0,0.027936,1.0,2.898161,0.0,0.0,0.0,0.0,0.0,1.0,1.0,1.0,12.028462026241758,SH000300
2015-07-07,3877.854,3960.636,3743.624,3928.002,3998.537,67938500700.0,795962644454.0,0.029284,1.0,-1.764024,0.0,0.0,0.0,0.0,0.0,1.0,1.0,1.0,11.715928910011993,SH000300
2015-07-08,3651.06,3762.622,3612.254,3663.038,3928.002,58146709700.0,640122398881.0,0.025036,1.0,-6.745513,0.0,0.0,0.0,0.0,0.0,1.0,1.0,1.0,11.00874670610984,SH000300
2015-07-09,3621.68,3930.264,3537.826,3897.626,3663.038,50387061000.0,564744043358.0,0.021693,1.0,6.404189,0.0,0.0,0.0,0.0,0.0,1.0,1.0,1.0,11.208116372534608,SH000300
2015-07-10,3916.272,4179.111,3887.551,4106.556,3897.626,50070180200.0,629079512954.0,0.021555,1.0,5.360447,0.0,0.0,0.0,0.0,0.0,1.0,1.0,1.0,12.563955440967236,SH000300
2015-07-13,4132.231,4278.161,4072.43,4211.812,4106.556,50209218600.0,659251724205.0,0.021615,1.0,2.563118,0.0,0.0,0.0,0.0,0.0,1.0,1.0,1.0,13.13009328938252,SH000300
2015-07-14,4178.629,4258.513,4062.5,4112.149,4211.812,45442200900.0,597521262486.0,0.019558,1.0,-2.366276,0.0,0.0,0.0,0.0,0.0,1.0,1.0,1.0,13.149038793277287,SH000300
2015-07-15,4068.88,4114.243,3899.508,3966.759,4112.149,42195636700.0,514064532339.0,0.018142,1.0,-3.535618,0.0,0.0,0.0,0.0,0.0,1.0,1.0,1.0,12.182883647280052,SH000300
2015-07-16,3949.639,4067.022,3856.321,3997.355,3966.759,33053134500.0,410050894560.0,0.014194,1.0,0.771308,0.0,0.0,0.0,0.0,0.0,1.0,1.0,1.0,12.405809638417198,SH000300
2015-07-17,4023.757,4190.186,4000.231,4151.496,3997.355,33110713100.0,435597103716.0,0.014202,1.0,3.856078,0.0,0.0,0.0,0.0,0.0,1.0,1.0,1.0,13.155775364922599,SH000300
2015-07-20,4157.06,4221.693,4106.389,4160.612,4151.496,35267347200.0,483493894661.0,0.015127,1.0,0.219577,0.0,0.0,0.0,0.0,0.0,1.0,1.0,1.0,13.709392201208715,SH000300
2015-07-21,4109.761,4201.482,4081.704,4166.006,4160.612,31837494500.0,431695843789.0,0.013656,1.0,0.129645,0.0,0.0,0.0,0.0,0.0,1.0,1.0,1.0,13.559353541121146,SH000300
2015-07-22,4148.56,4187.431,4094.712,4157.16,4166.006,31894599700.0,441832505196.0,0.013678,1.0,-0.212331,0.0,0.0,0.0,0.0,0.0,1.0,1.0,1.0,13.85289388648449,SH000300
2015-07-23,4158.932,4262.062,4148.824,4250.805,4157.16,35447175900.0,483972220006.0,0.015202,1.0,2.25262,0.0,0.0,0.0,0.0,0.0,1.0,1.0,1.0,13.653336485008952,SH000300
2015-07-24,4255.198,4299.65,4154.617,4176.279,4250.805,39204537300.0,535901647230.0,0.016813,1.0,-1.753229,0.0,0.0,0.0,0.0,0.0,1.0,1.0,1.0,13.669378192865446,SH000300
2015-07-27,4097.796,4156.313,3817.169,3818.731,4176.279,36505451100.0,477952010794.0,0.015619,1.0,-8.561399,0.0,0.0,0.0,0.0,0.0,1.0,1.0,1.0,13.092620318120106,SH000300
2015-07-28,3690.974,3883.446,3627.421,3811.093,3818.731,38352721600.0,482654543336.0,0.01641,1.0,-0.200013,0.0,0.0,0.0,0.0,0.0,1.0,1.0,1.0,12.584623025449124,SH000300
2015-07-29,3839.958,3934.003,3769.189,3930.379,3811.093,27697284500.0,372287868068.0,0.011851,1.0,3.129966,0.0,0.0,0.0,0.0,0.0,1.0,1.0,1.0,13.441312922499677,SH000300
2015-07-30,3915.78,3968.534,3802.882,3815.412,3930.379,27154866500.0,376351170573.0,0.011619,1.0,-2.925082,0.0,0.0,0.0,0.0,0.0,1.0,1.0,1.0,13.859437334114679,SH000300
2015-07-31,3777.155,3863.624,3757.989,3816.699,3815.412,22237676700.0,299312543754.0,0.009515,1.0,0.033728,0.0,0.0,0.0,0.0,0.0,1.0,1.0,1.0,13.459703897664813,SH000300
2015-08-03,3766.072,3829.235,3742.578,3829.235,3816.699,24580503000.0,309631297700.0,0.010517,1.0,0.328455,0.0,0.0,0.0,0.0,0.0,1.0,1.0,1.0,12.596621708676995,SH000300
2015-08-04,3827.373,3948.449,3801.028,3948.156,3829.235,22023655600.0,288756503266.0,0.009423,1.0,3.105604,0.0,0.0,0.0,0.0,0.0,1.0,1.0,1.0,13.111197728046564,SH000300
2015-08-05,3937.623,3962.277,3858.66,3866.9,3948.156,20048426900.0,272693513971.0,0.008576,1.0,-2.058077,0.0,0.0,0.0,0.0,0.0,1.0,1.0,1.0,13.601741190527024,SH000300
2015-08-06,3802.928,3888.693,3793.237,3831.852,3866.9,14727869400.0,195532363765.0,0.0063,1.0,-0.906355,0.0,0.0,0.0,0.0,0.0,1.0,1.0,1.0,13.276351008720923,SH000300
2015-08-07,3866.43,3926.649,3857.908,3906.945,3831.852,18334915300.0,246546119056.0,0.007843,1.0,1.959706,0.0,0.0,0.0,0.0,0.0,1.0,1.0,1.0,13.446809817332507,SH000300
2015-08-10,3947.472,4101.731,3932.842,4084.365,3906.945,30678054000.0,401702020648.0,0.01312,1.0,4.541142,0.0,0.0,0.0,0.0,0.0,1.0,1.0,1.0,13.094116747040083,SH000300
2015-08-11,4083.589,4110.133,4042.004,4066.669,4084.365,32203419100.0,416996541243.0,0.013772,1.0,-0.433263,0.0,0.0,0.0,0.0,0.0,1.0,1.0,1.0,12.948828195792416,SH000300
2015-08-12,4025.674,4078.03,4015.355,4016.126,4066.669,25514619600.0,339799364935.0,0.010912,1.0,-1.242859,0.0,0.0,0.0,0.0,0.0,1.0,1.0,1.0,13.317829944640836,SH000300
2015-08-13,4010.013,4075.7,3967.821,4075.463,4016.126,24283697900.0,319887602964.0,0.010385,1.0,1.477466,0.0,0.0,0.0,0.0,0.0,1.0,1.0,1.0,13.172936192885187,SH000300
2015-08-14,4097.917,4113.159,4056.727,4073.54,4075.463,25339299600.0,340076813259.0,0.010837,1.0,-0.047181,0.0,0.0,0.0,0.0,0.0,1.0,1.0,1.0,13.420923965041244,SH000300
2015-08-17,4058.113,4081.772,4009.99,4077.872,4073.54,25693963800.0,336830563044.0,0.010988,1.0,0.106346,0.0,0.0,0.0,0.0,0.0,1.0,1.0,1.0,13.109326597712418,SH000300
2015-08-18,4084.311,4103.054,3816.553,3825.412,4077.872,31988107000.0,424924184411.0,0.01368,1.0,-6.190973,0.0,0.0,0.0,0.0,0.0,1.0,1.0,1.0,13.283817776744337,SH000300
2015-08-19,3748.266,3898.74,3668.192,3886.136,3825.412,26904983900.0,340923470856.0,0.011506,1.0,1.587381,0.0,0.0,0.0,0.0,0.0,1.0,1.0,1.0,12.671387283602872,SH000300
2015-08-20,3848.403,3880.824,3761.454,3761.454,3886.136,21216796500.0,270576698834.0,0.009067,1.0,-3.208377,0.0,0.0,0.0,0.0,0.0,1.0,1.0,1.0,12.752947827632697,SH000300
2015-08-21,3714.289,3757.779,3578.175,3589.536,3761.454,21798640300.0,267498426435.0,0.009316,1.0,-4.570526,0.0,0.0,0.0,0.0,0.0,1.0,1.0,1.0,12.271335402281949,SH000300
2015-08-24,3454.598,3468.149,3266.55,3275.534,3589.536,25543665200.0,273124228208.0,0.010886,1.0,-8.747704,0.0,0.0,0.0,0.0,0.0,1.0,1.0,1.0,10.69244472433815,SH000300
2015-08-25,3070.007,3200.108,3019.556,3042.927,3275.534,27608130600.0,281160333742.0,0.011766,1.0,-7.101344,0.0,0.0,0.0,0.0,0.0,1.0,1.0,1.0,10.183968549540257,SH000300
2015-08-26,3062.566,3192.932,2952.008,3025.692,3042.927,30827062300.0,312188248685.0,0.013138,1.0,-0.566399,0.0,0.0,0.0,0.0,0.0,1.0,1.0,1.0,10.12708397728187,SH000300
2015-08-27,3092.812,3206.724,3028.398,3205.637,3025.692,26729493000.0,278769983405.0,0.011391,1.0,5.947237,0.0,0.0,0.0,0.0,0.0,1.0,1.0,1.0,10.429303070020818,SH000300
2015-08-28,3246.236,3353.243,3223.622,3342.286,3205.637,29949842600.0,318763482694.0,0.012764,1.0,4.26277,0.0,0.0,0.0,0.0,0.0,1.0,1.0,1.0,10.643244004694703,SH000300
2015-08-31,3307.396,3368.279,3205.537,3366.536,3342.286,28025040300.0,306610891136.0,0.011936,1.0,0.725551,0.0,0.0,0.0,0.0,0.0,1.0,1.0,1.0,10.940604825321161,SH000300
2015-09-01,3296.529,3370.504,3190.578,3362.083,3366.536,35245852800.0,351387828324.0,0.015009,1.0,-0.132269,0.0,0.0,0.0,0.0,0.0,1.0,1.0,1.0,9.969621967098496,SH000300
2015-09-02,3220.851,3387.021,3213.637,3365.832,3362.083,34778941200.0,348986389305.0,0.01481,1.0,0.111509,0.0,0.0,0.0,0.0,0.0,1.0,1.0,1.0,10.034416726435595,SH000300
2015-09-07,3347.293,3422.225,3240.243,3250.485,3365.832,20422443100.0,221756790269.0,0.008696,1.0,-3.426996,0.0,0.0,0.0,0.0,0.0,1.0,1.0,1.0,10.858484912072052,SH000300
2015-09-08,3221.789,3340.219,3170.807,3334.023,3250.485,15459963100.0,168294750030.0,0.006583,1.0,2.570011,0.0,0.0,0.0,0.0,0.0,1.0,1.0,1.0,10.885844224945142,SH000300
2015-09-09,3344.824,3426.651,3330.29,3399.305,3334.023,22046742100.0,258815794996.0,0.009388,1.0,1.958054,0.0,0.0,0.0,0.0,0.0,1.0,1.0,1.0,11.739412282416094,SH000300
2015-09-10,3349.281,3398.316,3337.311,3357.561,3399.305,14488297100.0,168108269695.0,0.006165,1.0,-1.228013,0.0,0.0,0.0,0.0,0.0,1.0,1.0,1.0,11.603038544467728,SH000300
2015-09-11,3349.877,3383.134,3315.478,3347.188,3357.561,10854750800.0,130262410873.0,0.004619,1.0,-0.308946,0.0,0.0,0.0,0.0,0.0,1.0,1.0,1.0,12.000497595301773,SH000300
2015-09-14,3367.642,3373.921,3187.566,3281.132,3347.188,20545725100.0,226168550065.0,0.008743,1.0,-1.973475,0.0,0.0,0.0,0.0,0.0,1.0,1.0,1.0,11.008058803677852,SH000300
2015-09-15,3208.744,3240.079,3131.979,3152.232,3281.132,14355564100.0,145989213753.0,0.006109,1.0,-3.9285,0.0,0.0,0.0,0.0,0.0,1.0,1.0,1.0,10.169521220904166,SH000300
2015-09-16,3149.158,3345.918,3131.37,3309.248,3152.232,15970999400.0,168269840344.0,0.006789,1.0,4.9811,0.0,0.0,0.0,0.0,0.0,1.0,1.0,1.0,10.535961847447068,SH000300
2015-09-17,3287.657,3354.905,3236.999,3236.999,3309.248,16940188100.0,190270181393.0,0.007198,1.0,-2.1832,0.0,0.0,0.0,0.0,0.0,1.0,1.0,1.0,11.231881267776478,SH000300
2015-09-18,3254.443,3280.877,3227.834,3251.273,3236.999,10690348100.0,121752531747.0,0.004542,1.0,0.441,0.0,0.0,0.0,0.0,0.0,1.0,1.0,1.0,11.389014708230128,SH000300
2015-09-21,3222.603,3312.55,3211.934,3308.247,3251.273,12278866800.0,145323018237.0,0.005217,1.0,1.7524,0.0,0.0,0.0,0.0,0.0,1.0,1.0,1.0,11.835214161375218,SH000300
2015-09-22,3312.365,3371.414,3303.184,3339.03,3308.247,14622198500.0,172492862561.0,0.006213,1.0,0.9305,0.0,0.0,0.0,0.0,0.0,1.0,1.0,1.0,11.796643477449715,SH000300
2015-09-23,3290.071,3315.935,3253.333,3263.028,3339.03,12317143900.0,136885975737.0,0.005223,1.0,-2.2762,0.0,0.0,0.0,0.0,0.0,1.0,1.0,1.0,11.113451044198648,SH000300
2015-09-24,3278.896,3300.857,3255.902,3284.999,3263.028,10201123800.0,120820642496.0,0.004318,1.0,0.6733,0.0,0.0,0.0,0.0,0.0,1.0,1.0,1.0,11.843856114754729,SH000300
2015-09-25,3272.665,3290.858,3201.914,3231.951,3284.999,12141927800.0,137602168790.0,0.005138,1.0,-1.6149,0.0,0.0,0.0,0.0,0.0,1.0,1.0,1.0,11.332810658781877,SH000300
2015-09-28,3226.607,3246.554,3186.507,3242.752,3231.951,7421946800.0,88007466971.0,0.00314,1.0,0.3342,0.0,0.0,0.0,0.0,0.0,1.0,1.0,1.0,11.857733468394034,SH000300
2015-09-29,3197.221,3208.417,3159.042,3178.854,3242.752,8715063300.0,96691510035.0,0.003684,1.0,-1.9705,0.0,0.0,0.0,0.0,0.0,1.0,1.0,1.0,11.09475705529299,SH000300
2015-09-30,3195.901,3223.908,3186.767,3202.948,3178.854,7855934900.0,95881598729.0,0.003321,1.0,0.7579,0.0,0.0,0.0,0.0,0.0,1.0,1.0,1.0,12.20498896051188,SH000300
2015-10-08,3324.981,3337.331,3294.605,3296.482,3202.948,13208176800.0,164120601354.0,0.005583,1.0,2.9202,0.0,0.0,0.0,0.0,0.0,1.0,1.0,1.0,12.425681745416975,SH000300
2015-10-09,3302.36,3352.379,3293.965,3340.116,3296.482,12435250000.0,144731343186.0,0.005249,1.0,1.3237,0.0,0.0,0.0,0.0,0.0,1.0,1.0,1.0,11.638796420337348,SH000300
2015-10-12,3351.139,3486.631,3347.251,3447.693,3340.116,22140046800.0,263706468495.0,0.009333,1.0,3.2208,0.0,0.0,0.0,0.0,0.0,1.0,1.0,1.0,11.910836091593085,SH000300
2015-10-13,3422.477,3452.045,3413.967,3445.043,3447.693,14543378600.0,174978937957.0,0.00612,1.0,-0.0769,0.0,0.0,0.0,0.0,0.0,1.0,1.0,1.0,12.031519137994524,SH000300
2015-10-14,3431.135,3458.701,3403.23,3406.112,3445.043,15217393800.0,174599255680.0,0.006394,1.0,-1.1301,0.0,0.0,0.0,0.0,0.0,1.0,1.0,1.0,11.47366349157633,SH000300
2015-10-15,3403.389,3486.815,3402.316,3486.815,3406.112,17115829900.0,201881880361.0,0.007192,1.0,2.3694,0.0,0.0,0.0,0.0,0.0,1.0,1.0,1.0,11.795038951689978,SH000300
2015-10-16,3508.518,3537.539,3487.104,3534.065,3486.815,20896470900.0,252211491386.0,0.008771,1.0,1.3551,0.0,0.0,0.0,0.0,0.0,1.0,1.0,1.0,12.06957349846093,SH000300
2015-10-19,3548.952,3572.994,3502.504,3534.182,3534.065,20760674400.0,254890985147.0,0.008712,1.0,0.0033,0.0,0.0,0.0,0.0,0.0,1.0,1.0,1.0,12.277586952907464,SH000300
2015-10-20,3527.875,3577.798,3510.437,3577.703,3534.182,17902510800.0,226525577194.0,0.007513,1.0,1.2314,0.0,0.0,0.0,0.0,0.0,1.0,1.0,1.0,12.653285325430442,SH000300
2015-10-21,3580.838,3601.243,3417.412,3473.254,3577.703,28207605000.0,326886985805.0,0.011837,1.0,-2.9194,0.0,0.0,0.0,0.0,0.0,1.0,1.0,1.0,11.58861185857502,SH000300
2015-10-22,3453.201,3530.766,3442.306,3524.534,3473.254,18430558000.0,223583606540.0,0.007734,1.0,1.4764,0.0,0.0,0.0,0.0,0.0,1.0,1.0,1.0,12.131136048078414,SH000300
2015-10-23,3536.843,3581.836,3515.822,3571.241,3524.534,19829447800.0,247059685203.0,0.008321,1.0,1.3252,0.0,0.0,0.0,0.0,0.0,1.0,1.0,1.0,12.459231729236555,SH000300
2015-10-26,3614.702,3620.756,3561.192,3589.261,3571.241,20424886300.0,270489759134.0,0.008571,1.0,0.5046,0.0,0.0,0.0,0.0,0.0,1.0,1.0,1.0,13.24314638334119,SH000300
2015-10-27,3569.448,3601.053,3486.102,3592.879,3589.261,19205614000.0,239042538536.0,0.008059,1.0,0.1008,0.0,0.0,0.0,0.0,0.0,1.0,1.0,1.0,12.446492912749365,SH000300
2015-10-28,3575.805,3598.172,3517.21,3524.92,3592.879,17097709800.0,213303023833.0,0.007175,1.0,-1.8915,0.0,0.0,0.0,0.0,0.0,1.0,1.0,1.0,12.475531888662656,SH000300
2015-10-29,3539.978,3561.814,3507.966,3533.306,3524.92,12701044600.0,161051885808.0,0.00533,1.0,0.2379,0.0,0.0,0.0,0.0,0.0,1.0,1.0,1.0,12.680207878964538,SH000300
2015-10-30,3530.223,3574.473,3497.568,3534.079,3533.306,13914191400.0,183317149529.0,0.005839,1.0,0.0219,0.0,0.0,0.0,0.0,0.0,1.0,1.0,1.0,13.17483310808848,SH000300
2015-11-02,3489.225,3543.45,3474.712,3475.962,3534.079,13000256800.0,167455101934.0,0.005455,1.0,-1.6445,0.0,0.0,0.0,0.0,0.0,1.0,1.0,1.0,12.880907239770833,SH000300
2015-11-03,3484.722,3501.704,3452.62,3465.493,3475.962,10140187600.0,132231502584.0,0.004255,1.0,-0.3012,0.0,0.0,0.0,0.0,0.0,1.0,1.0,1.0,13.040340849709724,SH000300
2015-11-04,3477.159,3628.538,3477.159,3628.538,3465.493,20542386500.0,266955889953.0,0.00862,1.0,4.7048,0.0,0.0,0.0,0.0,0.0,1.0,1.0,1.0,12.995368865881284,SH000300
2015-11-05,3630.782,3781.408,3627.301,3705.97,3628.538,39804656800.0,495138171518.0,0.016704,1.0,2.134,0.0,0.0,0.0,0.0,0.0,1.0,1.0,1.0,12.439202126671772,SH000300
2015-11-06,3698.342,3801.705,3694.657,3793.374,3705.97,29875307600.0,389779446699.0,0.012537,1.0,2.3585,0.0,0.0,0.0,0.0,0.0,1.0,1.0,1.0,13.046876434470587,SH000300
2015-11-09,3796.379,3891.773,3796.379,3840.355,3793.374,35680482300.0,463161707601.0,0.014966,1.0,1.2385,0.0,0.0,0.0,0.0,0.0,1.0,1.0,1.0,12.980814096254523,SH000300
2015-11-10,3806.668,3876.49,3798.821,3833.238,3840.355,28651960300.0,380910629424.0,0.012018,1.0,-0.1853,0.0,0.0,0.0,0.0,0.0,1.0,1.0,1.0,13.294400293581308,SH000300
2015-11-11,3828.448,3843.112,3781.41,3833.646,3833.238,23223429600.0,307008336072.0,0.009741,1.0,0.0106,0.0,0.0,0.0,0.0,0.0,1.0,1.0,1.0,13.219767336690012,SH000300
2015-11-12,3841.738,3843.9,3771.274,3795.324,3833.646,21753764700.0,302446791881.0,0.009125,1.0,-0.9996,0.0,0.0,0.0,0.0,0.0,1.0,1.0,1.0,13.903193127808356,SH000300
2015-11-13,3756.204,3793.713,3727.585,3746.242,3795.324,20348989100.0,281961129453.0,0.008505,1.0,-1.2932,0.0,0.0,0.0,0.0,0.0,1.0,1.0,1.0,13.856272076581927,SH000300
2015-11-16,3682.735,3764.409,3680.073,3764.126,3746.242,16169090100.0,227483711616.0,0.006757,1.0,0.4774,0.0,0.0,0.0,0.0,0.0,1.0,1.0,1.0,14.069048425674863,SH000300
2015-11-17,3790.426,3852.774,3750.156,3758.387,3764.126,24853307100.0,365138598381.0,0.010381,1.0,-0.1525,0.0,0.0,0.0,0.0,0.0,1.0,1.0,1.0,14.691750957400755,SH000300
2015-11-18,3760.456,3771.847,3706.31,3715.58,3758.387,18568949500.0,254137953313.0,0.007756,1.0,-1.139,0.0,0.0,0.0,0.0,0.0,1.0,1.0,1.0,13.686178279121282,SH000300
2015-11-19,3725.622,3775.232,3714.675,3774.969,3715.58,15463198900.0,204557606993.0,0.006458,1.0,1.5984,0.0,0.0,0.0,0.0,0.0,1.0,1.0,1.0,13.2286733369898,SH000300
2015-11-20,3778.884,3793.545,3757.026,3774.383,3774.969,18695168900.0,242295089781.0,0.007808,1.0,-0.0155,0.0,0.0,0.0,0.0,0.0,1.0,1.0,1.0,12.960304936373161,SH000300
2015-11-23,3774.436,3802.851,3743.405,3753.335,3774.383,17562681200.0,234640979610.0,0.007335,1.0,-0.5577,0.0,0.0,0.0,0.0,0.0,1.0,1.0,1.0,13.36020263295561,SH000300
2015-11-24,3745.761,3754.169,3702.737,3753.889,3753.335,14338328300.0,192495095083.0,0.005988,1.0,0.0148,0.0,0.0,0.0,0.0,0.0,1.0,1.0,1.0,13.42521185562476,SH000300
2015-11-25,3747.76,3781.857,3735.716,3781.607,3753.889,15194494100.0,215125047954.0,0.006345,1.0,0.7384,0.0,0.0,0.0,0.0,0.0,1.0,1.0,1.0,14.158092170636994,SH000300
2015-11-26,3795.245,3805.844,3756.823,3759.429,3781.607,17352546800.0,239797205559.0,0.007246,1.0,-0.5865,0.0,0.0,0.0,0.0,0.0,1.0,1.0,1.0,13.819136079725196,SH000300
2015-11-27,3739.096,3742.742,3534.39,3556.992,3759.429,20893935800.0,269758168475.0,0.008725,1.0,-5.3848,0.0,0.0,0.0,0.0,0.0,1.0,1.0,1.0,12.91083551979709,SH000300
2015-11-30,3554.89,3587.97,3455.068,3566.412,3556.992,17320116300.0,220098287801.0,0.007233,1.0,0.2648,0.0,0.0,0.0,0.0,0.0,1.0,1.0,1.0,12.707668008037567,SH000300
2015-12-01,3562.319,3617.305,3536.115,3591.696,3566.412,13653655400.0,176598805608.0,0.005702,1.0,0.7089,0.0,0.0,0.0,0.0,0.0,1.0,1.0,1.0,12.934177730016534,SH000300
2015-12-02,3587.758,3725.854,3573.403,3721.955,3591.696,21353886500.0,260938692616.0,0.008917,1.0,3.6267,0.0,0.0,0.0,0.0,0.0,1.0,1.0,1.0,12.219728367292765,SH000300
2015-12-03,3709.547,3758.446,3693.137,3749.299,3721.955,19776212600.0,236698987440.0,0.008252,1.0,0.7347,0.0,0.0,0.0,0.0,0.0,1.0,1.0,1.0,11.968873526369755,SH000300
2015-12-04,3719.734,3726.124,3667.291,3677.592,3749.299,15119952200.0,196455597757.0,0.006309,1.0,-1.9125,0.0,0.0,0.0,0.0,0.0,1.0,1.0,1.0,12.993136165933118,SH000300
2015-12-07,3681.582,3699.337,3658.578,3687.607,3677.592,11388315000.0,161220059836.0,0.004752,1.0,0.2723,0.0,0.0,0.0,0.0,0.0,1.0,1.0,1.0,14.156621048504542,SH000300
2015-12-08,3668.838,3668.838,3619.445,3623.02,3687.607,12578108300.0,163317229186.0,0.005249,1.0,-1.7515,0.0,0.0,0.0,0.0,0.0,1.0,1.0,1.0,12.984244155856091,SH000300
2015-12-09,3613.42,3655.158,3611.49,3635.938,3623.02,11332542200.0,154319992100.0,0.004729,1.0,0.3566,0.0,0.0,0.0,0.0,0.0,1.0,1.0,1.0,13.617420467227557,SH000300
2015-12-10,3634.366,3678.318,3615.991,3623.084,3635.938,12021562500.0,168622188283.0,0.005016,1.0,-0.3535,0.0,0.0,0.0,0.0,0.0,1.0,1.0,1.0,14.02664489603577,SH000300
2015-12-11,3605.372,3630.743,3578.146,3608.059,3623.084,11032248100.0,145248640244.0,0.004604,1.0,-0.4147,0.0,0.0,0.0,0.0,0.0,1.0,1.0,1.0,13.165824311365876,SH000300
2015-12-14,3573.884,3712.503,3570.998,3711.322,3608.059,15176911900.0,203291513291.0,0.006285,1.0,2.862,0.0,0.0,0.0,0.0,0.0,1.0,1.0,1.0,13.394787729577583,SH000300
2015-12-15,3707.73,3717.357,3679.23,3694.388,3711.322,12648171000.0,186795461663.0,0.005238,1.0,-0.4563,0.0,0.0,0.0,0.0,0.0,1.0,1.0,1.0,14.768574971274504,SH000300
2015-12-16,3703.95,3713.09,3677.449,3685.44,3694.389,11134272300.0,160118243242.0,0.004611,1.0,-0.2422,0.0,0.0,0.0,0.0,0.0,1.0,1.0,1.0,14.380665294309354,SH000300
2015-12-17,3712.783,3768.844,3709.851,3755.888,3685.44,17792407500.0,242543823434.0,0.007368,1.0,1.9115,0.0,0.0,0.0,0.0,0.0,1.0,1.0,1.0,13.631872102412222,SH000300
2015-12-18,3754.96,3810.218,3750.925,3767.913,3755.888,17346598000.0,232281458171.0,0.007184,1.0,0.3202,0.0,0.0,0.0,0.0,0.0,1.0,1.0,1.0,13.39060593731405,SH000300
2015-12-21,3762.096,3877.82,3759.989,3865.965,3767.913,21743527500.0,289905289214.0,0.009005,1.0,2.6023,0.0,0.0,0.0,0.0,0.0,1.0,1.0,1.0,13.33294651541706,SH000300
2015-12-22,3872.097,3880.468,3841.593,3876.732,3865.965,18030366100.0,243797366698.0,0.007467,1.0,0.2785,0.0,0.0,0.0,0.0,0.0,1.0,1.0,1.0,13.521487325651142,SH000300
2015-12-23,3877.872,3926.686,3862.965,3866.381,3876.733,20701714700.0,294710770246.0,0.008573,1.0,-0.267,0.0,0.0,0.0,0.0,0.0,1.0,1.0,1.0,14.236056023224009,SH000300
2015-12-24,3858.135,3867.679,3787.083,3829.402,3866.381,14718139700.0,203683543579.0,0.006095,1.0,-0.9564,0.0,0.0,0.0,0.0,0.0,1.0,1.0,1.0,13.838946207243842,SH000300
2015-12-25,3832.085,3848.025,3813.204,3838.201,3829.402,11962401300.0,163314511431.0,0.004953,1.0,0.2298,0.0,0.0,0.0,0.0,0.0,1.0,1.0,1.0,13.6523184045832,SH000300
2015-12-28,3847.532,3853.389,3727.632,3727.632,3838.201,15398844000.0,210026020459.0,0.006375,1.0,-2.8807,0.0,0.0,0.0,0.0,0.0,1.0,1.0,1.0,13.639077092994773,SH000300
2015-12-29,3723.05,3762.052,3710.48,3761.875,3727.632,10188555500.0,140405054699.0,0.004216,1.0,0.9186,0.0,0.0,0.0,0.0,0.0,1.0,1.0,1.0,13.780663480608217,SH000300
2015-12-30,3762.914,3765.657,3726.278,3765.175,3761.875,10562995500.0,155744099319.0,0.004365,1.0,0.0877,0.0,0.0,0.0,0.0,0.0,1.0,1.0,1.0,14.744311811834057,SH000300
2015-12-31,3760.904,3772.617,3727.325,3731.005,3765.175,10187355600.0,145043696235.0,0.004209,1.0,-0.9075,0.0,0.0,0.0,0.0,0.0,1.0,1.0,1.0,14.237619842680273,SH000300
2016-01-04,3725.856,3726.245,3468.948,3469.066,3731.005,11537067400.0,145968206095.0,0.004766,1.0,-7.0206,0.0,0.0,0.0,0.0,0.0,1.0,1.0,1.0,12.652106556558731,SH000300
2016-01-05,3382.177,3518.217,3377.28,3478.78,3469.066,16211698400.0,196017085879.0,0.006697,1.0,0.28,0.0,0.0,0.0,0.0,0.0,1.0,1.0,1.0,12.091088857105804,SH000300
2016-01-06,3482.406,3543.74,3468.467,3539.808,3478.78,14596614400.0,160947198402.0,0.00603,1.0,1.7543,0.0,0.0,0.0,0.0,0.0,1.0,1.0,1.0,11.026337614426534,SH000300
2016-01-07,3481.15,3481.15,3284.737,3294.384,3539.808,4410264100.0,47130795628.0,0.00182,1.0,-6.9333,0.0,0.0,0.0,0.0,0.0,1.0,1.0,1.0,10.686615259163277,SH000300
2016-01-08,3371.871,3418.851,3237.931,3361.563,3294.384,18595945100.0,203498868289.0,0.007663,1.0,2.0392,0.0,0.0,0.0,0.0,0.0,1.0,1.0,1.0,10.943185043550166,SH000300
2016-01-11,3303.125,3342.481,3192.45,3192.45,3361.563,17463838700.0,184464050180.0,0.007194,1.0,-5.0308,0.0,0.0,0.0,0.0,0.0,1.0,1.0,1.0,10.562629061616333,SH000300
2016-01-12,3214.823,3242.253,3174.55,3215.71,3192.45,12822579600.0,142048909710.0,0.005282,1.0,0.7286,0.0,0.0,0.0,0.0,0.0,1.0,1.0,1.0,11.07802908160539,SH000300
2016-01-13,3240.484,3257.295,3155.879,3155.879,3215.71,12066649400.0,130886082444.0,0.00497,1.0,-1.8606,0.0,0.0,0.0,0.0,0.0,1.0,1.0,1.0,10.846928431019137,SH000300
2016-01-14,3076.645,3226.658,3072.039,3221.571,3155.879,13453767100.0,144771580596.0,0.005542,1.0,2.0816,0.0,0.0,0.0,0.0,0.0,1.0,1.0,1.0,10.76067242133246,SH000300
2016-01-15,3200.888,3216.798,3101.052,3118.73,3221.571,12460177900.0,131882737252.0,0.005133,1.0,-3.1923,0.0,0.0,0.0,0.0,0.0,1.0,1.0,1.0,10.584338226182147,SH000300
2016-01-18,3068.235,3165.616,3066.727,3130.729,3118.73,10112838600.0,109458287764.0,0.004166,1.0,0.3847,0.0,0.0,0.0,0.0,0.0,1.0,1.0,1.0,10.823695709333283,SH000300
2016-01-19,3132.705,3227.908,3119.216,3223.125,3130.729,12765389300.0,142907686296.0,0.005258,1.0,2.9513,0.0,0.0,0.0,0.0,0.0,1.0,1.0,1.0,11.194933655176502,SH000300
2016-01-20,3204.218,3225.95,3154.426,3174.378,3223.125,13065050400.0,143313337192.0,0.005382,1.0,-1.5124,0.0,0.0,0.0,0.0,0.0,1.0,1.0,1.0,10.96921426280912,SH000300
2016-01-21,3136.384,3202.538,3081.345,3081.345,3174.378,11118973300.0,121856195433.0,0.00458,1.0,-2.9307,0.0,0.0,0.0,0.0,0.0,1.0,1.0,1.0,10.959302819173061,SH000300
2016-01-22,3114.895,3132.171,3053.958,3113.463,3081.345,8995108700.0,96885673842.0,0.003705,1.0,1.0423,0.0,0.0,0.0,0.0,0.0,1.0,1.0,1.0,10.770928631690687,SH000300
2016-01-25,3129.028,3149.332,3105.1,3128.886,3113.463,8154006100.0,85777891364.0,0.003356,1.0,0.4954,0.0,0.0,0.0,0.0,0.0,1.0,1.0,1.0,10.51972371764598,SH000300
2016-01-26,3099.596,3106.53,2934.647,2940.509,3128.886,12693392100.0,127250652518.0,0.005221,1.0,-6.0206,0.0,0.0,0.0,0.0,0.0,1.0,1.0,1.0,10.024952472554597,SH000300
2016-01-27,2953.183,2963.544,2839.29,2930.352,2940.509,13222936600.0,126997670778.0,0.005439,1.0,-0.3454,0.0,0.0,0.0,0.0,0.0,1.0,1.0,1.0,9.604346948014559,SH000300
2016-01-28,2909.334,2941.887,2841.844,2853.756,2930.352,9922275600.0,95663874927.0,0.004081,1.0,-2.6139,0.0,0.0,0.0,0.0,0.0,1.0,1.0,1.0,9.641324105833142,SH000300
2016-01-29,2855.598,2965.309,2854.371,2946.09,2853.756,11330425900.0,109462356680.0,0.00466,1.0,3.2355,0.0,0.0,0.0,0.0,0.0,1.0,1.0,1.0,9.660921632257443,SH000300
2016-02-01,2939.04,2944.517,2869.561,2901.048,2946.09,8679534200.0,82931453498.0,0.00357,1.0,-1.5289,0.0,0.0,0.0,0.0,0.0,1.0,1.0,1.0,9.554827665521497,SH000300
2016-02-02,2901.528,2972.426,2901.512,2961.334,2901.048,8860196300.0,88740230428.0,0.003644,1.0,2.0781,0.0,0.0,0.0,0.0,0.0,1.0,1.0,1.0,10.015605458763932,SH000300
2016-02-03,2931.288,2954.71,2909.898,2948.639,2961.334,7738900000.0,74817092259.0,0.003183,1.0,-0.4287,0.0,0.0,0.0,0.0,0.0,1.0,1.0,1.0,9.667664947085504,SH000300
2016-02-04,2960.333,2999.206,2960.207,2984.76,2948.639,9177972400.0,91550346872.0,0.00377,1.0,1.225,0.0,0.0,0.0,0.0,0.0,1.0,1.0,1.0,9.97500786470005,SH000300
2016-02-05,2982.056,2988.36,2962.847,2963.789,2984.76,7685080800.0,77443222334.0,0.003157,1.0,-0.7026,0.0,0.0,0.0,0.0,0.0,1.0,1.0,1.0,10.077086285677048,SH000300
2016-02-15,2888.428,2961.493,2886.018,2946.707,2963.789,7291943400.0,71285049141.0,0.002995,1.0,-0.5764,0.0,0.0,0.0,0.0,0.0,1.0,1.0,1.0,9.775864297163908,SH000300
2016-02-16,2962.187,3042.089,2962.187,3037.035,2946.707,11257964300.0,112300492317.0,0.004624,1.0,3.0654,0.0,0.0,0.0,0.0,0.0,1.0,1.0,1.0,9.975204159867516,SH000300
2016-02-17,3034.09,3065.784,3027.046,3063.32,3037.035,12829160700.0,122279340234.0,0.005269,1.0,0.8655,0.0,0.0,0.0,0.0,0.0,1.0,1.0,1.0,9.531359306614656,SH000300
2016-02-18,3079.527,3093.513,3049.841,3053.698,3063.32,12440146400.0,122618612161.0,0.005109,1.0,-0.3141,0.0,0.0,0.0,0.0,0.0,1.0,1.0,1.0,9.856685622365344,SH000300
2016-02-19,3047.942,3065.968,3032.634,3051.585,3053.699,8733801200.0,90849341804.0,0.003587,1.0,-0.0692,0.0,0.0,0.0,0.0,0.0,1.0,1.0,1.0,10.402039126331385,SH000300
2016-02-22,3083.933,3128.207,3071.329,3118.867,3051.585,14094696800.0,141684080627.0,0.005789,1.0,2.2049,0.0,0.0,0.0,0.0,0.0,1.0,1.0,1.0,10.05229716094354,SH000300
2016-02-23,3117.203,3119.221,3061.429,3089.363,3118.868,11256739100.0,117476469063.0,0.004623,1.0,-0.946,0.0,0.0,0.0,0.0,0.0,1.0,1.0,1.0,10.43610125626879,SH000300
2016-02-24,3077.606,3109.545,3055.251,3109.545,3089.363,11178265000.0,112918607549.0,0.004591,1.0,0.6533,0.0,0.0,0.0,0.0,0.0,1.0,1.0,1.0,10.101621991337653,SH000300
2016-02-25,3104.41,3104.436,2905.457,2918.75,3109.545,15782975200.0,153493008194.0,0.006476,1.0,-6.1358,0.0,0.0,0.0,0.0,0.0,1.0,1.0,1.0,9.725226470228503,SH000300
2016-02-26,2942.095,2964.385,2902.948,2948.031,2918.75,10694972900.0,102531571946.0,0.004387,1.0,1.0032,0.0,0.0,0.0,0.0,0.0,1.0,1.0,1.0,9.58689403934815,SH000300
2016-02-29,2939.58,2939.875,2821.215,2877.467,2948.031,12934102000.0,118440829598.0,0.005306,1.0,-2.3936,0.0,0.0,0.0,0.0,0.0,1.0,1.0,1.0,9.157251860082749,SH000300
2016-03-01,2881.335,2950.436,2863.323,2930.694,2877.467,11604591800.0,110491037808.0,0.00476,1.0,1.8498,0.0,0.0,0.0,0.0,0.0,1.0,1.0,1.0,9.52132050073489,SH000300
2016-03-02,2933.921,3054.724,2933.116,3051.333,2930.694,17597234700.0,164025161471.0,0.007219,1.0,4.1164,0.0,0.0,0.0,0.0,0.0,1.0,1.0,1.0,9.321075968316771,SH000300
2016-03-03,3050.389,3078.444,3040.246,3058.422,3051.333,17310574400.0,165509087742.0,0.007101,1.0,0.2323,0.0,0.0,0.0,0.0,0.0,1.0,1.0,1.0,9.561155159704002,SH000300
2016-03-04,3047.537,3101.656,3032.424,3093.889,3058.422,21917253400.0,205520475543.0,0.008991,1.0,1.1597,0.0,0.0,0.0,0.0,0.0,1.0,1.0,1.0,9.377109065271837,SH000300
2016-03-07,3109.0,3130.903,3083.584,3104.84,3093.89,13246203700.0,127790344488.0,0.005434,1.0,0.3539,0.0,0.0,0.0,0.0,0.0,1.0,1.0,1.0,9.64731838511588,SH000300
2016-03-08,3100.149,3109.25,3001.829,3107.673,3104.84,13623574200.0,128758488144.0,0.005588,1.0,0.0912,0.0,0.0,0.0,0.0,0.0,1.0,1.0,1.0,9.451153291622987,SH000300
2016-03-09,3045.924,3072.916,3020.134,3071.907,3107.673,11146624500.0,106298652785.0,0.004572,1.0,-1.1509,0.0,0.0,0.0,0.0,0.0,1.0,1.0,1.0,9.53639846619037,SH000300
2016-03-10,3056.21,3074.16,3012.691,3013.146,3071.907,7607219700.0,78180468559.0,0.003121,1.0,-1.9129,0.0,0.0,0.0,0.0,0.0,1.0,1.0,1.0,10.277140879604147,SH000300
2016-03-11,2990.213,3026.437,2982.172,3018.284,3013.146,7333356400.0,74367296548.0,0.003008,1.0,0.1705,0.0,0.0,0.0,0.0,0.0,1.0,1.0,1.0,10.140963085879749,SH000300
2016-03-14,3039.569,3106.8,3034.0,3065.69,3018.284,11710865500.0,123539094703.0,0.004804,1.0,1.5706,0.0,0.0,0.0,0.0,0.0,1.0,1.0,1.0,10.549100295191675,SH000300
2016-03-15,3061.343,3077.085,3028.578,3074.78,3065.69,9831194100.0,101302845698.0,0.004033,1.0,0.2965,0.0,0.0,0.0,0.0,0.0,1.0,1.0,1.0,10.30422598390159,SH000300
2016-03-16,3068.866,3100.352,3064.521,3090.033,3074.78,12473644800.0,126128854001.0,0.005117,1.0,0.4961,0.0,0.0,0.0,0.0,0.0,1.0,1.0,1.0,10.111627837999684,SH000300
2016-03-17,3096.808,3147.841,3077.572,3124.204,3090.033,12166177700.0,136603715775.0,0.00499,1.0,1.1059,0.0,0.0,0.0,0.0,0.0,1.0,1.0,1.0,11.228153915177485,SH000300
2016-03-18,3136.223,3197.668,3130.102,3171.963,3124.204,19730256400.0,210017810346.0,0.008091,1.0,1.5287,0.0,0.0,0.0,0.0,0.0,1.0,1.0,1.0,10.644454186920754,SH000300
2016-03-21,3203.293,3267.775,3198.361,3249.437,3171.963,23326946400.0,256836636273.0,0.009566,1.0,2.4425,0.0,0.0,0.0,0.0,0.0,1.0,1.0,1.0,11.010298213442974,SH000300
2016-03-22,3231.615,3249.677,3218.728,3225.79,3249.437,16102089700.0,194211982989.0,0.006603,1.0,-0.7277,0.0,0.0,0.0,0.0,0.0,1.0,1.0,1.0,12.0612905906865,SH000300
2016-03-23,3217.729,3242.247,3202.976,3236.092,3225.79,12567928600.0,155567074583.0,0.005149,1.0,0.3194,0.0,0.0,0.0,0.0,0.0,1.0,1.0,1.0,12.378099807393877,SH000300
2016-03-24,3211.496,3221.906,3181.813,3181.851,3236.092,13313112200.0,162436036415.0,0.005454,1.0,-1.6761,0.0,0.0,0.0,0.0,0.0,1.0,1.0,1.0,12.201206898489145,SH000300
2016-03-25,3176.81,3204.442,3174.318,3197.817,3181.851,9739533000.0,115195604431.0,0.00399,1.0,0.5018,0.0,0.0,0.0,0.0,0.0,1.0,1.0,1.0,11.827631204802119,SH000300
2016-03-28,3206.953,3229.624,3161.878,3169.728,3197.817,10344193300.0,123844044128.0,0.004237,1.0,-0.8784,0.0,0.0,0.0,0.0,0.0,1.0,1.0,1.0,11.972325007499618,SH000300
2016-03-29,3171.314,3178.075,3122.76,3135.41,3169.728,9729474700.0,113844280553.0,0.003985,1.0,-1.0827,0.0,0.0,0.0,0.0,0.0,1.0,1.0,1.0,11.70096886659256,SH000300
2016-03-30,3161.289,3216.676,3161.289,3216.275,3135.41,11780251200.0,140721774451.0,0.004826,1.0,2.5791,0.0,0.0,0.0,0.0,0.0,1.0,1.0,1.0,11.945566530109307,SH000300
2016-03-31,3229.199,3241.927,3208.665,3218.088,3216.275,12155207400.0,147267617416.0,0.004979,1.0,0.0564,0.0,0.0,0.0,0.0,0.0,1.0,1.0,1.0,12.115598900928667,SH000300
2016-04-01,3213.674,3222.612,3165.855,3221.895,3218.088,11812213900.0,127050098456.0,0.004837,1.0,0.1183,0.0,0.0,0.0,0.0,0.0,1.0,1.0,1.0,10.75582439766012,SH000300
2016-04-05,3211.305,3271.93,3205.207,3264.486,3221.895,14604777200.0,159296543667.0,0.005981,1.0,1.3219,0.0,0.0,0.0,0.0,0.0,1.0,1.0,1.0,10.907153288651333,SH000300
2016-04-06,3250.521,3267.64,3236.196,3257.528,3264.486,12019630500.0,137206268587.0,0.004922,1.0,-0.2131,0.0,0.0,0.0,0.0,0.0,1.0,1.0,1.0,11.41518190488468,SH000300
2016-04-07,3266.288,3270.82,3208.644,3209.29,3257.528,11240946700.0,128273067720.0,0.004603,1.0,-1.4808,0.0,0.0,0.0,0.0,0.0,1.0,1.0,1.0,11.411233514700323,SH000300
2016-04-08,3189.846,3197.774,3163.305,3185.726,3209.29,10100562500.0,113920716519.0,0.004136,1.0,-0.7342,0.0,0.0,0.0,0.0,0.0,1.0,1.0,1.0,11.278650720591056,SH000300
2016-04-11,3213.507,3251.572,3213.507,3230.096,3185.726,12521270900.0,142759491340.0,0.005128,1.0,1.3928,0.0,0.0,0.0,0.0,0.0,1.0,1.0,1.0,11.401357935638945,SH000300
2016-04-12,3227.367,3232.264,3198.903,3218.45,3230.096,9286943700.0,99086557951.0,0.003802,1.0,-0.3605,0.0,0.0,0.0,0.0,0.0,1.0,1.0,1.0,10.669447468600461,SH000300
2016-04-13,3237.857,3296.523,3237.857,3261.383,3218.45,19561386600.0,200159601290.0,0.008008,1.0,1.334,0.0,0.0,0.0,0.0,0.0,1.0,1.0,1.0,10.232383081166649,SH000300
2016-04-14,3277.098,3286.072,3252.05,3275.832,3261.383,11315732700.0,117989443450.0,0.004633,1.0,0.443,0.0,0.0,0.0,0.0,0.0,1.0,1.0,1.0,10.427026386899366,SH000300
2016-04-15,3279.857,3282.985,3261.73,3272.205,3275.832,9980752900.0,107963982334.0,0.004085,1.0,-0.1107,0.0,0.0,0.0,0.0,0.0,1.0,1.0,1.0,10.817218241521639,SH000300
2016-04-18,3252.671,3252.671,3221.662,3228.453,3272.205,9709006900.0,103956150095.0,0.003971,1.0,-1.3371,0.0,0.0,0.0,0.0,0.0,1.0,1.0,1.0,10.707186756144957,SH000300
2016-04-19,3243.971,3250.725,3221.577,3238.303,3228.453,8087144000.0,90976236261.0,0.003307,1.0,0.3051,0.0,0.0,0.0,0.0,0.0,1.0,1.0,1.0,11.249488850575679,SH000300
2016-04-20,3244.142,3248.422,3107.369,3181.026,3238.303,16220785800.0,172324694469.0,0.006634,1.0,-1.7687,0.0,0.0,0.0,0.0,0.0,1.0,1.0,1.0,10.62369583038326,SH000300
2016-04-21,3160.796,3198.557,3150.939,3160.603,3181.026,10475265100.0,110324379038.0,0.004284,1.0,-0.642,0.0,0.0,0.0,0.0,0.0,1.0,1.0,1.0,10.531893750163897,SH000300
2016-04-22,3142.561,3175.38,3137.993,3174.901,3160.603,7707849200.0,82442921903.0,0.003152,1.0,0.4524,0.0,0.0,0.0,0.0,0.0,1.0,1.0,1.0,10.69596975288515,SH000300
2016-04-25,3164.738,3172.269,3137.113,3162.033,3174.901,6751935100.0,74734848036.0,0.002761,1.0,-0.4053,0.0,0.0,0.0,0.0,0.0,1.0,1.0,1.0,11.068656159920732,SH000300
2016-04-26,3159.771,3181.095,3150.404,3179.16,3162.033,5902073400.0,68871554173.0,0.002411,1.0,0.5417,0.0,0.0,0.0,0.0,0.0,1.0,1.0,1.0,11.669043996131936,SH000300
2016-04-27,3181.93,3188.826,3162.691,3165.916,3179.161,6000414700.0,70620405995.0,0.00245,1.0,-0.4166,0.0,0.0,0.0,0.0,0.0,1.0,1.0,1.0,11.769254214212895,SH000300
2016-04-28,3169.333,3174.766,3135.643,3160.581,3165.916,6987066000.0,78876767222.0,0.002852,1.0,-0.1685,0.0,0.0,0.0,0.0,0.0,1.0,1.0,1.0,11.288968391310458,SH000300
2016-04-29,3153.537,3171.289,3149.396,3156.745,3160.581,5802977600.0,70807704222.0,0.002369,1.0,-0.1214,0.0,0.0,0.0,0.0,0.0,1.0,1.0,1.0,12.201960631728097,SH000300
2016-05-03,3159.823,3218.485,3151.405,3213.54,3156.745,9816483500.0,115733867591.0,0.004006,1.0,1.7992,0.0,0.0,0.0,0.0,0.0,1.0,1.0,1.0,11.789748089629041,SH000300
2016-05-04,3203.465,3222.882,3198.292,3209.461,3213.54,9086240800.0,97797134813.0,0.003708,1.0,-0.1269,0.0,0.0,0.0,0.0,0.0,1.0,1.0,1.0,10.763211867882701,SH000300
2016-05-05,3204.169,3217.282,3196.566,3213.92,3209.461,7473368100.0,83946496908.0,0.003049,1.0,0.1389,0.0,0.0,0.0,0.0,0.0,1.0,1.0,1.0,11.232752861189857,SH000300
2016-05-06,3213.136,3216.893,3130.147,3130.354,3213.92,10868024000.0,119265216104.0,0.004432,1.0,-2.6001,0.0,0.0,0.0,0.0,0.0,1.0,1.0,1.0,10.973955900723075,SH000300
2016-05-09,3115.43,3115.43,3055.006,3065.615,3130.354,9923047700.0,100409213488.0,0.004047,1.0,-2.0681,0.0,0.0,0.0,0.0,0.0,1.0,1.0,1.0,10.118787747840818,SH000300
2016-05-10,3055.212,3084.725,3055.183,3069.112,3065.615,6884993500.0,70650764147.0,0.002808,1.0,0.1141,0.0,0.0,0.0,0.0,0.0,1.0,1.0,1.0,10.261558583461262,SH000300
2016-05-11,3080.636,3102.877,3063.088,3082.809,3069.112,8179425800.0,87323408342.0,0.003334,1.0,0.4463,0.0,0.0,0.0,0.0,0.0,1.0,1.0,1.0,10.675982700643852,SH000300
2016-05-12,3059.383,3095.349,3035.023,3090.137,3082.809,7876572600.0,81418792606.0,0.003209,1.0,0.2377,0.0,0.0,0.0,0.0,0.0,1.0,1.0,1.0,10.336830083429943,SH000300
2016-05-13,3081.68,3103.095,3064.691,3074.935,3090.137,6262975500.0,65850995649.0,0.002552,1.0,-0.4919,0.0,0.0,0.0,0.0,0.0,1.0,1.0,1.0,10.51433071213515,SH000300
2016-05-16,3064.526,3095.555,3053.662,3095.309,3074.935,5946185600.0,64405200020.0,0.002414,1.0,0.6626,0.0,0.0,0.0,0.0,0.0,1.0,1.0,1.0,10.83134707735998,SH000300
2016-05-17,3095.523,3105.201,3073.459,3086.025,3095.309,6527812500.0,75389385458.0,0.00265,1.0,-0.2999,0.0,0.0,0.0,0.0,0.0,1.0,1.0,1.0,11.548950809785055,SH000300
2016-05-18,3071.529,3072.612,3039.462,3068.036,3086.025,8271536900.0,88458847115.0,0.003355,1.0,-0.5829,0.0,0.0,0.0,0.0,0.0,1.0,1.0,1.0,10.694366498564493,SH000300
2016-05-19,3060.343,3086.977,3058.145,3062.5,3068.036,6044416600.0,68679060392.0,0.002452,1.0,-0.1804,0.0,0.0,0.0,0.0,0.0,1.0,1.0,1.0,11.362396892365096,SH000300
2016-05-20,3047.778,3078.531,3041.517,3078.218,3062.5,5608084200.0,65124251092.0,0.002274,1.0,0.5132,0.0,0.0,0.0,0.0,0.0,1.0,1.0,1.0,11.612566568098247,SH000300
2016-05-23,3078.515,3098.478,3076.504,3087.222,3078.218,5969721600.0,70337514484.0,0.002417,1.0,0.2925,0.0,0.0,0.0,0.0,0.0,1.0,1.0,1.0,11.782377671347353,SH000300
2016-05-24,3083.244,3083.257,3052.591,3063.556,3087.223,5873438500.0,61106015446.0,0.002378,1.0,-0.7666,0.0,0.0,0.0,0.0,0.0,1.0,1.0,1.0,10.403789100030586,SH000300
2016-05-25,3079.749,3089.102,3054.87,3059.226,3063.556,5665280300.0,63316562530.0,0.002292,1.0,-0.1413,0.0,0.0,0.0,0.0,0.0,1.0,1.0,1.0,11.176245335998644,SH000300
2016-05-26,3056.6,3072.524,3027.444,3064.211,3059.226,6039298100.0,65985183919.0,0.002443,1.0,0.1629,0.0,0.0,0.0,0.0,0.0,1.0,1.0,1.0,10.92596901600204,SH000300
2016-05-27,3059.732,3073.756,3052.179,3062.499,3064.211,6046875000.0,59371777079.0,0.002446,1.0,-0.0559,0.0,0.0,0.0,0.0,0.0,1.0,1.0,1.0,9.818588457509044,SH000300
2016-05-30,3056.314,3075.261,3037.665,3066.709,3062.499,6309857900.0,63496565009.0,0.002553,1.0,0.1375,0.0,0.0,0.0,0.0,0.0,1.0,1.0,1.0,10.063073688077825,SH000300
2016-05-31,3068.596,3170.926,3068.596,3169.56,3066.71,13886311100.0,151398175957.0,0.005613,1.0,3.3538,0.0,0.0,0.0,0.0,0.0,1.0,1.0,1.0,10.902692217301684,SH000300
2016-06-01,3172.962,3181.792,3159.817,3160.547,3169.56,11314848200.0,131700821152.0,0.004573,1.0,-0.2844,0.0,0.0,0.0,0.0,0.0,1.0,1.0,1.0,11.639645430859602,SH000300
2016-06-02,3158.026,3168.824,3151.065,3167.1,3160.547,8600342700.0,97093625345.0,0.003473,1.0,0.2073,0.0,0.0,0.0,0.0,0.0,1.0,1.0,1.0,11.289506561755964,SH000300
2016-06-03,3172.946,3201.749,3162.088,3189.325,3167.1,10149178300.0,136332027087.0,0.004092,1.0,0.7018,0.0,0.0,0.0,0.0,0.0,1.0,1.0,1.0,13.432814269013285,SH000300
2016-06-06,3192.779,3197.22,3168.554,3178.788,3189.326,7669375100.0,101176231366.0,0.003092,1.0,-0.3304,0.0,0.0,0.0,0.0,0.0,1.0,1.0,1.0,13.192239269402796,SH000300
2016-06-07,3182.438,3186.617,3168.179,3177.054,3178.788,6892831400.0,88711618425.0,0.002776,1.0,-0.0546,0.0,0.0,0.0,0.0,0.0,1.0,1.0,1.0,12.870127423253091,SH000300
2016-06-08,3171.813,3174.972,3148.352,3163.986,3177.054,7629177500.0,97682790861.0,0.003073,1.0,-0.4113,0.0,0.0,0.0,0.0,0.0,1.0,1.0,1.0,12.803842991069484,SH000300
2016-06-13,3134.045,3145.606,3065.767,3066.341,3163.986,9297594700.0,114091320004.0,0.003767,1.0,-3.0861,0.0,0.0,0.0,0.0,0.0,1.0,1.0,1.0,12.271057589120334,SH000300
2016-06-14,3058.443,3078.75,3055.655,3075.983,3066.341,6627945700.0,78622305350.0,0.002685,1.0,0.3144,0.0,0.0,0.0,0.0,0.0,1.0,1.0,1.0,11.862243432380565,SH000300
2016-06-15,3043.958,3128.673,3042.233,3116.368,3075.983,8739325700.0,106170177872.0,0.003539,1.0,1.3129,0.0,0.0,0.0,0.0,0.0,1.0,1.0,1.0,12.14855487901086,SH000300
2016-06-16,3104.362,3112.476,3089.478,3094.675,3116.368,8297470300.0,93496238871.0,0.003356,1.0,-0.6961,0.0,0.0,0.0,0.0,0.0,1.0,1.0,1.0,11.268041401847501,SH000300
2016-06-17,3096.09,3131.049,3096.09,3110.357,3094.675,8540298500.0,97953389320.0,0.003455,1.0,0.5067,0.0,0.0,0.0,0.0,0.0,1.0,1.0,1.0,11.469551013937043,SH000300
2016-06-20,3114.906,3118.725,3089.713,3112.674,3110.357,6358714100.0,74647802462.0,0.00257,1.0,0.0745,0.0,0.0,0.0,0.0,0.0,1.0,1.0,1.0,11.73944940565892,SH000300
2016-06-21,3124.898,3155.493,3097.94,3106.317,3112.674,8796534500.0,107233643632.0,0.003555,1.0,-0.2042,0.0,0.0,0.0,0.0,0.0,1.0,1.0,1.0,12.190442000994823,SH000300
2016-06-22,3100.45,3134.061,3096.992,3133.961,3106.317,6648711300.0,81348715848.0,0.002687,1.0,0.8899,0.0,0.0,0.0,0.0,0.0,1.0,1.0,1.0,12.235260665927846,SH000300
2016-06-23,3129.721,3129.721,3102.481,3117.317,3133.961,6775173800.0,81732552159.0,0.002731,1.0,-0.5311,0.0,0.0,0.0,0.0,0.0,1.0,1.0,1.0,12.063535869589058,SH000300
2016-06-24,3110.646,3130.539,3033.965,3077.156,3117.317,10479220800.0,118967441702.0,0.004224,1.0,-1.2883,0.0,0.0,0.0,0.0,0.0,1.0,1.0,1.0,11.35269921042221,SH000300
2016-06-27,3065.128,3120.64,3064.966,3120.544,3077.155,8326725900.0,104066083791.0,0.003352,1.0,1.41,0.0,0.0,0.0,0.0,0.0,1.0,1.0,1.0,12.497839491870389,SH000300
2016-06-28,3107.398,3139.43,3099.701,3136.401,3120.544,9202463700.0,117197791504.0,0.003702,1.0,0.5081,0.0,0.0,0.0,0.0,0.0,1.0,1.0,1.0,12.735479902409178,SH000300
2016-06-29,3142.484,3158.076,3139.133,3151.39,3136.401,10372366800.0,117958861189.0,0.004174,1.0,0.4779,0.0,0.0,0.0,0.0,0.0,1.0,1.0,1.0,11.372415135666047,SH000300
2016-06-30,3152.833,3163.72,3148.199,3153.921,3151.39,7969261700.0,100627912925.0,0.003202,1.0,0.0803,0.0,0.0,0.0,0.0,0.0,1.0,1.0,1.0,12.627005701795436,SH000300
2016-07-01,3156.932,3170.258,3148.295,3154.2,3153.921,7174628300.0,91215027688.0,0.002883,1.0,0.0088,0.0,0.0,0.0,0.0,0.0,1.0,1.0,1.0,12.713554469156263,SH000300
2016-07-04,3136.385,3210.602,3134.023,3204.696,3154.2,13331052900.0,149894780037.0,0.005357,1.0,1.6009,0.0,0.0,0.0,0.0,0.0,1.0,1.0,1.0,11.244031597609219,SH000300
2016-07-05,3199.157,3216.703,3197.996,3207.383,3204.696,13022689500.0,143899100428.0,0.005233,1.0,0.0838,0.0,0.0,0.0,0.0,0.0,1.0,1.0,1.0,11.049875713307916,SH000300
2016-07-06,3197.625,3217.516,3183.451,3216.803,3207.383,12489745800.0,147232471496.0,0.005009,1.0,0.2937,0.0,0.0,0.0,0.0,0.0,1.0,1.0,1.0,11.788268060347553,SH000300
2016-07-07,3206.551,3220.54,3190.124,3209.954,3216.804,11859520200.0,140488833675.0,0.004755,1.0,-0.2129,0.0,0.0,0.0,0.0,0.0,1.0,1.0,1.0,11.846080727195018,SH000300
2016-07-08,3199.754,3204.928,3183.959,3192.281,3209.954,8973485500.0,111063465417.0,0.003598,1.0,-0.5506,0.0,0.0,0.0,0.0,0.0,1.0,1.0,1.0,12.376847927931683,SH000300
2016-07-11,3199.038,3235.962,3197.625,3203.33,3192.28,13852951100.0,155288151673.0,0.005549,1.0,0.3461,0.0,0.0,0.0,0.0,0.0,1.0,1.0,1.0,11.209752387922599,SH000300
2016-07-12,3201.906,3273.474,3200.303,3273.182,3203.33,17253421700.0,190853738897.0,0.006911,1.0,2.1806,0.0,0.0,0.0,0.0,0.0,1.0,1.0,1.0,11.061790653212864,SH000300
2016-07-13,3274.02,3300.991,3271.775,3282.868,3273.182,17519609000.0,196592300322.0,0.007018,1.0,0.2959,0.0,0.0,0.0,0.0,0.0,1.0,1.0,1.0,11.221272136952372,SH000300
2016-07-14,3277.482,3281.95,3259.065,3276.764,3282.868,10752579800.0,128090420917.0,0.004305,1.0,-0.1859,0.0,0.0,0.0,0.0,0.0,1.0,1.0,1.0,11.912529206897865,SH000300
2016-07-15,3278.836,3285.026,3265.291,3276.278,3276.764,10266502600.0,125179812929.0,0.004108,1.0,-0.0148,0.0,0.0,0.0,0.0,0.0,1.0,1.0,1.0,12.193033772669574,SH000300
2016-07-18,3269.708,3281.637,3251.766,3262.022,3276.278,11031251800.0,129785706199.0,0.004412,1.0,-0.4351,0.0,0.0,0.0,0.0,0.0,1.0,1.0,1.0,11.765274562856048,SH000300
2016-07-19,3260.435,3264.73,3226.199,3248.234,3262.022,8888686100.0,107108911172.0,0.003555,1.0,-0.4227,0.0,0.0,0.0,0.0,0.0,1.0,1.0,1.0,12.050027413162898,SH000300
2016-07-20,3246.863,3254.508,3232.257,3237.605,3248.234,7270125500.0,91367448994.0,0.002908,1.0,-0.3272,0.0,0.0,0.0,0.0,0.0,1.0,1.0,1.0,12.567520188475426,SH000300
2016-07-21,3238.337,3271.374,3238.303,3252.523,3237.605,8600482500.0,107464072513.0,0.003439,1.0,0.4608,0.0,0.0,0.0,0.0,0.0,1.0,1.0,1.0,12.495121350807935,SH000300
2016-07-22,3251.242,3253.769,3220.894,3225.162,3252.523,8602912800.0,107416887320.0,0.00344,1.0,-0.8412,0.0,0.0,0.0,0.0,0.0,1.0,1.0,1.0,12.486106719575258,SH000300
2016-07-25,3220.166,3243.79,3218.142,3230.885,3225.162,7020318500.0,92015844035.0,0.002807,1.0,0.1774,0.0,0.0,0.0,0.0,0.0,1.0,1.0,1.0,13.107075417589671,SH000300
2016-07-26,3228.234,3269.746,3228.008,3269.588,3230.885,8105108900.0,103745762758.0,0.003241,1.0,1.1979,0.0,0.0,0.0,0.0,0.0,1.0,1.0,1.0,12.800045506853092,SH000300
2016-07-27,3270.084,3276.511,3157.409,3218.243,3269.588,16018866500.0,186928366498.0,0.006403,1.0,-1.5704,0.0,0.0,0.0,0.0,0.0,1.0,1.0,1.0,11.669263021700068,SH000300
2016-07-28,3204.465,3235.781,3195.27,3221.136,3218.243,11277996400.0,137295892753.0,0.004508,1.0,0.0899,0.0,0.0,0.0,0.0,0.0,1.0,1.0,1.0,12.1737840555615,SH000300
2016-07-29,3217.192,3225.418,3198.684,3203.93,3221.136,8804483700.0,103787029748.0,0.003516,1.0,-0.5342,0.0,0.0,0.0,0.0,0.0,1.0,1.0,1.0,11.787974546196274,SH000300
2016-08-01,3196.425,3199.975,3156.749,3176.809,3203.93,8700349700.0,98818634361.0,0.003474,1.0,-0.8465,0.0,0.0,0.0,0.0,0.0,1.0,1.0,1.0,11.35800717998726,SH000300
2016-08-02,3173.758,3189.053,3165.542,3189.053,3176.809,6216763900.0,70640763842.0,0.002483,1.0,0.3854,0.0,0.0,0.0,0.0,0.0,1.0,1.0,1.0,11.362947825958132,SH000300
2016-08-03,3179.684,3197.157,3173.536,3193.507,3189.052,7286410200.0,79754323301.0,0.002909,1.0,0.1397,0.0,0.0,0.0,0.0,0.0,1.0,1.0,1.0,10.945626325155287,SH000300
2016-08-04,3190.546,3201.554,3170.419,3201.289,3193.507,7350437300.0,86919591121.0,0.002935,1.0,0.2437,0.0,0.0,0.0,0.0,0.0,1.0,1.0,1.0,11.825091157637655,SH000300
2016-08-05,3201.354,3224.873,3192.861,3205.11,3201.288,7719636600.0,94429542391.0,0.003082,1.0,0.1194,0.0,0.0,0.0,0.0,0.0,1.0,1.0,1.0,12.232381818465393,SH000300
2016-08-08,3199.572,3234.479,3187.252,3234.183,3205.11,8667605100.0,102638114597.0,0.003461,1.0,0.9071,0.0,0.0,0.0,0.0,0.0,1.0,1.0,1.0,11.841577161492971,SH000300
2016-08-09,3232.603,3257.333,3229.174,3256.981,3234.183,9106525900.0,105924052436.0,0.003636,1.0,0.7049,0.0,0.0,0.0,0.0,0.0,1.0,1.0,1.0,11.63166432503091,SH000300
2016-08-10,3255.182,3261.861,3242.751,3243.341,3256.981,9043037200.0,106157448028.0,0.003605,1.0,-0.4188,0.0,0.0,0.0,0.0,0.0,1.0,1.0,1.0,11.739136495866676,SH000300
2016-08-11,3239.558,3274.026,3232.613,3233.36,3243.34,10104121300.0,116996159046.0,0.004029,1.0,-0.3077,0.0,0.0,0.0,0.0,0.0,1.0,1.0,1.0,11.579053296400945,SH000300
2016-08-12,3231.806,3294.234,3231.137,3294.234,3233.36,11625404400.0,129354686387.0,0.004632,1.0,1.8826,0.0,0.0,0.0,0.0,0.0,1.0,1.0,1.0,11.126897778024823,SH000300
2016-08-15,3303.469,3417.915,3302.378,3393.424,3294.233,22054342100.0,258897463910.0,0.008786,1.0,3.011,0.0,0.0,0.0,0.0,0.0,1.0,1.0,1.0,11.7390699181183,SH000300
2016-08-16,3403.384,3418.688,3372.021,3378.245,3393.423,19638974000.0,226785231085.0,0.007825,1.0,-0.4473,0.0,0.0,0.0,0.0,0.0,1.0,1.0,1.0,11.547712781991564,SH000300
2016-08-17,3377.771,3394.389,3356.924,3373.048,3378.245,13884768800.0,167917530856.0,0.005532,1.0,-0.1539,0.0,0.0,0.0,0.0,0.0,1.0,1.0,1.0,12.093649759295957,SH000300
2016-08-18,3369.947,3394.791,3349.688,3364.485,3373.047,14238016900.0,172256533000.0,0.005672,1.0,-0.2538,0.0,0.0,0.0,0.0,0.0,1.0,1.0,1.0,12.098351491632236,SH000300
2016-08-19,3358.555,3374.045,3341.192,3365.02,3364.485,11996150800.0,135382706293.0,0.00478,1.0,0.0159,0.0,0.0,0.0,0.0,0.0,1.0,1.0,1.0,11.285512207215668,SH000300
2016-08-22,3364.681,3372.833,3335.469,3336.795,3365.019,10795100800.0,128201783812.0,0.004291,1.0,-0.8388,0.0,0.0,0.0,0.0,0.0,1.0,1.0,1.0,11.87592280861333,SH000300
2016-08-23,3332.621,3359.648,3324.96,3341.83,3336.794,9292451600.0,108503692377.0,0.003694,1.0,0.1509,0.0,0.0,0.0,0.0,0.0,1.0,1.0,1.0,11.676541030033452,SH000300
2016-08-24,3341.93,3348.129,3323.725,3329.863,3341.829,8119142900.0,94012832200.0,0.003228,1.0,-0.3581,0.0,0.0,0.0,0.0,0.0,1.0,1.0,1.0,11.579157228529628,SH000300
2016-08-25,3314.085,3315.081,3279.806,3308.972,3329.863,10058915300.0,112578140010.0,0.003998,1.0,-0.6274,0.0,0.0,0.0,0.0,0.0,1.0,1.0,1.0,11.191876723527038,SH000300
2016-08-26,3312.499,3328.945,3301.736,3307.09,3308.972,8153069100.0,93213205560.0,0.00324,1.0,-0.0569,0.0,0.0,0.0,0.0,0.0,1.0,1.0,1.0,11.432897773428659,SH000300
2016-08-29,3306.575,3315.079,3297.07,3307.781,3307.09,7703633300.0,88011642022.0,0.003061,1.0,0.0209,0.0,0.0,0.0,0.0,0.0,1.0,1.0,1.0,11.424692556692698,SH000300
2016-08-30,3310.319,3325.122,3304.597,3311.987,3307.781,7572598700.0,89513016667.0,0.003009,1.0,0.1272,0.0,0.0,0.0,0.0,0.0,1.0,1.0,1.0,11.820647074167551,SH000300
2016-08-31,3310.565,3333.973,3304.655,3327.794,3311.987,7957080500.0,99215044445.0,0.003162,1.0,0.4772,0.0,0.0,0.0,0.0,0.0,1.0,1.0,1.0,12.468774752875756,SH000300
2016-09-01,3326.739,3329.345,3301.213,3301.577,3327.793,8494721900.0,100911462823.0,0.003375,1.0,-0.7878,0.0,0.0,0.0,0.0,0.0,1.0,1.0,1.0,11.879313297236958,SH000300
2016-09-02,3298.722,3320.425,3295.755,3314.114,3301.576,8279180300.0,99396378584.0,0.003289,1.0,0.3798,0.0,0.0,0.0,0.0,0.0,1.0,1.0,1.0,12.00558207241845,SH000300
2016-09-05,3321.005,3338.42,3314.629,3319.68,3314.114,7829247700.0,87531089645.0,0.00311,1.0,0.1679,0.0,0.0,0.0,0.0,0.0,1.0,1.0,1.0,11.180012818472967,SH000300
2016-09-06,3322.018,3347.951,3300.126,3342.626,3319.68,9828399800.0,118366533426.0,0.003905,1.0,0.6912,0.0,0.0,0.0,0.0,0.0,1.0,1.0,1.0,12.04331690149601,SH000300
2016-09-07,3344.066,3357.357,3337.751,3340.817,3342.625,10294010600.0,115119908617.0,0.00409,1.0,-0.0541,0.0,0.0,0.0,0.0,0.0,1.0,1.0,1.0,11.183193129507755,SH000300
2016-09-08,3338.008,3343.395,3328.226,3339.564,3340.817,7191615800.0,83742346850.0,0.002856,1.0,-0.0375,0.0,0.0,0.0,0.0,0.0,1.0,1.0,1.0,11.644441135189675,SH000300
2016-09-09,3339.373,3344.951,3318.044,3318.044,3339.564,8265703600.0,95471188732.0,0.003282,1.0,-0.6444,0.0,0.0,0.0,0.0,0.0,1.0,1.0,1.0,11.550279728394809,SH000300
2016-09-12,3271.87,3276.716,3234.573,3262.604,3318.044,12291768200.0,134456630927.0,0.004881,1.0,-1.6709,0.0,0.0,0.0,0.0,0.0,1.0,1.0,1.0,10.93875419217554,SH000300
2016-09-13,3265.337,3269.222,3246.386,3260.333,3262.604,6718028800.0,76862644231.0,0.002668,1.0,-0.0696,0.0,0.0,0.0,0.0,0.0,1.0,1.0,1.0,11.441249586634699,SH000300
2016-09-14,3245.737,3254.995,3231.335,3238.73,3260.333,7043269700.0,79780746436.0,0.002797,1.0,-0.6626,0.0,0.0,0.0,0.0,0.0,1.0,1.0,1.0,11.327231503856796,SH000300
2016-09-19,3242.743,3264.899,3242.743,3263.124,3238.73,5883108200.0,67678031642.0,0.002334,1.0,0.7532,0.0,0.0,0.0,0.0,0.0,1.0,1.0,1.0,11.503788361737083,SH000300
2016-09-20,3264.665,3265.035,3252.388,3257.403,3263.124,5278420600.0,61626150818.0,0.002094,1.0,-0.1753,0.0,0.0,0.0,0.0,0.0,1.0,1.0,1.0,11.675111835157661,SH000300
2016-09-21,3257.71,3270.902,3254.321,3266.636,3257.403,5914297900.0,68957744044.0,0.002346,1.0,0.2834,0.0,0.0,0.0,0.0,0.0,1.0,1.0,1.0,11.659497916734969,SH000300
2016-09-22,3281.472,3303.199,3277.979,3291.121,3266.636,7575354200.0,89991761655.0,0.003005,1.0,0.7496,0.0,0.0,0.0,0.0,0.0,1.0,1.0,1.0,11.879545071965083,SH000300
2016-09-23,3292.279,3293.916,3275.025,3275.667,3291.121,5799398600.0,68046257250.0,0.0023,1.0,-0.4696,0.0,0.0,0.0,0.0,0.0,1.0,1.0,1.0,11.733329943901424,SH000300
2016-09-26,3267.69,3267.69,3220.284,3220.284,3275.666,7045218600.0,78700835132.0,0.002795,1.0,-1.6907,0.0,0.0,0.0,0.0,0.0,1.0,1.0,1.0,11.170815215300772,SH000300
2016-09-27,3214.87,3240.776,3214.441,3240.755,3220.283,5846055000.0,66651130361.0,0.002317,1.0,0.6357,0.0,0.0,0.0,0.0,0.0,1.0,1.0,1.0,11.401044013612598,SH000300
2016-09-28,3243.647,3243.647,3227.996,3230.89,3240.754,4472749800.0,51996404752.0,0.001771,1.0,-0.3044,0.0,0.0,0.0,0.0,0.0,1.0,1.0,1.0,11.62515389347287,SH000300
2016-09-29,3234.857,3257.767,3234.803,3244.387,3230.89,5545255600.0,62220302312.0,0.002196,1.0,0.4178,0.0,0.0,0.0,0.0,0.0,1.0,1.0,1.0,11.220457053774041,SH000300
2016-09-30,3240.177,3260.94,3239.036,3253.285,3244.387,4497802200.0,52655734553.0,0.001781,1.0,0.2742,0.0,0.0,0.0,0.0,0.0,1.0,1.0,1.0,11.706992040023458,SH000300
2016-10-10,3265.365,3294.641,3258.958,3293.869,3253.284,8051926000.0,89607989896.0,0.003189,1.0,1.2475,0.0,0.0,0.0,0.0,0.0,1.0,1.0,1.0,11.128764707474957,SH000300
2016-10-11,3296.867,3308.004,3292.877,3306.557,3293.869,8771316300.0,88213421183.0,0.003474,1.0,0.3852,0.0,0.0,0.0,0.0,0.0,1.0,1.0,1.0,10.057033421882187,SH000300
2016-10-12,3299.139,3302.561,3289.753,3300.01,3306.557,6866978100.0,72386912616.0,0.002719,1.0,-0.198,0.0,0.0,0.0,0.0,0.0,1.0,1.0,1.0,10.541305296430172,SH000300
2016-10-13,3299.156,3307.409,3292.397,3302.646,3300.009,8122419800.0,79923748596.0,0.003217,1.0,0.0799,0.0,0.0,0.0,0.0,0.0,1.0,1.0,1.0,9.839893844935224,SH000300
2016-10-14,3298.734,3306.686,3285.729,3305.848,3302.645,8231627100.0,81485597806.0,0.00326,1.0,0.097,0.0,0.0,0.0,0.0,0.0,1.0,1.0,1.0,9.899087606385862,SH000300
2016-10-17,3305.963,3309.01,3271.541,3277.879,3305.848,8611350900.0,88199418936.0,0.00341,1.0,-0.8461,0.0,0.0,0.0,0.0,0.0,1.0,1.0,1.0,10.242227957056075,SH000300
2016-10-18,3272.681,3321.333,3272.681,3321.333,3277.878,10286071400.0,104625044142.0,0.004073,1.0,1.3257,0.0,0.0,0.0,0.0,0.0,1.0,1.0,1.0,10.171526141846536,SH000300
2016-10-19,3323.304,3332.52,3309.831,3316.241,3321.332,10116772500.0,96354442199.0,0.004006,1.0,-0.1533,0.0,0.0,0.0,0.0,0.0,1.0,1.0,1.0,9.524227435083668,SH000300
2016-10-20,3317.179,3324.903,3312.174,3318.604,3316.241,7923887100.0,82481095277.0,0.003138,1.0,0.0713,0.0,0.0,0.0,0.0,0.0,1.0,1.0,1.0,10.40917093291246,SH000300
2016-10-21,3315.716,3341.56,3309.179,3327.74,3318.604,10978517600.0,107114926126.0,0.004345,1.0,0.2753,0.0,0.0,0.0,0.0,0.0,1.0,1.0,1.0,9.756775006308684,SH000300
2016-10-24,3332.512,3382.826,3330.967,3367.578,3327.74,15301434500.0,150063007899.0,0.006056,1.0,1.1971,0.0,0.0,0.0,0.0,0.0,1.0,1.0,1.0,9.807120234315287,SH000300
2016-10-25,3367.475,3373.914,3356.585,3367.455,3367.577,11119169300.0,110576512916.0,0.004401,1.0,-0.0036,0.0,0.0,0.0,0.0,0.0,1.0,1.0,1.0,9.944673916962484,SH000300
2016-10-26,3365.198,3367.831,3349.574,3354.8,3367.454,9802478600.0,104719318220.0,0.00388,1.0,-0.3758,0.0,0.0,0.0,0.0,0.0,1.0,1.0,1.0,10.682942803874115,SH000300
2016-10-27,3351.46,3352.354,3335.133,3345.695,3354.8,7762985100.0,85241012414.0,0.003072,1.0,-0.2714,0.0,0.0,0.0,0.0,0.0,1.0,1.0,1.0,10.980442615302714,SH000300
2016-10-28,3347.144,3370.749,3337.289,3340.126,3345.695,9313330900.0,104797971448.0,0.003686,1.0,-0.1665,0.0,0.0,0.0,0.0,0.0,1.0,1.0,1.0,11.25246945193368,SH000300
2016-10-31,3332.406,3340.469,3317.328,3336.278,3340.126,7135286300.0,80701820968.0,0.002824,1.0,-0.1152,0.0,0.0,0.0,0.0,0.0,1.0,1.0,1.0,11.310242865517534,SH000300
2016-11-01,3338.71,3359.394,3334.457,3359.052,3336.277,7493819900.0,84717683750.0,0.002966,1.0,0.6826,0.0,0.0,0.0,0.0,0.0,1.0,1.0,1.0,11.305006642873817,SH000300
2016-11-02,3350.71,3356.397,3331.384,3333.352,3359.051,9119710400.0,100348995733.0,0.003609,1.0,-0.7651,0.0,0.0,0.0,0.0,0.0,1.0,1.0,1.0,11.003528766988039,SH000300
2016-11-03,3326.905,3379.989,3324.838,3365.085,3333.352,12622350400.0,137386468361.0,0.004996,1.0,0.952,0.0,0.0,0.0,0.0,0.0,1.0,1.0,1.0,10.884380801296722,SH000300
2016-11-04,3362.206,3377.639,3348.426,3354.175,3365.085,10406965500.0,110813764577.0,0.004118,1.0,-0.3242,0.0,0.0,0.0,0.0,0.0,1.0,1.0,1.0,10.648038044999765,SH000300
2016-11-07,3353.444,3362.742,3342.312,3356.592,3354.175,9987798800.0,94370876771.0,0.003953,1.0,0.072,0.0,0.0,0.0,0.0,0.0,1.0,1.0,1.0,9.44861612260351,SH000300
2016-11-08,3367.698,3383.917,3361.129,3371.118,3356.591,10314828200.0,105138256061.0,0.004082,1.0,0.4328,0.0,0.0,0.0,0.0,0.0,1.0,1.0,1.0,10.192923626299466,SH000300
2016-11-09,3370.6,3373.096,3322.08,3353.055,3371.117,13911005900.0,145186921690.0,0.005505,1.0,-0.5358,0.0,0.0,0.0,0.0,0.0,1.0,1.0,1.0,10.436838481248865,SH000300
2016-11-10,3374.906,3403.016,3374.906,3390.612,3353.054,13470553500.0,133277399553.0,0.005331,1.0,1.1201,0.0,0.0,0.0,0.0,0.0,1.0,1.0,1.0,9.893980937977048,SH000300
2016-11-11,3387.948,3422.671,3382.893,3417.221,3390.611,19878149600.0,190647270040.0,0.007866,1.0,0.7848,0.0,0.0,0.0,0.0,0.0,1.0,1.0,1.0,9.590795616107044,SH000300
2016-11-14,3409.224,3452.616,3408.139,3430.248,3417.221,21324710500.0,208353308629.0,0.008439,1.0,0.3812,0.0,0.0,0.0,0.0,0.0,1.0,1.0,1.0,9.770510536543977,SH000300
2016-11-15,3428.866,3434.922,3415.995,3429.87,3430.248,13456632000.0,135206770523.0,0.005324,1.0,-0.0111,0.0,0.0,0.0,0.0,0.0,1.0,1.0,1.0,10.047593671507105,SH000300
2016-11-16,3432.434,3435.637,3419.243,3429.592,3429.869,12980851100.0,128944599173.0,0.005136,1.0,-0.0081,0.0,0.0,0.0,0.0,0.0,1.0,1.0,1.0,9.933447212332634,SH000300
2016-11-17,3423.465,3437.669,3412.877,3436.535,3429.592,12156173100.0,121576882948.0,0.00481,1.0,0.2024,0.0,0.0,0.0,0.0,0.0,1.0,1.0,1.0,10.001246440625298,SH000300
2016-11-18,3437.49,3443.118,3413.27,3417.455,3436.535,11595120500.0,117345607612.0,0.004588,1.0,-0.5552,0.0,0.0,0.0,0.0,0.0,1.0,1.0,1.0,10.120257707714206,SH000300
2016-11-21,3412.652,3463.142,3412.08,3441.111,3417.455,14643452900.0,147542589349.0,0.005794,1.0,0.6922,0.0,0.0,0.0,0.0,0.0,1.0,1.0,1.0,10.075669335406541,SH000300
2016-11-22,3443.22,3469.219,3443.22,3468.364,3441.11,16852344600.0,167250665827.0,0.006668,1.0,0.792,0.0,0.0,0.0,0.0,0.0,1.0,1.0,1.0,9.924474593701342,SH000300
2016-11-23,3473.895,3492.956,3465.764,3474.729,3468.363,16238850400.0,171247116196.0,0.006425,1.0,0.1835,0.0,0.0,0.0,0.0,0.0,1.0,1.0,1.0,10.545519662894364,SH000300
2016-11-24,3468.807,3508.165,3467.011,3488.74,3474.728,14574630100.0,165071453531.0,0.005767,1.0,0.4033,0.0,0.0,0.0,0.0,0.0,1.0,1.0,1.0,11.325944631075062,SH000300
2016-11-25,3490.04,3521.303,3463.948,3521.298,3488.74,15362150600.0,166832181108.0,0.006076,1.0,0.9332,0.0,0.0,0.0,0.0,0.0,1.0,1.0,1.0,10.859949589870574,SH000300
2016-11-28,3538.675,3553.36,3528.32,3535.081,3521.298,20737548300.0,219859766828.0,0.008201,1.0,0.3914,0.0,0.0,0.0,0.0,0.0,1.0,1.0,1.0,10.60201349009034,SH000300
2016-11-29,3525.901,3583.719,3521.379,3564.04,3535.08,23691835600.0,248322816339.0,0.00937,1.0,0.8192,0.0,0.0,0.0,0.0,0.0,1.0,1.0,1.0,10.48136668393056,SH000300
2016-11-30,3557.636,3567.069,3527.023,3538.001,3564.04,17856017800.0,190681227631.0,0.007062,1.0,-0.7306,0.0,0.0,0.0,0.0,0.0,1.0,1.0,1.0,10.678821547265708,SH000300
2016-12-01,3543.956,3575.97,3543.245,3565.036,3538.001,18017076100.0,199637742998.0,0.007125,1.0,0.7641,0.0,0.0,0.0,0.0,0.0,1.0,1.0,1.0,11.080473984233214,SH000300
2016-12-02,3559.771,3562.55,3516.788,3528.955,3565.036,19635548000.0,203742147476.0,0.007766,1.0,-1.0121,0.0,0.0,0.0,0.0,0.0,1.0,1.0,1.0,10.37618850647815,SH000300
2016-12-05,3473.688,3496.884,3457.343,3469.407,3528.954,18085235500.0,190175061733.0,0.007149,1.0,-1.6874,0.0,0.0,0.0,0.0,0.0,1.0,1.0,1.0,10.515487162608416,SH000300
2016-12-06,3466.242,3477.59,3456.807,3459.153,3469.407,11552909000.0,125727753193.0,0.004567,1.0,-0.2956,0.0,0.0,0.0,0.0,0.0,1.0,1.0,1.0,10.882778804282108,SH000300
2016-12-07,3458.369,3475.747,3445.756,3475.747,3459.153,11434510300.0,115282194223.0,0.00452,1.0,0.4797,0.0,0.0,0.0,0.0,0.0,1.0,1.0,1.0,10.081952895088126,SH000300
2016-12-08,3481.807,3484.34,3466.512,3470.143,3475.747,11738392200.0,119188508676.0,0.00464,1.0,-0.1613,0.0,0.0,0.0,0.0,0.0,1.0,1.0,1.0,10.153733717978856,SH000300
2016-12-09,3464.873,3507.927,3461.761,3493.7,3470.142,15030330800.0,152674867707.0,0.005942,1.0,0.6789,0.0,0.0,0.0,0.0,0.0,1.0,1.0,1.0,10.157784930921148,SH000300
2016-12-12,3489.268,3495.802,3400.793,3409.179,3493.7,18746775100.0,199163540831.0,0.007411,1.0,-2.4192,0.0,0.0,0.0,0.0,0.0,1.0,1.0,1.0,10.62388276216105,SH000300
2016-12-13,3394.207,3416.215,3370.596,3405.035,3409.179,12110509700.0,124454188749.0,0.004787,1.0,-0.1216,0.0,0.0,0.0,0.0,0.0,1.0,1.0,1.0,10.276544243963572,SH000300
2016-12-14,3399.411,3412.28,3378.266,3378.945,3405.035,12400774400.0,126182669414.0,0.004902,1.0,-0.7662,0.0,0.0,0.0,0.0,0.0,1.0,1.0,1.0,10.17538625765178,SH000300
2016-12-15,3363.86,3378.037,3327.143,3340.434,3378.945,11496066000.0,121507811540.0,0.004544,1.0,-1.1398,0.0,0.0,0.0,0.0,0.0,1.0,1.0,1.0,10.569512347963208,SH000300
2016-12-16,3335.363,3356.292,3330.493,3346.031,3340.433,9077542200.0,98112206845.0,0.003588,1.0,0.1676,0.0,0.0,0.0,0.0,0.0,1.0,1.0,1.0,10.808234727347234,SH000300
2016-12-19,3342.345,3344.858,3324.999,3328.983,3346.03,8164067800.0,86095693838.0,0.003212,1.0,-0.5095,0.0,0.0,0.0,0.0,0.0,1.0,1.0,1.0,10.545685796239958,SH000300
2016-12-20,3328.299,3329.102,3289.268,3309.064,3328.982,8756959200.0,88527345889.0,0.003445,1.0,-0.5983,0.0,0.0,0.0,0.0,0.0,1.0,1.0,1.0,10.109370600813122,SH000300
2016-12-21,3313.745,3342.476,3313.745,3338.536,3309.064,10825499500.0,106205485213.0,0.004259,1.0,0.8906,0.0,0.0,0.0,0.0,0.0,1.0,1.0,1.0,9.81067757778752,SH000300
2016-12-22,3335.122,3340.363,3322.719,3335.672,3338.536,9227724900.0,92564877570.0,0.003631,1.0,-0.0858,0.0,0.0,0.0,0.0,0.0,1.0,1.0,1.0,10.03117004170768,SH000300
2016-12-23,3333.401,3334.894,3300.884,3307.599,3335.672,9744471300.0,99575473231.0,0.003834,1.0,-0.8416,0.0,0.0,0.0,0.0,0.0,1.0,1.0,1.0,10.218663503170253,SH000300
2016-12-26,3293.224,3322.421,3267.048,3322.401,3307.599,8979398200.0,95493219936.0,0.003533,1.0,0.4475,0.0,0.0,0.0,0.0,0.0,1.0,1.0,1.0,10.634701547816423,SH000300
2016-12-27,3319.206,3330.232,3315.832,3316.385,3322.4,7548635900.0,79617133030.0,0.00297,1.0,-0.181,0.0,0.0,0.0,0.0,0.0,1.0,1.0,1.0,10.547221257551977,SH000300
2016-12-28,3315.753,3320.547,3293.174,3301.889,3316.385,6900043700.0,71759839566.0,0.002715,1.0,-0.4371,0.0,0.0,0.0,0.0,0.0,1.0,1.0,1.0,10.399910882593396,SH000300
2016-12-29,3297.036,3312.113,3288.096,3297.765,3301.888,7008792300.0,75972960431.0,0.002754,1.0,-0.1249,0.0,0.0,0.0,0.0,0.0,1.0,1.0,1.0,10.839664977802238,SH000300
2016-12-30,3302.599,3313.55,3295.751,3310.081,3297.764,7174411600.0,76921368838.0,0.002819,1.0,0.3735,0.0,0.0,0.0,0.0,0.0,1.0,1.0,1.0,10.721627518276202,SH000300
2017-01-03,3313.953,3345.263,3313.953,3342.227,3310.08,8656789600.0,87612765768.0,0.003399,1.0,0.9712,0.0,0.0,0.0,0.0,0.0,1.0,1.0,1.0,10.120699452831799,SH000300
2017-01-04,3340.558,3369.566,3338.153,3368.312,3342.227,9005082700.0,98014355468.0,0.003535,1.0,0.7804,0.0,0.0,0.0,0.0,0.0,1.0,1.0,1.0,10.884337071996018,SH000300
2017-01-05,3368.34,3373.412,3361.462,3367.789,3368.311,8833635700.0,91189339582.0,0.003468,1.0,-0.0155,0.0,0.0,0.0,0.0,0.0,1.0,1.0,1.0,10.322968104967245,SH000300
2017-01-06,3366.852,3368.871,3346.891,3347.667,3367.789,8745911400.0,91072256748.0,0.003433,1.0,-0.5975,0.0,0.0,0.0,0.0,0.0,1.0,1.0,1.0,10.413123639464265,SH000300
2017-01-09,3345.748,3366.222,3344.347,3363.901,3347.666,8370794200.0,87916115243.0,0.003281,1.0,0.485,0.0,0.0,0.0,0.0,0.0,1.0,1.0,1.0,10.502720905860999,SH000300
2017-01-10,3361.639,3370.505,3354.088,3358.271,3363.901,8381916000.0,82533965080.0,0.003286,1.0,-0.1674,0.0,0.0,0.0,0.0,0.0,1.0,1.0,1.0,9.846670508270424,SH000300
2017-01-11,3355.801,3366.632,3334.298,3334.495,3358.271,9107143800.0,86750457122.0,0.00357,1.0,-0.708,0.0,0.0,0.0,0.0,0.0,1.0,1.0,1.0,9.525539403693175,SH000300
2017-01-12,3332.686,3343.128,3315.963,3317.624,3334.495,8123913500.0,75031886874.0,0.003184,1.0,-0.506,0.0,0.0,0.0,0.0,0.0,1.0,1.0,1.0,9.235928825928537,SH000300
2017-01-13,3317.962,3338.174,3309.374,3319.912,3317.624,8418058900.0,84556101403.0,0.0033,1.0,0.069,0.0,0.0,0.0,0.0,0.0,1.0,1.0,1.0,10.04460795623561,SH000300
2017-01-16,3314.151,3322.782,3264.207,3319.446,3319.912,15777913500.0,153262520121.0,0.006184,1.0,-0.0141,0.0,0.0,0.0,0.0,0.0,1.0,1.0,1.0,9.713738139139881,SH000300
2017-01-17,3305.6,3327.377,3292.204,3326.356,3319.445,6945332800.0,74754505696.0,0.002722,1.0,0.2082,0.0,0.0,0.0,0.0,0.0,1.0,1.0,1.0,10.763271948033937,SH000300
2017-01-18,3323.339,3350.962,3320.406,3339.365,3326.356,7062322700.0,75680677264.0,0.002768,1.0,0.3911,0.0,0.0,0.0,0.0,0.0,1.0,1.0,1.0,10.716117130133405,SH000300
2017-01-19,3330.952,3346.496,3324.684,3329.289,3339.365,6615980800.0,63869709163.0,0.002593,1.0,-0.3017,0.0,0.0,0.0,0.0,0.0,1.0,1.0,1.0,9.653853463873414,SH000300
2017-01-20,3326.977,3358.412,3326.374,3354.889,3329.289,6530046200.0,70831324310.0,0.002559,1.0,0.7689,0.0,0.0,0.0,0.0,0.0,1.0,1.0,1.0,10.846986704320713,SH000300
2017-01-23,3359.054,3378.739,3355.847,3364.081,3354.889,7555749800.0,76492660154.0,0.00296,1.0,0.274,0.0,0.0,0.0,0.0,0.0,1.0,1.0,1.0,10.123768279621965,SH000300
2017-01-24,3363.137,3371.32,3355.899,3364.451,3364.08,6619422600.0,66049651289.0,0.002593,1.0,0.011,0.0,0.0,0.0,0.0,0.0,1.0,1.0,1.0,9.978159014805914,SH000300
2017-01-25,3361.656,3376.441,3357.218,3375.904,3364.45,5837693100.0,62483395802.0,0.002287,1.0,0.3404,0.0,0.0,0.0,0.0,0.0,1.0,1.0,1.0,10.703439651872072,SH000300
2017-01-26,3378.261,3395.885,3378.261,3387.961,3375.904,6531664700.0,66488818305.0,0.002559,1.0,0.3571,0.0,0.0,0.0,0.0,0.0,1.0,1.0,1.0,10.179459809839901,SH000300
2017-02-03,3390.931,3392.477,3362.565,3364.492,3387.96,5518886100.0,57113853255.0,0.002156,1.0,-0.6927,0.0,0.0,0.0,0.0,0.0,1.0,1.0,1.0,10.348800866718376,SH000300
2017-02-06,3368.108,3381.335,3358.752,3373.205,3364.492,6852136000.0,73408134768.0,0.002676,1.0,0.259,0.0,0.0,0.0,0.0,0.0,1.0,1.0,1.0,10.713175390564343,SH000300
2017-02-07,3371.77,3376.71,3354.625,3365.685,3373.205,6375446200.0,69758178999.0,0.00249,1.0,-0.223,0.0,0.0,0.0,0.0,0.0,1.0,1.0,1.0,10.941693618087468,SH000300
2017-02-08,3361.781,3383.686,3347.43,3383.288,3365.684,7540287900.0,82869735773.0,0.002945,1.0,0.523,0.0,0.0,0.0,0.0,0.0,1.0,1.0,1.0,10.9902614955856,SH000300
2017-02-09,3381.899,3406.589,3379.787,3396.292,3383.287,9755851500.0,102134228699.0,0.00381,1.0,0.3844,0.0,0.0,0.0,0.0,0.0,1.0,1.0,1.0,10.469022483480812,SH000300
2017-02-10,3398.317,3422.326,3398.03,3413.487,3396.292,12376872000.0,121908580284.0,0.004833,1.0,0.5063,0.0,0.0,0.0,0.0,0.0,1.0,1.0,1.0,9.849708414533172,SH000300
2017-02-13,3416.917,3439.543,3416.875,3436.275,3413.486,12014453800.0,125332998844.0,0.004692,1.0,0.6676,0.0,0.0,0.0,0.0,0.0,1.0,1.0,1.0,10.431851578970656,SH000300
2017-02-14,3438.511,3440.675,3424.403,3435.804,3436.275,9480946500.0,98537165438.0,0.003703,1.0,-0.0137,0.0,0.0,0.0,0.0,0.0,1.0,1.0,1.0,10.393178090183296,SH000300
2017-02-15,3435.388,3448.032,3417.081,3421.713,3435.804,12764333800.0,124653179488.0,0.004985,1.0,-0.4101,0.0,0.0,0.0,0.0,0.0,1.0,1.0,1.0,9.765741122188453,SH000300
2017-02-16,3421.83,3440.933,3418.351,3440.933,3421.713,10827696200.0,101809767504.0,0.004229,1.0,0.5617,0.0,0.0,0.0,0.0,0.0,1.0,1.0,1.0,9.402717403910907,SH000300
2017-02-17,3443.617,3457.556,3419.614,3421.442,3440.933,11460003600.0,118033129670.0,0.004475,1.0,-0.5665,0.0,0.0,0.0,0.0,0.0,1.0,1.0,1.0,10.299571779366632,SH000300
2017-02-20,3421.643,3472.604,3421.643,3471.393,3421.441,13262886200.0,134681505159.0,0.005178,1.0,1.4599,0.0,0.0,0.0,0.0,0.0,1.0,1.0,1.0,10.154765948229278,SH000300
2017-02-21,3475.058,3490.085,3472.017,3482.823,3471.392,11484200900.0,120675429543.0,0.004474,1.0,0.3293,0.0,0.0,0.0,0.0,0.0,1.0,1.0,1.0,10.507951802114503,SH000300
2017-02-22,3483.201,3489.946,3473.524,3489.757,3482.823,10281599400.0,109232425841.0,0.004007,1.0,0.1991,0.0,0.0,0.0,0.0,0.0,1.0,1.0,1.0,10.624069426494092,SH000300
2017-02-23,3487.574,3492.962,3460.118,3473.323,3489.756,9953633000.0,106555922466.0,0.003879,1.0,-0.4709,0.0,0.0,0.0,0.0,0.0,1.0,1.0,1.0,10.705229182751665,SH000300
2017-02-24,3468.959,3473.852,3455.251,3473.852,3473.323,9553513300.0,99875164759.0,0.003721,1.0,0.0152,0.0,0.0,0.0,0.0,0.0,1.0,1.0,1.0,10.45428646223793,SH000300
2017-02-27,3471.132,3472.836,3441.394,3446.223,3473.851,9867216000.0,106830874529.0,0.003844,1.0,-0.7953,0.0,0.0,0.0,0.0,0.0,1.0,1.0,1.0,10.826850707332241,SH000300
2017-02-28,3445.027,3460.909,3441.359,3452.81,3446.222,7521526000.0,81979307361.0,0.00293,1.0,0.1912,0.0,0.0,0.0,0.0,0.0,1.0,1.0,1.0,10.8992918938258,SH000300
2017-03-01,3452.206,3472.696,3449.109,3458.438,3452.81,10326035400.0,109317781348.0,0.004022,1.0,0.163,0.0,0.0,0.0,0.0,0.0,1.0,1.0,1.0,10.586616945744733,SH000300
2017-03-02,3463.483,3468.471,3434.001,3435.096,3458.437,8989807700.0,97876187925.0,0.003502,1.0,-0.6749,0.0,0.0,0.0,0.0,0.0,1.0,1.0,1.0,10.887461800211812,SH000300
2017-03-03,3424.663,3428.882,3412.831,3427.863,3435.096,8099465200.0,90009618835.0,0.003155,1.0,-0.2106,0.0,0.0,0.0,0.0,0.0,1.0,1.0,1.0,11.113032356136303,SH000300
2017-03-06,3427.253,3449.034,3425.904,3446.484,3427.862,8307088200.0,95178548496.0,0.003234,1.0,0.5432,0.0,0.0,0.0,0.0,0.0,1.0,1.0,1.0,11.457510285734056,SH000300
2017-03-07,3446.163,3454.039,3440.057,3453.957,3446.484,8033472000.0,94483824245.0,0.003128,1.0,0.2168,0.0,0.0,0.0,0.0,0.0,1.0,1.0,1.0,11.761268881624284,SH000300
2017-03-08,3452.201,3457.035,3441.258,3448.731,3453.956,7958769000.0,89124904682.0,0.003099,1.0,-0.1513,0.0,0.0,0.0,0.0,0.0,1.0,1.0,1.0,11.198327867287015,SH000300
2017-03-09,3442.895,3443.045,3414.678,3426.944,3448.731,8457038100.0,90090049490.0,0.003293,1.0,-0.6318,0.0,0.0,0.0,0.0,0.0,1.0,1.0,1.0,10.652671588413442,SH000300
2017-03-10,3423.978,3436.239,3423.937,3427.892,3426.943,7001619900.0,82161714923.0,0.002726,1.0,0.0277,0.0,0.0,0.0,0.0,0.0,1.0,1.0,1.0,11.734672275340168,SH000300
2017-03-13,3425.672,3458.098,3412.688,3458.098,3427.891,9168412400.0,108489140923.0,0.003565,1.0,0.8812,0.0,0.0,0.0,0.0,0.0,1.0,1.0,1.0,11.832925504419936,SH000300
2017-03-14,3456.658,3465.392,3448.903,3456.693,3458.098,7707796300.0,95317564129.0,0.002997,1.0,-0.0406,0.0,0.0,0.0,0.0,0.0,1.0,1.0,1.0,12.366383388855256,SH000300
2017-03-15,3452.214,3463.919,3445.268,3463.644,3456.693,7910495400.0,94056256667.0,0.003076,1.0,0.2011,0.0,0.0,0.0,0.0,0.0,1.0,1.0,1.0,11.890058954714771,SH000300
2017-03-16,3472.269,3492.127,3472.269,3481.507,3463.643,10633391300.0,124695573677.0,0.004135,1.0,0.5157,0.0,0.0,0.0,0.0,0.0,1.0,1.0,1.0,11.726792531090245,SH000300
2017-03-17,3485.311,3488.497,3441.469,3445.805,3481.506,10375556000.0,122368918550.0,0.004034,1.0,-1.0255,0.0,0.0,0.0,0.0,0.0,1.0,1.0,1.0,11.793962516322017,SH000300
2017-03-20,3449.052,3454.063,3429.825,3449.613,3445.805,8873432200.0,103769403897.0,0.003449,1.0,0.1105,0.0,0.0,0.0,0.0,0.0,1.0,1.0,1.0,11.694393055372643,SH000300
2017-03-21,3449.77,3466.703,3445.642,3466.347,3449.612,8770785500.0,113528201390.0,0.003409,1.0,0.4851,0.0,0.0,0.0,0.0,0.0,1.0,1.0,1.0,12.943903529507136,SH000300
2017-03-22,3450.754,3464.333,3433.5,3450.05,3466.346,10493589400.0,123865640377.0,0.004079,1.0,-0.4701,0.0,0.0,0.0,0.0,0.0,1.0,1.0,1.0,11.803934350337741,SH000300
2017-03-23,3452.406,3470.816,3435.691,3461.978,3450.05,9431806200.0,115813813702.0,0.003666,1.0,0.3457,0.0,0.0,0.0,0.0,0.0,1.0,1.0,1.0,12.279070545575884,SH000300
2017-03-24,3464.197,3499.318,3461.111,3489.6,3461.978,12564583300.0,141752526681.0,0.004884,1.0,0.7978,0.0,0.0,0.0,0.0,0.0,1.0,1.0,1.0,11.281912284428884,SH000300
2017-03-27,3488.765,3505.979,3474.521,3478.039,3489.599,10701537700.0,124388012134.0,0.004157,1.0,-0.3313,0.0,0.0,0.0,0.0,0.0,1.0,1.0,1.0,11.62337746415639,SH000300
2017-03-28,3480.249,3482.292,3461.468,3469.809,3478.038,8419482000.0,97495938765.0,0.003271,1.0,-0.2366,0.0,0.0,0.0,0.0,0.0,1.0,1.0,1.0,11.579802506258698,SH000300
2017-03-29,3472.967,3483.057,3455.553,3465.193,3469.809,10485170600.0,114663468279.0,0.004073,1.0,-0.133,0.0,0.0,0.0,0.0,0.0,1.0,1.0,1.0,10.935775167930982,SH000300
2017-03-30,3461.616,3467.305,3422.366,3436.758,3465.193,11637692200.0,122088021630.0,0.004521,1.0,-0.8206,0.0,0.0,0.0,0.0,0.0,1.0,1.0,1.0,10.490741594798322,SH000300
2017-03-31,3434.822,3456.305,3430.82,3456.045,3436.758,9157749100.0,100984904830.0,0.003557,1.0,0.5612,0.0,0.0,0.0,0.0,0.0,1.0,1.0,1.0,11.027262674187044,SH000300
2017-04-05,3476.423,3504.538,3475.149,3503.893,3456.045,14339901700.0,160742981172.0,0.00557,1.0,1.3845,0.0,0.0,0.0,0.0,0.0,1.0,1.0,1.0,11.209489753475786,SH000300
2017-04-06,3507.988,3517.778,3495.725,3514.047,3503.893,13676700400.0,145221644165.0,0.005313,1.0,0.2898,0.0,0.0,0.0,0.0,0.0,1.0,1.0,1.0,10.61817835572387,SH000300
2017-04-07,3514.452,3526.815,3506.388,3517.463,3514.046,14029320400.0,144559675567.0,0.00545,1.0,0.0972,0.0,0.0,0.0,0.0,0.0,1.0,1.0,1.0,10.304111064923715,SH000300
2017-04-10,3519.46,3522.795,3502.083,3505.139,3517.463,14188738000.0,155747834572.0,0.00549,1.0,-0.3504,0.0,0.0,0.0,0.0,0.0,1.0,1.0,1.0,10.97686309888871,SH000300
2017-04-11,3503.829,3520.132,3466.139,3517.328,3505.139,16594583200.0,189457268655.0,0.00642,1.0,0.3477,0.0,0.0,0.0,0.0,0.0,1.0,1.0,1.0,11.416813930885592,SH000300
2017-04-12,3514.572,3523.097,3497.999,3509.439,3517.328,18182453700.0,202154571423.0,0.007034,1.0,-0.2243,0.0,0.0,0.0,0.0,0.0,1.0,1.0,1.0,11.11811281130885,SH000300
2017-04-13,3500.284,3518.438,3496.57,3514.566,3509.438,12998181300.0,133345929014.0,0.005028,1.0,0.1461,0.0,0.0,0.0,0.0,0.0,1.0,1.0,1.0,10.258814363052467,SH000300
2017-04-14,3516.81,3517.466,3476.947,3486.504,3514.566,13547407800.0,130425385379.0,0.00524,1.0,-0.7984,0.0,0.0,0.0,0.0,0.0,1.0,1.0,1.0,9.627331464769224,SH000300
2017-04-17,3475.738,3480.57,3453.676,3479.942,3486.504,11716496100.0,123884371227.0,0.004531,1.0,-0.1882,0.0,0.0,0.0,0.0,0.0,1.0,1.0,1.0,10.5734999755601,SH000300
2017-04-18,3474.889,3489.084,3462.63,3462.743,3479.941,11092782300.0,126790853425.0,0.004288,1.0,-0.4942,0.0,0.0,0.0,0.0,0.0,1.0,1.0,1.0,11.430031708546196,SH000300
2017-04-19,3452.99,3459.352,3418.514,3445.876,3462.742,12134926400.0,127050362407.0,0.004688,1.0,-0.4871,0.0,0.0,0.0,0.0,0.0,1.0,1.0,1.0,10.46980906344846,SH000300
2017-04-20,3444.522,3465.609,3440.715,3461.548,3445.876,11418420800.0,133977258346.0,0.004412,1.0,0.4548,0.0,0.0,0.0,0.0,0.0,1.0,1.0,1.0,11.733431504468639,SH000300
2017-04-21,3461.389,3475.562,3449.542,3466.787,3461.548,10441911000.0,115208831746.0,0.004034,1.0,0.1513,0.0,0.0,0.0,0.0,0.0,1.0,1.0,1.0,11.033309108457255,SH000300
2017-04-24,3458.228,3458.228,3403.979,3431.259,3466.786,11466079100.0,122778154321.0,0.00443,1.0,-1.0248,0.0,0.0,0.0,0.0,0.0,1.0,1.0,1.0,10.707945867999463,SH000300
2017-04-25,3427.732,3449.672,3422.652,3440.974,3431.258,9407214800.0,107599357209.0,0.003633,1.0,0.2832,0.0,0.0,0.0,0.0,0.0,1.0,1.0,1.0,11.437961128409654,SH000300
2017-04-26,3440.253,3466.565,3439.15,3445.183,3440.974,11194002900.0,131316579235.0,0.004323,1.0,0.1223,0.0,0.0,0.0,0.0,0.0,1.0,1.0,1.0,11.730975988491123,SH000300
2017-04-27,3435.102,3449.272,3399.539,3446.72,3445.183,12329842500.0,134610947828.0,0.004762,1.0,0.0446,0.0,0.0,0.0,0.0,0.0,1.0,1.0,1.0,10.917491267873048,SH000300
2017-04-28,3439.573,3439.904,3417.238,3439.753,3446.72,10163235100.0,113761006698.0,0.003923,1.0,-0.2021,0.0,0.0,0.0,0.0,0.0,1.0,1.0,1.0,11.193385332392833,SH000300
2017-05-02,3427.917,3436.306,3418.665,3426.577,3439.753,9279746200.0,101635858602.0,0.003582,1.0,-0.3831,0.0,0.0,0.0,0.0,0.0,1.0,1.0,1.0,10.952439475338236,SH000300
2017-05-03,3421.759,3432.225,3403.078,3413.128,3426.576,9166962400.0,97854119098.0,0.003538,1.0,-0.3925,0.0,0.0,0.0,0.0,0.0,1.0,1.0,1.0,10.674650427059676,SH000300
2017-05-04,3404.938,3421.395,3391.277,3404.386,3413.128,10348207500.0,106985952575.0,0.003994,1.0,-0.2561,0.0,0.0,0.0,0.0,0.0,1.0,1.0,1.0,10.338597537302958,SH000300
2017-05-05,3393.483,3395.453,3366.557,3382.55,3404.386,10989533300.0,117464939578.0,0.004242,1.0,-0.6414,0.0,0.0,0.0,0.0,0.0,1.0,1.0,1.0,10.688801459657983,SH000300
2017-05-08,3369.108,3374.157,3339.574,3358.813,3382.55,12374928700.0,126885426472.0,0.004777,1.0,-0.7018,0.0,0.0,0.0,0.0,0.0,1.0,1.0,1.0,10.25342687202715,SH000300
2017-05-09,3342.598,3358.046,3327.59,3352.532,3358.812,7677166800.0,85528831749.0,0.002963,1.0,-0.187,0.0,0.0,0.0,0.0,0.0,1.0,1.0,1.0,11.140676499174148,SH000300
2017-05-10,3350.65,3369.435,3336.003,3337.701,3352.532,9208262800.0,102194980791.0,0.003554,1.0,-0.4424,0.0,0.0,0.0,0.0,0.0,1.0,1.0,1.0,11.098182470530707,SH000300
2017-05-11,3322.946,3359.6,3312.892,3356.646,3337.7,10925289000.0,111576379054.0,0.004216,1.0,0.5676,0.0,0.0,0.0,0.0,0.0,1.0,1.0,1.0,10.212670717818082,SH000300
2017-05-12,3350.937,3387.268,3349.167,3385.379,3356.645,9338646600.0,97522124594.0,0.003604,1.0,0.856,0.0,0.0,0.0,0.0,0.0,1.0,1.0,1.0,10.442854170539016,SH000300
2017-05-15,3391.588,3406.581,3391.588,3399.194,3385.378,8297761100.0,92183332845.0,0.003202,1.0,0.4081,0.0,0.0,0.0,0.0,0.0,1.0,1.0,1.0,11.109422377200037,SH000300
2017-05-16,3390.925,3428.853,3373.552,3428.649,3399.193,10524241600.0,112814103201.0,0.004057,1.0,0.8666,0.0,0.0,0.0,0.0,0.0,1.0,1.0,1.0,10.719452050682683,SH000300
2017-05-17,3423.19,3433.969,3408.154,3409.966,3428.649,9973683700.0,110553451835.0,0.003845,1.0,-0.5449,0.0,0.0,0.0,0.0,0.0,1.0,1.0,1.0,11.084515527096572,SH000300
2017-05-18,3387.666,3409.932,3383.935,3398.113,3409.965,8575958900.0,88091166041.0,0.003303,1.0,-0.3476,0.0,0.0,0.0,0.0,0.0,1.0,1.0,1.0,10.271873625816934,SH000300
2017-05-19,3395.232,3405.945,3392.378,3403.849,3398.112,7147352500.0,78397081602.0,0.002753,1.0,0.1688,0.0,0.0,0.0,0.0,0.0,1.0,1.0,1.0,10.968688280310786,SH000300
2017-05-22,3400.588,3424.177,3391.175,3411.239,3403.849,9253955900.0,99021121578.0,0.003564,1.0,0.2171,0.0,0.0,0.0,0.0,0.0,1.0,1.0,1.0,10.700409927175036,SH000300
2017-05-23,3405.025,3434.766,3401.534,3424.194,3411.238,11691103300.0,126767856025.0,0.004501,1.0,0.3798,0.0,0.0,0.0,0.0,0.0,1.0,1.0,1.0,10.843104604592794,SH000300
2017-05-24,3409.717,3424.167,3383.892,3424.167,3424.194,8355316100.0,92620045548.0,0.003217,1.0,-0.0008,0.0,0.0,0.0,0.0,0.0,1.0,1.0,1.0,11.085163558084894,SH000300
2017-05-25,3414.399,3490.417,3413.225,3485.658,3424.166,13072163100.0,136634020807.0,0.00502,1.0,1.7958,0.0,0.0,0.0,0.0,0.0,1.0,1.0,1.0,10.45228855865484,SH000300
2017-05-26,3479.621,3498.315,3473.04,3480.435,3485.658,10324115300.0,112585907354.0,0.003963,1.0,-0.1499,0.0,0.0,0.0,0.0,0.0,1.0,1.0,1.0,10.905138511384118,SH000300
2017-05-31,3495.073,3515.081,3474.921,3492.884,3480.434,10482974464.0,115968724992.0,0.004011,1.0,0.3577,0.0,0.0,0.0,0.0,0.0,1.0,1.0,1.0,11.062578220547309,SH000300
2017-06-01,3485.222,3499.814,3476.428,3497.738,3492.884,10312772352.0,116088766464.0,0.003946,1.0,0.139,0.0,0.0,0.0,0.0,0.0,1.0,1.0,1.0,11.25679521486639,SH000300
2017-06-02,3491.589,3498.118,3470.201,3486.507,3497.738,8266800896.0,92850745344.0,0.003163,1.0,-0.3211,0.0,0.0,0.0,0.0,0.0,1.0,1.0,1.0,11.231762626450463,SH000300
2017-06-05,3480.169,3484.124,3462.314,3468.753,3486.507,7973815296.0,85609467904.0,0.00305,1.0,-0.5092,0.0,0.0,0.0,0.0,0.0,1.0,1.0,1.0,10.736324422631823,SH000300
2017-06-06,3464.376,3492.881,3460.453,3492.881,3468.753,6408938752.0,77868793856.0,0.002451,1.0,0.6956,0.0,0.0,0.0,0.0,0.0,1.0,1.0,1.0,12.150029337025563,SH000300
2017-06-07,3493.884,3537.094,3491.132,3533.871,3492.881,10441996800.0,124189290496.0,0.003991,1.0,1.1735,0.0,0.0,0.0,0.0,0.0,1.0,1.0,1.0,11.893251154415216,SH000300
2017-06-08,3531.241,3562.272,3528.179,3560.978,3533.871,9022490624.0,112035618816.0,0.003445,1.0,0.7671,0.0,0.0,0.0,0.0,0.0,1.0,1.0,1.0,12.41737159781392,SH000300
2017-06-09,3561.241,3590.887,3560.633,3576.17,3560.978,10118826496.0,121700585472.0,0.003862,1.0,0.4266,0.0,0.0,0.0,0.0,0.0,1.0,1.0,1.0,12.02714420690073,SH000300
2017-06-12,3570.219,3603.69,3565.901,3574.389,3576.17,9038116608.0,117690802176.0,0.003448,1.0,-0.0498,0.0,0.0,0.0,0.0,0.0,1.0,1.0,1.0,13.021606965308143,SH000300
2017-06-13,3569.159,3584.409,3559.213,3582.267,3574.389,7517713920.0,94223085568.0,0.002867,1.0,0.2204,0.0,0.0,0.0,0.0,0.0,1.0,1.0,1.0,12.533475810689003,SH000300
2017-06-14,3571.248,3571.248,3530.274,3535.298,3582.267,8381078272.0,106105319424.0,0.003197,1.0,-1.3112,0.0,0.0,0.0,0.0,0.0,1.0,1.0,1.0,12.6601036263416,SH000300
2017-06-15,3530.746,3542.279,3508.946,3528.792,3535.298,8263253504.0,106053902336.0,0.003152,1.0,-0.184,0.0,0.0,0.0,0.0,0.0,1.0,1.0,1.0,12.83440018930345,SH000300
2017-06-16,3522.974,3536.14,3514.389,3518.761,3528.792,7645270784.0,91462287360.0,0.002915,1.0,-0.2843,0.0,0.0,0.0,0.0,0.0,1.0,1.0,1.0,11.963250216252902,SH000300
2017-06-19,3520.06,3554.91,3520.06,3553.665,3518.761,7979714048.0,98572357632.0,0.003041,1.0,0.9919,0.0,0.0,0.0,0.0,0.0,1.0,1.0,1.0,12.352868415968581,SH000300
2017-06-20,3560.787,3563.696,3539.514,3546.494,3553.665,8050956032.0,98187595776.0,0.003067,1.0,-0.2018,0.0,0.0,0.0,0.0,0.0,1.0,1.0,1.0,12.19576847590962,SH000300
2017-06-21,3567.125,3587.986,3545.566,3587.955,3546.494,8785982464.0,117147795456.0,0.003347,1.0,1.1691,0.0,0.0,0.0,0.0,0.0,1.0,1.0,1.0,13.333488421585814,SH000300
2017-06-22,3583.558,3635.527,3581.337,3590.342,3587.955,13552698624.0,169418805248.0,0.005163,1.0,0.0665,0.0,0.0,0.0,0.0,0.0,1.0,1.0,1.0,12.50074320607869,SH000300
2017-06-23,3583.435,3623.235,3569.322,3622.883,3590.342,10512913408.0,133975113728.0,0.004005,1.0,0.9063,0.0,0.0,0.0,0.0,0.0,1.0,1.0,1.0,12.743861623177558,SH000300
2017-06-26,3627.02,3671.943,3627.02,3668.091,3622.883,13463799552.0,170736840704.0,0.005129,1.0,1.2478,0.0,0.0,0.0,0.0,0.0,1.0,1.0,1.0,12.68117815068315,SH000300
2017-06-27,3665.577,3676.532,3648.763,3674.715,3668.091,9755870208.0,123057229824.0,0.003717,1.0,0.1806,0.0,0.0,0.0,0.0,0.0,1.0,1.0,1.0,12.613660001656307,SH000300
2017-06-28,3664.162,3672.188,3644.026,3646.166,3674.715,9792085760.0,124465946624.0,0.00373,1.0,-0.7769,0.0,0.0,0.0,0.0,0.0,1.0,1.0,1.0,12.710871787135982,SH000300
2017-06-29,3649.252,3669.134,3644.733,3668.827,3646.167,8558949888.0,111847268352.0,0.003258,1.0,0.6215,0.0,0.0,0.0,0.0,0.0,1.0,1.0,1.0,13.067872789956917,SH000300
2017-06-30,3654.734,3669.758,3646.227,3666.797,3668.828,8151002880.0,102459981824.0,0.003102,1.0,-0.0554,0.0,0.0,0.0,0.0,0.0,1.0,1.0,1.0,12.570230109402194,SH000300
2017-07-03,3667.231,3667.595,3633.782,3650.846,3666.798,8882085888.0,115214688256.0,0.003377,1.0,-0.435,0.0,0.0,0.0,0.0,0.0,1.0,1.0,1.0,12.971580066756498,SH000300
2017-07-04,3646.828,3646.845,3611.691,3619.984,3650.846,9507141376.0,125350416384.0,0.003615,1.0,-0.8453,0.0,0.0,0.0,0.0,0.0,1.0,1.0,1.0,13.184869292092033,SH000300
2017-07-05,3611.898,3660.729,3610.458,3659.679,3619.984,8823242496.0,120351563776.0,0.003355,1.0,1.0966,0.0,0.0,0.0,0.0,0.0,1.0,1.0,1.0,13.640287437476772,SH000300
2017-07-06,3654.557,3666.774,3629.56,3660.096,3659.679,10237924608.0,132837126144.0,0.003889,1.0,0.0114,0.0,0.0,0.0,0.0,0.0,1.0,1.0,1.0,12.975005309201043,SH000300
2017-07-07,3647.641,3657.113,3631.87,3655.929,3660.097,10373549824.0,123465392128.0,0.00394,1.0,-0.1139,0.0,0.0,0.0,0.0,0.0,1.0,1.0,1.0,11.901942365221343,SH000300
2017-07-10,3647.937,3667.845,3641.527,3653.686,3655.929,12059191040.0,141034627072.0,0.004581,1.0,-0.0614,0.0,0.0,0.0,0.0,0.0,1.0,1.0,1.0,11.695198011557498,SH000300
2017-07-11,3646.878,3701.208,3645.994,3670.808,3653.687,11876082688.0,145084362752.0,0.004509,1.0,0.4686,0.0,0.0,0.0,0.0,0.0,1.0,1.0,1.0,12.216516722184682,SH000300
2017-07-12,3672.632,3691.581,3640.589,3658.823,3670.809,12228779264.0,143494598656.0,0.004638,1.0,-0.3265,0.0,0.0,0.0,0.0,0.0,1.0,1.0,1.0,11.734171952750033,SH000300
2017-07-13,3656.35,3690.483,3652.565,3686.92,3658.823,12566955008.0,146388680704.0,0.004766,1.0,0.7679,0.0,0.0,0.0,0.0,0.0,1.0,1.0,1.0,11.648699355636301,SH000300
2017-07-14,3682.615,3703.094,3672.742,3703.094,3686.92,10551400448.0,121021448192.0,0.004002,1.0,0.4387,0.0,0.0,0.0,0.0,0.0,1.0,1.0,1.0,11.46970478359007,SH000300
2017-07-17,3700.617,3716.47,3621.365,3663.557,3703.094,17882160128.0,196217253888.0,0.006781,1.0,-1.0677,0.0,0.0,0.0,0.0,0.0,1.0,1.0,1.0,10.972793694021439,SH000300
2017-07-18,3648.494,3667.54,3622.041,3667.18,3663.557,12462205696.0,141472284672.0,0.004719,1.0,0.0989,0.0,0.0,0.0,0.0,0.0,1.0,1.0,1.0,11.35210637049655,SH000300
2017-07-19,3660.866,3731.046,3658.203,3729.746,3667.18,18247778816.0,198392451072.0,0.00691,1.0,1.7061,0.0,0.0,0.0,0.0,0.0,1.0,1.0,1.0,10.872142471282352,SH000300
2017-07-20,3725.143,3750.193,3723.068,3747.884,3729.746,14241004032.0,169267150848.0,0.005392,1.0,0.4863,0.0,0.0,0.0,0.0,0.0,1.0,1.0,1.0,11.885900071908639,SH000300
2017-07-21,3738.184,3751.694,3722.065,3728.597,3747.884,11794122496.0,141432631296.0,0.004462,1.0,-0.5146,0.0,0.0,0.0,0.0,0.0,1.0,1.0,1.0,11.991789244512862,SH000300
2017-07-24,3724.377,3755.19,3719.848,3743.468,3728.597,13486872320.0,154701873152.0,0.005103,1.0,0.3988,0.0,0.0,0.0,0.0,0.0,1.0,1.0,1.0,11.470552214140039,SH000300
2017-07-25,3742.64,3752.155,3713.276,3719.559,3743.468,12167205888.0,133531656192.0,0.004603,1.0,-0.6387,0.0,0.0,0.0,0.0,0.0,1.0,1.0,1.0,10.974718223819703,SH000300
2017-07-26,3722.876,3738.531,3684.181,3705.388,3719.559,13632520960.0,146518003712.0,0.005157,1.0,-0.381,0.0,0.0,0.0,0.0,0.0,1.0,1.0,1.0,10.747682262283497,SH000300
2017-07-27,3700.855,3716.688,3672.497,3712.194,3705.388,14500290304.0,161631223808.0,0.005485,1.0,0.1837,0.0,0.0,0.0,0.0,0.0,1.0,1.0,1.0,11.14675778342265,SH000300
2017-07-28,3703.489,3725.537,3696.777,3721.891,3712.194,11141139200.0,125817860096.0,0.004214,1.0,0.2612,0.0,0.0,0.0,0.0,0.0,1.0,1.0,1.0,11.293087523401557,SH000300
2017-07-31,3722.428,3746.52,3713.655,3737.873,3721.891,14842903808.0,160890134528.0,0.005614,1.0,0.4294,0.0,0.0,0.0,0.0,0.0,1.0,1.0,1.0,10.839532251181453,SH000300
2017-08-01,3738.736,3770.404,3737.095,3770.382,3737.873,15254653952.0,173127577600.0,0.005768,1.0,0.8697,0.0,0.0,0.0,0.0,0.0,1.0,1.0,1.0,11.349164533312909,SH000300
2017-08-02,3768.193,3784.351,3759.276,3760.852,3770.382,17229338368.0,189336784896.0,0.006515,1.0,-0.2528,0.0,0.0,0.0,0.0,0.0,1.0,1.0,1.0,10.989208108400417,SH000300
2017-08-03,3755.108,3766.345,3718.435,3727.826,3760.852,14615394304.0,164710461440.0,0.005526,1.0,-0.8782,0.0,0.0,0.0,0.0,0.0,1.0,1.0,1.0,11.26965568044383,SH000300
2017-08-04,3724.722,3738.731,3707.003,3707.579,3727.826,15747005952.0,168292663296.0,0.005954,1.0,-0.5431,0.0,0.0,0.0,0.0,0.0,1.0,1.0,1.0,10.687280096863457,SH000300
2017-08-07,3701.216,3730.777,3689.955,3726.794,3707.579,12423152896.0,134348537856.0,0.004697,1.0,0.5183,0.0,0.0,0.0,0.0,0.0,1.0,1.0,1.0,10.814367252878089,SH000300
2017-08-08,3724.328,3737.334,3718.811,3732.212,3726.794,13724192768.0,146481868800.0,0.005186,1.0,0.1454,0.0,0.0,0.0,0.0,0.0,1.0,1.0,1.0,10.673259351292726,SH000300
2017-08-09,3728.031,3738.999,3713.566,3731.044,3732.212,12467998976.0,137223598080.0,0.004711,1.0,-0.0313,0.0,0.0,0.0,0.0,0.0,1.0,1.0,1.0,11.006064272554525,SH000300
2017-08-10,3724.962,3746.861,3688.176,3715.92,3731.044,13008512768.0,148005171200.0,0.004915,1.0,-0.4054,0.0,0.0,0.0,0.0,0.0,1.0,1.0,1.0,11.377562819024325,SH000300
2017-08-11,3687.931,3700.494,3645.094,3647.35,3715.92,15038742016.0,161083469824.0,0.005682,1.0,-1.8453,0.0,0.0,0.0,0.0,0.0,1.0,1.0,1.0,10.711233004238006,SH000300
2017-08-14,3651.375,3698.366,3651.375,3694.683,3647.35,11530845184.0,140233895936.0,0.004357,1.0,1.2977,0.0,0.0,0.0,0.0,0.0,1.0,1.0,1.0,12.161632013808156,SH000300
2017-08-15,3695.78,3719.293,3692.28,3706.056,3694.683,10644485632.0,124790632448.0,0.004021,1.0,0.3078,0.0,0.0,0.0,0.0,0.0,1.0,1.0,1.0,11.723500482996377,SH000300
2017-08-16,3701.133,3707.144,3679.733,3701.42,3706.056,10413414144.0,127282167808.0,0.003934,1.0,-0.1251,0.0,0.0,0.0,0.0,0.0,1.0,1.0,1.0,12.22290461590231,SH000300
2017-08-17,3707.066,3722.623,3704.412,3721.277,3701.42,10865625088.0,137020002304.0,0.004104,1.0,0.5365,0.0,0.0,0.0,0.0,0.0,1.0,1.0,1.0,12.610411384000809,SH000300
2017-08-18,3707.189,3733.491,3700.411,3724.674,3721.277,9656170496.0,123078164480.0,0.003648,1.0,0.0913,0.0,0.0,0.0,0.0,0.0,1.0,1.0,1.0,12.74606372484664,SH000300
2017-08-21,3731.839,3744.263,3728.615,3740.994,3724.674,10031307264.0,123911716864.0,0.003789,1.0,0.4382,0.0,0.0,0.0,0.0,0.0,1.0,1.0,1.0,12.352499390452326,SH000300
2017-08-22,3745.754,3758.292,3734.555,3752.298,3740.994,10029285632.0,131131076608.0,0.003788,1.0,0.3022,0.0,0.0,0.0,0.0,0.0,1.0,1.0,1.0,13.074817232207034,SH000300
2017-08-23,3747.61,3772.456,3741.72,3756.088,3752.298,10496157184.0,124081156096.0,0.003965,1.0,0.101,0.0,0.0,0.0,0.0,0.0,1.0,1.0,1.0,11.821579452444297,SH000300
2017-08-24,3755.89,3765.708,3729.087,3734.645,3756.088,8994737152.0,107736018944.0,0.003397,1.0,-0.5709,0.0,0.0,0.0,0.0,0.0,1.0,1.0,1.0,11.977672846175906,SH000300
2017-08-25,3736.291,3795.969,3736.291,3795.754,3734.645,12994089984.0,150697082880.0,0.004905,1.0,1.6363,0.0,0.0,0.0,0.0,0.0,1.0,1.0,1.0,11.597355649034114,SH000300
2017-08-28,3805.656,3866.942,3805.656,3842.711,3795.754,18557632512.0,236446281728.0,0.007002,1.0,1.2371,0.0,0.0,0.0,0.0,0.0,1.0,1.0,1.0,12.74118784145045,SH000300
2017-08-29,3839.177,3847.93,3825.759,3834.537,3842.711,12822706944.0,158978682880.0,0.004838,1.0,-0.2127,0.0,0.0,0.0,0.0,0.0,1.0,1.0,1.0,12.398215413820191,SH000300
2017-08-30,3834.268,3854.706,3827.86,3834.3,3834.537,14135285760.0,166235123712.0,0.005333,1.0,-0.0062,0.0,0.0,0.0,0.0,0.0,1.0,1.0,1.0,11.760294523539933,SH000300
2017-08-31,3835.839,3840.199,3800.886,3822.092,3834.3,13294493440.0,157079216128.0,0.005016,1.0,-0.3184,0.0,0.0,0.0,0.0,0.0,1.0,1.0,1.0,11.815359256591577,SH000300
2017-09-01,3825.339,3843.617,3818.158,3830.538,3822.092,15864551168.0,182770434048.0,0.005986,1.0,0.221,0.0,0.0,0.0,0.0,0.0,1.0,1.0,1.0,11.52068105252557,SH000300
2017-09-04,3828.544,3847.09,3813.553,3845.616,3830.538,14956632064.0,175551070208.0,0.005643,1.0,0.3936,0.0,0.0,0.0,0.0,0.0,1.0,1.0,1.0,11.737339626782973,SH000300
2017-09-05,3845.545,3865.293,3841.951,3857.046,3845.616,12496415488.0,145779757056.0,0.004715,1.0,0.2972,0.0,0.0,0.0,0.0,0.0,1.0,1.0,1.0,11.665725839220752,SH000300
2017-09-06,3846.747,3858.248,3831.383,3849.449,3857.046,13139872256.0,155883315200.0,0.004949,1.0,-0.197,0.0,0.0,0.0,0.0,0.0,1.0,1.0,1.0,11.863381329968387,SH000300
2017-09-07,3851.688,3858.161,3828.835,3829.871,3849.449,12388418048.0,156113395712.0,0.004666,1.0,-0.5086,0.0,0.0,0.0,0.0,0.0,1.0,1.0,1.0,12.601560191714963,SH000300
2017-09-08,3830.07,3843.018,3813.983,3825.989,3829.871,10603650304.0,134958583808.0,0.003993,1.0,-0.1014,0.0,0.0,0.0,0.0,0.0,1.0,1.0,1.0,12.727558900833401,SH000300
2017-09-11,3828.342,3850.74,3817.51,3825.645,3825.989,12388399616.0,154793902080.0,0.004666,1.0,-0.009,0.0,0.0,0.0,0.0,0.0,1.0,1.0,1.0,12.495068522013037,SH000300
2017-09-12,3832.242,3849.388,3822.003,3837.934,3825.645,14419024128.0,187605311488.0,0.00543,1.0,0.3212,0.0,0.0,0.0,0.0,0.0,1.0,1.0,1.0,13.010957594813451,SH000300
2017-09-13,3835.549,3847.784,3822.944,3842.606,3837.934,9541078528.0,126254362624.0,0.003593,1.0,0.1217,0.0,0.0,0.0,0.0,0.0,1.0,1.0,1.0,13.232713917350539,SH000300
2017-09-14,3843.572,3854.493,3820.087,3829.955,3842.606,11535858432.0,143111639040.0,0.004345,1.0,-0.3292,0.0,0.0,0.0,0.0,0.0,1.0,1.0,1.0,12.405807498730582,SH000300
2017-09-15,3826.144,3843.297,3818.523,3831.296,3829.955,12242700544.0,153477214208.0,0.004611,1.0,0.035,0.0,0.0,0.0,0.0,0.0,1.0,1.0,1.0,12.536222188593621,SH000300
2017-09-18,3832.962,3862.358,3832.962,3843.142,3831.296,11793440512.0,152841027584.0,0.004442,1.0,0.3092,0.0,0.0,0.0,0.0,0.0,1.0,1.0,1.0,12.959833682841067,SH000300
2017-09-19,3849.879,3857.303,3820.288,3832.116,3843.142,11243298816.0,145528459264.0,0.004234,1.0,-0.2869,0.0,0.0,0.0,0.0,0.0,1.0,1.0,1.0,12.943573024751672,SH000300
2017-09-20,3830.154,3850.942,3827.885,3842.435,3832.116,10112954112.0,135041884160.0,0.003809,1.0,0.2693,0.0,0.0,0.0,0.0,0.0,1.0,1.0,1.0,13.353356760489966,SH000300
2017-09-21,3843.257,3860.797,3837.384,3837.817,3842.435,11109819136.0,144132894720.0,0.004184,1.0,-0.1202,0.0,0.0,0.0,0.0,0.0,1.0,1.0,1.0,12.973469050720647,SH000300
2017-09-22,3826.458,3842.252,3816.822,3837.73,3837.817,10061980160.0,128360894464.0,0.003788,1.0,-0.0023,0.0,0.0,0.0,0.0,0.0,1.0,1.0,1.0,12.757021224736743,SH000300
2017-09-25,3829.219,3835.389,3811.119,3817.791,3837.73,10394897664.0,135980240896.0,0.003913,1.0,-0.5196,0.0,0.0,0.0,0.0,0.0,1.0,1.0,1.0,13.081441038802323,SH000300
2017-09-26,3810.333,3821.692,3808.382,3820.781,3817.791,8186940672.0,101036335104.0,0.003082,1.0,0.0783,0.0,0.0,0.0,0.0,0.0,1.0,1.0,1.0,12.341158822556569,SH000300
2017-09-27,3818.964,3832.566,3818.814,3821.2,3820.781,8565581056.0,109299490816.0,0.003225,1.0,0.011,0.0,0.0,0.0,0.0,0.0,1.0,1.0,1.0,12.760312476342527,SH000300
2017-09-28,3821.59,3827.33,3813.753,3822.538,3821.2,9354406912.0,115646337024.0,0.003522,1.0,0.035,0.0,0.0,0.0,0.0,0.0,1.0,1.0,1.0,12.3627652839911,SH000300
2017-09-29,3825.202,3852.223,3825.202,3836.501,3822.538,9330602752.0,116056776704.0,0.00351,1.0,0.3653,0.0,0.0,0.0,0.0,0.0,1.0,1.0,1.0,12.438293622469718,SH000300
2017-10-09,3910.114,3918.839,3876.032,3882.207,3836.501,13553585152.0,171941462016.0,0.005097,1.0,1.1913,0.0,0.0,0.0,0.0,0.0,1.0,1.0,1.0,12.686050228608915,SH000300
2017-10-10,3883.003,3900.741,3855.466,3889.863,3882.207,11253258496.0,157979738112.0,0.004232,1.0,0.1972,0.0,0.0,0.0,0.0,0.0,1.0,1.0,1.0,14.038577196831861,SH000300
2017-10-11,3886.818,3913.069,3885.497,3902.686,3889.863,10441815040.0,144152739840.0,0.003927,1.0,0.3297,0.0,0.0,0.0,0.0,0.0,1.0,1.0,1.0,13.805333583077909,SH000300
2017-10-12,3902.015,3917.443,3897.547,3912.953,3902.686,9434092032.0,123147247616.0,0.003548,1.0,0.2631,0.0,0.0,0.0,0.0,0.0,1.0,1.0,1.0,13.053428692267394,SH000300
2017-10-13,3912.975,3927.174,3908.888,3921.001,3912.953,9014206720.0,114314854400.0,0.00339,1.0,0.2057,0.0,0.0,0.0,0.0,0.0,1.0,1.0,1.0,12.681632222430329,SH000300
2017-10-16,3926.275,3947.423,3913.322,3913.446,3921.001,12135503360.0,150823755776.0,0.004563,1.0,-0.1927,0.0,0.0,0.0,0.0,0.0,1.0,1.0,1.0,12.428306540059332,SH000300
2017-10-17,3910.789,3924.614,3900.475,3913.068,3913.446,8224122624.0,106708451328.0,0.003092,1.0,-0.0097,0.0,0.0,0.0,0.0,0.0,1.0,1.0,1.0,12.975055967258886,SH000300
2017-10-18,3914.815,3944.41,3914.815,3944.162,3913.068,10096984064.0,126420381696.0,0.003796,1.0,0.7946,0.0,0.0,0.0,0.0,0.0,1.0,1.0,1.0,12.520608222681256,SH000300
2017-10-19,3940.583,3944.034,3923.645,3931.249,3944.162,10652725248.0,133189857280.0,0.004005,1.0,-0.3274,0.0,0.0,0.0,0.0,0.0,1.0,1.0,1.0,12.502890497903884,SH000300
2017-10-20,3918.526,3928.96,3910.197,3926.852,3931.249,7298018048.0,94529638400.0,0.002744,1.0,-0.1118,0.0,0.0,0.0,0.0,0.0,1.0,1.0,1.0,12.952782218167515,SH000300
2017-10-23,3930.891,3936.272,3920.656,3930.798,3926.852,8148497920.0,100280909824.0,0.003064,1.0,0.1005,0.0,0.0,0.0,0.0,0.0,1.0,1.0,1.0,12.306674286295946,SH000300
2017-10-24,3926.229,3959.495,3922.028,3959.395,3930.798,9305815296.0,120192151552.0,0.003498,1.0,0.7275,0.0,0.0,0.0,0.0,0.0,1.0,1.0,1.0,12.915810998705641,SH000300
2017-10-25,3958.166,3978.089,3954.001,3976.949,3959.395,8820545792.0,106820308992.0,0.003316,1.0,0.4433,0.0,0.0,0.0,0.0,0.0,1.0,1.0,1.0,12.11039673858767,SH000300
2017-10-26,3980.047,4013.598,3973.553,3993.575,3976.949,12989546496.0,170488619008.0,0.004883,1.0,0.4181,0.0,0.0,0.0,0.0,0.0,1.0,1.0,1.0,13.125063223762297,SH000300
2017-10-27,3992.553,4024.464,3991.354,4021.967,3993.575,12667284736.0,152974831616.0,0.004762,1.0,0.7109,0.0,0.0,0.0,0.0,0.0,1.0,1.0,1.0,12.076371124843403,SH000300
2017-10-30,4022.164,4033.339,3960.269,4009.721,4021.967,15738760192.0,193489838080.0,0.005917,1.0,-0.3045,0.0,0.0,0.0,0.0,0.0,1.0,1.0,1.0,12.293842444994539,SH000300
2017-10-31,3995.393,4009.282,3983.256,4006.717,4009.721,10917878016.0,142897205248.0,0.004105,1.0,-0.0749,0.0,0.0,0.0,0.0,0.0,1.0,1.0,1.0,13.088367999586193,SH000300
2017-11-01,4007.911,4032.458,3991.323,3996.622,4006.717,13041737984.0,166477139968.0,0.004903,1.0,-0.252,0.0,0.0,0.0,0.0,0.0,1.0,1.0,1.0,12.764950512902438,SH000300
2017-11-02,3994.094,3999.226,3971.376,3997.134,3996.622,12610057984.0,151981363200.0,0.004741,1.0,0.0128,0.0,0.0,0.0,0.0,0.0,1.0,1.0,1.0,12.052392097866502,SH000300
2017-11-03,3992.349,3999.337,3963.026,3992.697,3997.134,12940443904.0,158142058496.0,0.004865,1.0,-0.111,0.0,0.0,0.0,0.0,0.0,1.0,1.0,1.0,12.220759942177637,SH000300
2017-11-06,3989.182,4021.638,3975.406,4020.889,3992.697,12208115968.0,158911860736.0,0.00459,1.0,0.7061,0.0,0.0,0.0,0.0,0.0,1.0,1.0,1.0,13.016902948214195,SH000300
2017-11-07,4022.401,4064.217,4021.363,4054.246,4020.889,15211666432.0,193990975488.0,0.005718,1.0,0.8296,0.0,0.0,0.0,0.0,0.0,1.0,1.0,1.0,12.75277605876968,SH000300
2017-11-08,4051.493,4089.145,4040.577,4048.005,4054.246,15082771968.0,200949739520.0,0.00567,1.0,-0.1539,0.0,0.0,0.0,0.0,0.0,1.0,1.0,1.0,13.323130519134027,SH000300
2017-11-09,4043.066,4076.61,4038.4,4075.899,4048.005,12105633536.0,159247200256.0,0.004551,1.0,0.6891,0.0,0.0,0.0,0.0,0.0,1.0,1.0,1.0,13.15480100916876,SH000300
2017-11-10,4070.276,4116.714,4067.657,4111.911,4075.899,14181716480.0,198869835776.0,0.005331,1.0,0.8835,0.0,0.0,0.0,0.0,0.0,1.0,1.0,1.0,14.02297359818605,SH000300
2017-11-13,4115.55,4137.645,4115.55,4128.073,4111.911,15144630784.0,205930795008.0,0.005693,1.0,0.3931,0.0,0.0,0.0,0.0,0.0,1.0,1.0,1.0,13.597610793229887,SH000300
2017-11-14,4129.273,4133.546,4086.89,4099.351,4128.073,14323693568.0,199605010432.0,0.005384,1.0,-0.6958,0.0,0.0,0.0,0.0,0.0,1.0,1.0,1.0,13.93530303370422,SH000300
2017-11-15,4084.213,4102.807,4055.716,4073.669,4099.35,12063569664.0,177753075712.0,0.004534,1.0,-0.6265,0.0,0.0,0.0,0.0,0.0,1.0,1.0,1.0,14.734699650506366,SH000300
2017-11-16,4063.494,4107.617,4062.273,4105.012,4073.669,12138441472.0,172903882752.0,0.004562,1.0,0.7694,0.0,0.0,0.0,0.0,0.0,1.0,1.0,1.0,14.24432314072948,SH000300
2017-11-17,4094.078,4122.375,4081.372,4120.85,4105.012,19178412032.0,253079314432.0,0.007209,1.0,0.3858,0.0,0.0,0.0,0.0,0.0,1.0,1.0,1.0,13.196051581837242,SH000300
2017-11-20,4093.734,4144.514,4060.963,4143.833,4120.85,13744725760.0,191589638144.0,0.005166,1.0,0.5577,0.0,0.0,0.0,0.0,0.0,1.0,1.0,1.0,13.939138655029812,SH000300
2017-11-21,4131.848,4220.263,4129.978,4217.701,4143.833,18035081984.0,253302198272.0,0.006779,1.0,1.7826,0.0,0.0,0.0,0.0,0.0,1.0,1.0,1.0,14.044970713009208,SH000300
2017-11-22,4228.372,4260.639,4191.145,4227.566,4217.701,18647700224.0,254298361856.0,0.007009,1.0,0.2339,0.0,0.0,0.0,0.0,0.0,1.0,1.0,1.0,13.636982512659252,SH000300
2017-11-23,4213.378,4214.189,4086.901,4102.396,4227.566,17814722816.0,237536706560.0,0.006696,1.0,-2.9608,0.0,0.0,0.0,0.0,0.0,1.0,1.0,1.0,13.33373014070476,SH000300
2017-11-24,4089.472,4116.594,4057.489,4104.203,4102.396,13085804032.0,182912192512.0,0.004918,1.0,0.0441,0.0,0.0,0.0,0.0,0.0,1.0,1.0,1.0,13.977910112722679,SH000300
2017-11-27,4088.931,4088.931,4037.145,4049.947,4104.203,14345526784.0,183004553216.0,0.005392,1.0,-1.322,0.0,0.0,0.0,0.0,0.0,1.0,1.0,1.0,12.75690715102289,SH000300
2017-11-28,4034.205,4056.475,4010.295,4055.823,4049.947,10205809408.0,135539646464.0,0.003836,1.0,0.1451,0.0,0.0,0.0,0.0,0.0,1.0,1.0,1.0,13.280636649725686,SH000300
2017-11-29,4061.354,4069.241,4004.687,4053.752,4055.823,12455364096.0,165743341568.0,0.004681,1.0,-0.0511,0.0,0.0,0.0,0.0,0.0,1.0,1.0,1.0,13.306984869372702,SH000300
2017-11-30,4034.009,4052.797,3988.001,4006.099,4053.752,10798334464.0,145829949440.0,0.004059,1.0,-1.1755,0.0,0.0,0.0,0.0,0.0,1.0,1.0,1.0,13.504855765134412,SH000300
2017-12-01,4003.56,4027.106,3984.377,3998.136,4006.099,9738691328.0,136010928128.0,0.00366,1.0,-0.1988,0.0,0.0,0.0,0.0,0.0,1.0,1.0,1.0,13.966037483594018,SH000300
2017-12-04,3989.046,4032.985,3982.318,4018.857,3998.136,10264721920.0,138223054848.0,0.003858,1.0,0.5183,0.0,0.0,0.0,0.0,0.0,1.0,1.0,1.0,13.46583530710981,SH000300
2017-12-05,4007.936,4045.933,4006.543,4040.17,4018.857,15408707584.0,196337659904.0,0.005791,1.0,0.5303,0.0,0.0,0.0,0.0,0.0,1.0,1.0,1.0,12.741994020827022,SH000300
2017-12-06,4027.123,4031.753,3964.808,4015.821,4040.17,10928620544.0,144114954240.0,0.004107,1.0,-0.6027,0.0,0.0,0.0,0.0,0.0,1.0,1.0,1.0,13.186930011868842,SH000300
2017-12-07,4003.582,4017.946,3955.993,3971.056,4015.821,9025404416.0,119651201024.0,0.003392,1.0,-1.1147,0.0,0.0,0.0,0.0,0.0,1.0,1.0,1.0,13.257156744343277,SH000300
2017-12-08,3962.828,4014.138,3955.44,4003.379,3971.056,8928286208.0,124371230720.0,0.003356,1.0,0.814,0.0,0.0,0.0,0.0,0.0,1.0,1.0,1.0,13.930022831096053,SH000300
2017-12-11,4006.878,4069.499,4005.268,4069.499,4003.379,9714894592.0,148476588032.0,0.003651,1.0,1.6516,0.0,0.0,0.0,0.0,0.0,1.0,1.0,1.0,15.283396708623805,SH000300
2017-12-12,4068.505,4070.15,4015.454,4016.016,4069.499,8433871872.0,123515183104.0,0.00317,1.0,-1.3142,0.0,0.0,0.0,0.0,0.0,1.0,1.0,1.0,14.645133928826183,SH000300
2017-12-13,4013.831,4052.687,4004.743,4050.092,4016.016,7754612992.0,115006382080.0,0.002914,1.0,0.8485,0.0,0.0,0.0,0.0,0.0,1.0,1.0,1.0,14.830705568239917,SH000300
2017-12-14,4050.902,4057.624,4013.854,4026.151,4050.092,8076886272.0,115086946304.0,0.003036,1.0,-0.5911,0.0,0.0,0.0,0.0,0.0,1.0,1.0,1.0,14.24892494809168,SH000300
2017-12-15,4018.731,4020.266,3974.927,3980.855,4026.151,8904438784.0,118474145792.0,0.003346,1.0,-1.125,0.0,0.0,0.0,0.0,0.0,1.0,1.0,1.0,13.305066008750721,SH000300
2017-12-18,3983.296,4008.068,3967.934,3985.291,3980.855,7785337600.0,111724351488.0,0.002925,1.0,0.1114,0.0,0.0,0.0,0.0,0.0,1.0,1.0,1.0,14.35061101113971,SH000300
2017-12-19,3985.823,4035.629,3985.823,4035.329,3985.291,7752898560.0,115998203904.0,0.002913,1.0,1.2556,0.0,0.0,0.0,0.0,0.0,1.0,1.0,1.0,14.961914309375409,SH000300
2017-12-20,4036.019,4044.848,4015.628,4030.489,4035.329,9060450304.0,126812876800.0,0.003545,1.0,-0.1199,0.0,0.0,0.0,0.0,0.0,1.0,1.0,1.0,13.996310618691298,SH000300
2017-12-21,4023.076,4080.781,4014.652,4067.848,4030.489,9683608832.0,137819521024.0,0.003789,1.0,0.9269,0.0,0.0,0.0,0.0,0.0,1.0,1.0,1.0,14.232247854598182,SH000300
2017-12-22,4064.913,4076.802,4048.491,4054.598,4067.848,7347368448.0,104426496000.0,0.002875,1.0,-0.3257,0.0,0.0,0.0,0.0,0.0,1.0,1.0,1.0,14.212775191425925,SH000300
2017-12-25,4057.417,4086.934,4026.449,4041.54,4054.598,9192696320.0,129938837504.0,0.003596,1.0,-0.3221,0.0,0.0,0.0,0.0,0.0,1.0,1.0,1.0,14.135008160913554,SH000300
2017-12-26,4040.617,4056.855,4015.299,4053.622,4041.54,9111878912.0,119725101056.0,0.003563,1.0,0.2989,0.0,0.0,0.0,0.0,0.0,1.0,1.0,1.0,13.139452599433314,SH000300
2017-12-27,4045.279,4047.736,3986.738,3991.207,4053.622,10515357696.0,140516909056.0,0.004112,1.0,-1.5397,0.0,0.0,0.0,0.0,0.0,1.0,1.0,1.0,13.363017513845683,SH000300
2017-12-28,3992.997,4036.697,3980.235,4018.897,3991.207,11854288640.0,153636696064.0,0.004635,1.0,0.6938,0.0,0.0,0.0,0.0,0.0,1.0,1.0,1.0,12.960431513839028,SH000300
2017-12-29,4022.882,4043.14,4012.874,4030.854,4018.897,9048668416.0,121257037824.0,0.003529,1.0,0.2975,0.0,0.0,0.0,0.0,0.0,1.0,1.0,1.0,13.400539421865805,SH000300
2018-01-02,4045.208,4087.778,4045.208,4087.401,4030.854,14693543424.0,178402033664.0,0.00571,1.0,1.4029,0.0,0.0,0.0,0.0,0.0,1.0,1.0,1.0,12.141525601823409,SH000300
2018-01-03,4091.46,4140.054,4088.73,4111.392,4087.401,15185221888.0,205726887936.0,0.005898,1.0,0.587,0.0,0.0,0.0,0.0,0.0,1.0,1.0,1.0,13.54783548461508,SH000300
2018-01-04,4114.121,4137.642,4105.885,4128.811,4111.392,13454379520.0,174523555840.0,0.005226,1.0,0.4237,0.0,0.0,0.0,0.0,0.0,1.0,1.0,1.0,12.971505343711309,SH000300
2018-01-05,4133.343,4151.281,4123.281,4138.75,4128.811,14900987136.0,185206292480.0,0.005788,1.0,0.2407,0.0,0.0,0.0,0.0,0.0,1.0,1.0,1.0,12.42912907645906,SH000300
2018-01-08,4140.854,4166.318,4127.308,4160.159,4138.75,17387766528.0,226403872768.0,0.006749,1.0,0.5173,0.0,0.0,0.0,0.0,0.0,1.0,1.0,1.0,13.020871450247252,SH000300
2018-01-09,4157.539,4191.284,4153.502,4189.297,4160.159,13903429376.0,181975080960.0,0.005397,1.0,0.7004,0.0,0.0,0.0,0.0,0.0,1.0,1.0,1.0,13.088503277768583,SH000300
2018-01-10,4187.204,4211.054,4175.135,4207.813,4189.297,15112166656.0,194850254848.0,0.005866,1.0,0.442,0.0,0.0,0.0,0.0,0.0,1.0,1.0,1.0,12.893601512172207,SH000300
2018-01-11,4197.113,4211.799,4181.957,4205.586,4207.813,12157853952.0,170407305216.0,0.004719,1.0,-0.0529,0.0,0.0,0.0,0.0,0.0,1.0,1.0,1.0,14.016232296322949,SH000300
2018-01-12,4205.144,4227.392,4199.025,4225.001,4205.586,11135479296.0,157606211584.0,0.004323,1.0,0.4616,0.0,0.0,0.0,0.0,0.0,1.0,1.0,1.0,14.153518442678447,SH000300
2018-01-15,4229.835,4262.931,4216.358,4225.239,4225.001,17090789632.0,234986586112.0,0.006634,1.0,0.0056,0.0,0.0,0.0,0.0,0.0,1.0,1.0,1.0,13.749311247270988,SH000300
2018-01-16,4215.624,4260.211,4213.127,4258.473,4225.239,16149496320.0,228271226880.0,0.006268,1.0,0.7866,0.0,0.0,0.0,0.0,0.0,1.0,1.0,1.0,14.134882126156613,SH000300
2018-01-17,4261.783,4283.344,4230.536,4248.116,4258.473,21431103232.0,284554358784.0,0.008318,1.0,-0.2432,0.0,0.0,0.0,0.0,0.0,1.0,1.0,1.0,13.277634646410348,SH000300
2018-01-18,4259.375,4292.637,4246.684,4271.416,4248.116,17203284736.0,225289687040.0,0.006677,1.0,0.5485,0.0,0.0,0.0,0.0,0.0,1.0,1.0,1.0,13.09573668617793,SH000300
2018-01-19,4281.937,4316.571,4269.616,4285.395,4271.416,20949057024.0,258554724352.0,0.008129,1.0,0.3273,0.0,0.0,0.0,0.0,0.0,1.0,1.0,1.0,12.342069815161146,SH000300
2018-01-22,4276.481,4338.483,4275.897,4336.597,4285.395,17464319488.0,233960222720.0,0.006774,1.0,1.1948,0.0,0.0,0.0,0.0,0.0,1.0,1.0,1.0,13.396469463396935,SH000300
2018-01-23,4346.888,4383.572,4346.792,4382.612,4336.597,20186758400.0,257113358336.0,0.007827,1.0,1.0611,0.0,0.0,0.0,0.0,0.0,1.0,1.0,1.0,12.736733319996539,SH000300
2018-01-24,4389.454,4397.819,4349.086,4389.885,4382.612,21981889024.0,284470808576.0,0.00852,1.0,0.166,0.0,0.0,0.0,0.0,0.0,1.0,1.0,1.0,12.941144788121372,SH000300
2018-01-25,4381.976,4392.196,4336.238,4365.079,4389.885,19537495040.0,250308091904.0,0.007573,1.0,-0.5651,0.0,0.0,0.0,0.0,0.0,1.0,1.0,1.0,12.811677822132923,SH000300
2018-01-26,4352.221,4403.337,4351.487,4381.299,4365.079,17722723584.0,223331307520.0,0.006869,1.0,0.3716,0.0,0.0,0.0,0.0,0.0,1.0,1.0,1.0,12.60141007455663,SH000300
2018-01-29,4387.057,4395.905,4287.112,4302.018,4381.299,19110035456.0,256176324608.0,0.007406,1.0,-1.8095,0.0,0.0,0.0,0.0,0.0,1.0,1.0,1.0,13.40532963415136,SH000300
2018-01-30,4286.683,4308.511,4251.57,4256.102,4302.018,13903472896.0,186650566656.0,0.005388,1.0,-1.0673,0.0,0.0,0.0,0.0,0.0,1.0,1.0,1.0,13.424744166595886,SH000300
2018-01-31,4234.11,4287.857,4232.772,4275.898,4256.102,14521016320.0,194401800192.0,0.005628,1.0,0.4651,0.0,0.0,0.0,0.0,0.0,1.0,1.0,1.0,13.387616672825281,SH000300
2018-02-01,4276.342,4287.388,4214.29,4245.897,4275.898,19000293376.0,239230300160.0,0.007364,1.0,-0.7016,0.0,0.0,0.0,0.0,0.0,1.0,1.0,1.0,12.59087401577604,SH000300
2018-02-02,4213.938,4271.764,4181.779,4271.232,4245.897,14606682624.0,191169867776.0,0.005661,1.0,0.5967,0.0,0.0,0.0,0.0,0.0,1.0,1.0,1.0,13.08783607455754,SH000300
2018-02-05,4204.458,4274.146,4200.14,4274.146,4271.232,16134779904.0,217360146432.0,0.006253,1.0,0.0682,0.0,0.0,0.0,0.0,0.0,1.0,1.0,1.0,13.471528445089845,SH000300
2018-02-06,4182.325,4211.523,4131.556,4148.885,4274.146,21491045120.0,279415083008.0,0.008329,1.0,-2.9307,0.0,0.0,0.0,0.0,0.0,1.0,1.0,1.0,13.001465561484988,SH000300
2018-02-07,4205.736,4212.567,4048.422,4050.497,4148.885,20312749312.0,261507026944.0,0.007872,1.0,-2.3714,0.0,0.0,0.0,0.0,0.0,1.0,1.0,1.0,12.874034082107812,SH000300
2018-02-08,4022.88,4071.665,3974.677,4012.047,4050.497,15926998528.0,199061770240.0,0.006171,1.0,-0.9493,0.0,0.0,0.0,0.0,0.0,1.0,1.0,1.0,12.498385674491349,SH000300
2018-02-09,3896.169,3911.291,3759.146,3840.652,4012.047,20634982912.0,246774829056.0,0.007995,1.0,-4.272,0.0,0.0,0.0,0.0,0.0,1.0,1.0,1.0,11.959051776703502,SH000300
2018-02-12,3846.267,3907.843,3828.069,3890.104,3840.652,11618263808.0,149858041856.0,0.004501,1.0,1.2876,0.0,0.0,0.0,0.0,0.0,1.0,1.0,1.0,12.898488477496276,SH000300
2018-02-13,3925.595,3986.98,3925.595,3935.632,3890.104,11256588544.0,144479354880.0,0.004361,1.0,1.1704,0.0,0.0,0.0,0.0,0.0,1.0,1.0,1.0,12.835092471867114,SH000300
2018-02-14,3945.094,3971.404,3923.126,3966.961,3935.632,7108133888.0,93110202368.0,0.002734,1.0,0.796,0.0,0.0,0.0,0.0,0.0,1.0,1.0,1.0,13.09910643709023,SH000300
2018-02-22,4020.973,4058.787,4009.92,4052.733,3966.961,10581157120.0,138334363648.0,0.004064,1.0,2.1622,0.0,0.0,0.0,0.0,0.0,1.0,1.0,1.0,13.073651782991385,SH000300
2018-02-23,4061.754,4085.2,4035.231,4071.088,4052.733,9945874688.0,128195833856.0,0.00382,1.0,0.4529,0.0,0.0,0.0,0.0,0.0,1.0,1.0,1.0,12.889347380444294,SH000300
2018-02-26,4093.398,4128.743,4048.983,4118.418,4071.088,13788100096.0,179013095424.0,0.005286,1.0,1.1626,0.0,0.0,0.0,0.0,0.0,1.0,1.0,1.0,12.983158968793143,SH000300
2018-02-27,4120.871,4120.871,4051.805,4058.98,4118.418,12593446912.0,169684901888.0,0.004828,1.0,-1.4432,0.0,0.0,0.0,0.0,0.0,1.0,1.0,1.0,13.474063381830057,SH000300
2018-02-28,4016.791,4051.712,3991.706,4023.641,4058.98,10934359296.0,152493907968.0,0.004191,1.0,-0.8706,0.0,0.0,0.0,0.0,0.0,1.0,1.0,1.0,13.946304839624688,SH000300
2018-03-01,3994.868,4061.032,3986.894,4049.086,4023.641,11019985152.0,146003456000.0,0.004224,1.0,0.6324,0.0,0.0,0.0,0.0,0.0,1.0,1.0,1.0,13.24897030133494,SH000300
2018-03-02,4014.951,4044.418,4006.943,4016.461,4049.086,9616499968.0,130931179520.0,0.003686,1.0,-0.8057,0.0,0.0,0.0,0.0,0.0,1.0,1.0,1.0,13.615263344843594,SH000300
2018-03-05,4021.657,4042.834,3995.871,4018.097,4016.461,8795254784.0,118197858304.0,0.003371,1.0,0.0407,0.0,0.0,0.0,0.0,0.0,1.0,1.0,1.0,13.438821410724922,SH000300
2018-03-06,4034.985,4067.552,3998.931,4066.564,4018.097,13876244480.0,171370655744.0,0.005318,1.0,1.2062,0.0,0.0,0.0,0.0,0.0,1.0,1.0,1.0,12.349930558732849,SH000300
2018-03-07,4063.502,4089.696,4027.936,4036.653,4066.564,10695242496.0,136572305408.0,0.004099,1.0,-0.7355,0.0,0.0,0.0,0.0,0.0,1.0,1.0,1.0,12.769444494510319,SH000300
2018-03-08,4038.952,4078.226,4029.714,4077.6,4036.653,9115580928.0,123634638848.0,0.003494,1.0,1.0144,0.0,0.0,0.0,0.0,0.0,1.0,1.0,1.0,13.563001614986046,SH000300
2018-03-09,4088.07,4110.673,4076.453,4108.865,4077.6,11370180864.0,150024118272.0,0.004358,1.0,0.7668,0.0,0.0,0.0,0.0,0.0,1.0,1.0,1.0,13.194523470334834,SH000300
2018-03-12,4130.708,4139.525,4112.765,4127.666,4108.865,14090673920.0,190367592448.0,0.005401,1.0,0.4576,0.0,0.0,0.0,0.0,0.0,1.0,1.0,1.0,13.51018365259282,SH000300
2018-03-13,4124.331,4130.282,4087.562,4091.253,4127.666,11176643072.0,141174161408.0,0.004282,1.0,-0.8822,0.0,0.0,0.0,0.0,0.0,1.0,1.0,1.0,12.631177402602484,SH000300
2018-03-14,4076.062,4089.094,4066.489,4073.344,4091.253,9901340928.0,131537960960.0,0.003794,1.0,-0.4377,0.0,0.0,0.0,0.0,0.0,1.0,1.0,1.0,13.284863324726434,SH000300
2018-03-15,4058.705,4098.989,4058.705,4096.162,4073.344,8816115712.0,126882451456.0,0.003378,1.0,0.5602,0.0,0.0,0.0,0.0,0.0,1.0,1.0,1.0,14.392103688395872,SH000300
2018-03-16,4096.885,4110.045,4055.822,4056.422,4096.162,8489618688.0,122125340672.0,0.003253,1.0,-0.9702,0.0,0.0,0.0,0.0,0.0,1.0,1.0,1.0,14.385256294799563,SH000300
2018-03-19,4054.616,4074.518,4033.521,4074.247,4056.422,8150288128.0,118183817216.0,0.003125,1.0,0.4394,0.0,0.0,0.0,0.0,0.0,1.0,1.0,1.0,14.50056922650183,SH000300
2018-03-20,4045.742,4080.192,4040.308,4077.704,4074.247,8060528128.0,111980232704.0,0.00309,1.0,0.0849,0.0,0.0,0.0,0.0,0.0,1.0,1.0,1.0,13.892418824892165,SH000300
2018-03-21,4097.024,4110.115,4046.24,4061.05,4077.704,9760948736.0,139330412544.0,0.003742,1.0,-0.4084,0.0,0.0,0.0,0.0,0.0,1.0,1.0,1.0,14.274269470356534,SH000300
2018-03-22,4062.066,4072.377,4003.721,4020.349,4061.05,8909526016.0,127664336896.0,0.003415,1.0,-1.0022,0.0,0.0,0.0,0.0,0.0,1.0,1.0,1.0,14.328970662046046,SH000300
2018-03-23,3896.735,3928.511,3834.937,3904.935,4020.349,18008044800.0,218905030656.0,0.006902,1.0,-2.8707,0.0,0.0,0.0,0.0,0.0,1.0,1.0,1.0,12.155957689310057,SH000300
2018-03-26,3862.694,3883.901,3829.915,3879.893,3904.935,11513912832.0,156604526592.0,0.00441,1.0,-0.6413,0.0,0.0,0.0,0.0,0.0,1.0,1.0,1.0,13.601329876039832,SH000300
2018-03-27,3927.492,3936.778,3881.872,3913.268,3879.893,11370071040.0,162291548160.0,0.004354,1.0,0.8602,0.0,0.0,0.0,0.0,0.0,1.0,1.0,1.0,14.273573805216964,SH000300
2018-03-28,3865.045,3907.281,3835.882,3842.715,3913.268,10149490688.0,155848949760.0,0.003887,1.0,-1.8029,0.0,0.0,0.0,0.0,0.0,1.0,1.0,1.0,15.355346839646266,SH000300
2018-03-29,3854.591,3913.957,3794.261,3894.049,3842.715,11662906624.0,164996784128.0,0.004466,1.0,1.3359,0.0,0.0,0.0,0.0,0.0,1.0,1.0,1.0,14.1471409698564,SH000300
2018-03-30,3893.746,3915.347,3879.212,3898.497,3894.049,9751227136.0,137959280640.0,0.003733,1.0,0.1142,0.0,0.0,0.0,0.0,0.0,1.0,1.0,1.0,14.147889154450725,SH000300
2018-04-02,3897.005,3937.018,3882.885,3886.918,3898.497,11124266496.0,159356080128.0,0.004258,1.0,-0.297,0.0,0.0,0.0,0.0,0.0,1.0,1.0,1.0,14.32508652910287,SH000300
2018-04-03,3850.154,3878.15,3839.933,3862.479,3886.918,9513736960.0,132049936384.0,0.003642,1.0,-0.6287,0.0,0.0,0.0,0.0,0.0,1.0,1.0,1.0,13.879922993372311,SH000300
2018-04-04,3873.626,3898.612,3852.495,3854.862,3862.479,8873060864.0,131593068544.0,0.003396,1.0,-0.1972,0.0,0.0,0.0,0.0,0.0,1.0,1.0,1.0,14.830628411206174,SH000300
2018-04-09,3851.954,3870.673,3827.413,3852.929,3854.862,8410546176.0,118167273472.0,0.003219,1.0,-0.0501,0.0,0.0,0.0,0.0,0.0,1.0,1.0,1.0,14.049892955727111,SH000300
2018-04-10,3860.722,3927.424,3851.795,3927.172,3852.929,10617372160.0,137941299200.0,0.004064,1.0,1.9269,0.0,0.0,0.0,0.0,0.0,1.0,1.0,1.0,12.992037683267947,SH000300
2018-04-11,3934.169,3958.707,3924.96,3938.343,3927.172,11193302016.0,139989291008.0,0.004284,1.0,0.2845,0.0,0.0,0.0,0.0,0.0,1.0,1.0,1.0,12.506523169650531,SH000300
2018-04-12,3935.673,3937.783,3896.178,3898.635,3938.343,8269948928.0,108075565056.0,0.003163,1.0,-1.0082,0.0,0.0,0.0,0.0,0.0,1.0,1.0,1.0,13.068468257413645,SH000300
2018-04-13,3920.737,3929.952,3866.186,3871.144,3898.635,7154420224.0,98921828352.0,0.002736,1.0,-0.7051,0.0,0.0,0.0,0.0,0.0,1.0,1.0,1.0,13.826672917556596,SH000300
2018-04-16,3862.473,3869.156,3789.612,3808.863,3871.144,9921776896.0,131566866432.0,0.003795,1.0,-1.6089,0.0,0.0,0.0,0.0,0.0,1.0,1.0,1.0,13.2604137153136,SH000300
2018-04-17,3812.874,3822.626,3745.444,3748.641,3808.863,9061079040.0,126518751232.0,0.003465,1.0,-1.5811,0.0,0.0,0.0,0.0,0.0,1.0,1.0,1.0,13.962879108932263,SH000300
2018-04-18,3785.305,3789.659,3708.106,3766.282,3748.641,10667670528.0,143077675008.0,0.00408,1.0,0.4706,0.0,0.0,0.0,0.0,0.0,1.0,1.0,1.0,13.412269776466797,SH000300
2018-04-19,3774.784,3824.032,3767.797,3811.843,3766.282,9905405952.0,127520120832.0,0.003787,1.0,1.2097,0.0,0.0,0.0,0.0,0.0,1.0,1.0,1.0,12.873790478647916,SH000300
2018-04-20,3801.207,3815.444,3750.103,3760.854,3811.843,9928292608.0,123550662656.0,0.003793,1.0,-1.3376,0.0,0.0,0.0,0.0,0.0,1.0,1.0,1.0,12.444301103338312,SH000300
2018-04-23,3754.689,3787.395,3735.184,3766.325,3760.854,9035629056.0,111763030016.0,0.003452,1.0,0.1455,0.0,0.0,0.0,0.0,0.0,1.0,1.0,1.0,12.369147662362822,SH000300
2018-04-24,3769.878,3854.429,3769.878,3843.488,3766.325,11421952512.0,145700511744.0,0.004363,1.0,2.0488,0.0,0.0,0.0,0.0,0.0,1.0,1.0,1.0,12.756182587077456,SH000300
2018-04-25,3824.592,3838.692,3817.032,3828.701,3843.488,7817261312.0,105750450176.0,0.002986,1.0,-0.3847,0.0,0.0,0.0,0.0,0.0,1.0,1.0,1.0,13.527813124740533,SH000300
2018-04-26,3823.392,3828.712,3744.885,3755.494,3828.701,8715064064.0,125772304384.0,0.003329,1.0,-1.9121,0.0,0.0,0.0,0.0,0.0,1.0,1.0,1.0,14.431598374995032,SH000300
2018-04-27,3771.036,3776.975,3714.644,3756.876,3755.494,8953172736.0,142113628160.0,0.00342,1.0,0.0368,0.0,0.0,0.0,0.0,0.0,1.0,1.0,1.0,15.87299076544925,SH000300
2018-05-02,3769.925,3787.302,3744.547,3763.646,3756.876,8330103552.0,120083484672.0,0.003182,1.0,0.1802,0.0,0.0,0.0,0.0,0.0,1.0,1.0,1.0,14.415605270977549,SH000300
2018-05-03,3756.165,3797.526,3732.371,3793.0,3763.646,9396111872.0,122740170752.0,0.003585,1.0,0.7799,0.0,0.0,0.0,0.0,0.0,1.0,1.0,1.0,13.06286817611871,SH000300
2018-05-04,3784.316,3801.524,3770.938,3774.598,3793.0,7155428864.0,98315255808.0,0.002729,1.0,-0.4852,0.0,0.0,0.0,0.0,0.0,1.0,1.0,1.0,13.73995293316915,SH000300
2018-05-07,3782.54,3834.587,3776.029,3834.187,3774.598,8728619520.0,126354800640.0,0.003329,1.0,1.5787,0.0,0.0,0.0,0.0,0.0,1.0,1.0,1.0,14.475920315976838,SH000300
2018-05-08,3834.614,3892.073,3833.729,3878.676,3834.187,9421515776.0,135445864448.0,0.003594,1.0,1.1603,0.0,0.0,0.0,0.0,0.0,1.0,1.0,1.0,14.376228588719183,SH000300
2018-05-09,3876.129,3878.938,3855.739,3871.615,3878.676,6671296512.0,92322897920.0,0.002545,1.0,-0.182,0.0,0.0,0.0,0.0,0.0,1.0,1.0,1.0,13.838823945830336,SH000300
2018-05-10,3882.835,3894.49,3867.308,3893.056,3871.615,7066780928.0,103255142400.0,0.002695,1.0,0.5538,0.0,0.0,0.0,0.0,0.0,1.0,1.0,1.0,14.611340503125328,SH000300
2018-05-11,3902.148,3903.337,3871.952,3872.838,3893.056,7335660288.0,107715457024.0,0.002798,1.0,-0.5193,0.0,0.0,0.0,0.0,0.0,1.0,1.0,1.0,14.683812062590432,SH000300
2018-05-14,3886.873,3919.299,3886.873,3909.293,3872.838,8197600000.0,122520047616.0,0.003127,1.0,0.9413,0.0,0.0,0.0,0.0,0.0,1.0,1.0,1.0,14.945843614716502,SH000300
2018-05-15,3920.139,3924.342,3892.919,3924.097,3909.293,7604955392.0,106091905024.0,0.0029,1.0,0.3787,0.0,0.0,0.0,0.0,0.0,1.0,1.0,1.0,13.950365196829809,SH000300
2018-05-16,3909.818,3923.343,3889.187,3892.844,3924.097,7191364608.0,106533928960.0,0.002742,1.0,-0.7964,0.0,0.0,0.0,0.0,0.0,1.0,1.0,1.0,14.814146516988838,SH000300
2018-05-17,3895.489,3899.513,3858.852,3864.05,3892.844,5903012352.0,87104163840.0,0.002249,1.0,-0.7397,0.0,0.0,0.0,0.0,0.0,1.0,1.0,1.0,14.755883715962112,SH000300
2018-05-18,3860.164,3903.063,3841.896,3903.063,3864.05,7261395712.0,96823853056.0,0.002765,1.0,1.0096,0.0,0.0,0.0,0.0,0.0,1.0,1.0,1.0,13.33405544831985,SH000300
2018-05-21,3925.539,3937.46,3913.604,3921.242,3903.063,9264173824.0,120528728064.0,0.003527,1.0,0.4658,0.0,0.0,0.0,0.0,0.0,1.0,1.0,1.0,13.010197169633763,SH000300
2018-05-22,3918.815,3918.815,3881.169,3906.208,3921.242,7536877824.0,102883344384.0,0.002869,1.0,-0.3834,0.0,0.0,0.0,0.0,0.0,1.0,1.0,1.0,13.650658374265296,SH000300
2018-05-23,3898.268,3898.268,3854.582,3854.582,3906.208,8372231936.0,110684504064.0,0.003187,1.0,-1.3216,0.0,0.0,0.0,0.0,0.0,1.0,1.0,1.0,13.220429738462515,SH000300
2018-05-24,3853.291,3859.103,3823.923,3827.217,3854.582,6834502144.0,93408219136.0,0.002602,1.0,-0.7099,0.0,0.0,0.0,0.0,0.0,1.0,1.0,1.0,13.667157777981377,SH000300
2018-05-25,3823.744,3841.124,3804.134,3816.498,3827.217,7083638528.0,95667544064.0,0.002696,1.0,-0.2801,0.0,0.0,0.0,0.0,0.0,1.0,1.0,1.0,13.505424321956593,SH000300
2018-05-28,3816.264,3846.552,3799.32,3833.259,3816.498,7152113152.0,100001640448.0,0.002722,1.0,0.4392,0.0,0.0,0.0,0.0,0.0,1.0,1.0,1.0,13.982111066019108,SH000300
2018-05-29,3824.19,3841.779,3800.674,3804.009,3833.259,8155266304.0,117288579072.0,0.003092,1.0,-0.7631,0.0,0.0,0.0,0.0,0.0,1.0,1.0,1.0,14.381943482884456,SH000300
2018-05-30,3755.176,3767.887,3722.071,3723.372,3804.009,8791328512.0,115858976768.0,0.003332,1.0,-2.1198,0.0,0.0,0.0,0.0,0.0,1.0,1.0,1.0,13.178779135582825,SH000300
2018-05-31,3749.295,3804.791,3742.528,3802.375,3723.372,9266689536.0,130545422336.0,0.003511,1.0,2.1218,0.0,0.0,0.0,0.0,0.0,1.0,1.0,1.0,14.08760073690247,SH000300
2018-06-01,3789.671,3802.536,3753.839,3770.589,3802.375,7782181376.0,105934864384.0,0.002948,1.0,-0.8359,0.0,0.0,0.0,0.0,0.0,1.0,1.0,1.0,13.61248977191662,SH000300
2018-06-04,3785.186,3813.406,3776.618,3807.578,3770.589,7662434048.0,115146469376.0,0.002903,1.0,0.981,0.0,0.0,0.0,0.0,0.0,1.0,1.0,1.0,15.027401039236977,SH000300
2018-06-05,3811.285,3845.564,3800.925,3845.316,3807.578,7868736000.0,121261465600.0,0.00298,1.0,0.9911,0.0,0.0,0.0,0.0,0.0,1.0,1.0,1.0,15.410539329315407,SH000300
2018-06-06,3839.683,3848.329,3830.895,3837.351,3845.316,7311723776.0,107142041600.0,0.002769,1.0,-0.2071,0.0,0.0,0.0,0.0,0.0,1.0,1.0,1.0,14.653458593674314,SH000300
2018-06-07,3846.936,3859.847,3827.687,3831.012,3837.351,8025614592.0,112365711360.0,0.003038,1.0,-0.1652,0.0,0.0,0.0,0.0,0.0,1.0,1.0,1.0,14.000885548629146,SH000300
2018-06-08,3819.447,3819.46,3759.271,3779.615,3831.012,8333733632.0,107818799104.0,0.003155,1.0,-1.3416,0.0,0.0,0.0,0.0,0.0,1.0,1.0,1.0,12.93763442234291,SH000300
2018-06-11,3770.208,3792.548,3756.514,3779.981,3779.615,6870983424.0,105597923328.0,0.002601,1.0,0.0097,0.0,0.0,0.0,0.0,0.0,1.0,1.0,1.0,15.368676768910802,SH000300
2018-06-12,3783.185,3830.471,3765.264,3825.953,3779.981,7320624384.0,116217139200.0,0.002783,1.0,1.2162,0.0,0.0,0.0,0.0,0.0,1.0,1.0,1.0,15.875304223230586,SH000300
2018-06-13,3814.617,3817.452,3782.072,3788.339,3825.953,6637797120.0,97185497088.0,0.002511,1.0,-0.9831,0.0,0.0,0.0,0.0,0.0,1.0,1.0,1.0,14.641227402864642,SH000300
2018-06-14,3774.639,3808.161,3759.248,3773.365,3788.339,6847132160.0,99234013184.0,0.00259,1.0,-0.3953,0.0,0.0,0.0,0.0,0.0,1.0,1.0,1.0,14.492784842639871,SH000300
2018-06-15,3763.04,3780.336,3737.428,3753.433,3773.365,8548889344.0,109534900224.0,0.003233,1.0,-0.5282,0.0,0.0,0.0,0.0,0.0,1.0,1.0,1.0,12.81276383591005,SH000300
2018-06-19,3702.668,3712.816,3583.02,3621.116,3753.433,16070654208.0,193848799232.0,0.006078,1.0,-3.5252,0.0,0.0,0.0,0.0,0.0,1.0,1.0,1.0,12.062284255702654,SH000300
2018-06-20,3602.551,3649.335,3578.174,3635.443,3621.116,8671809792.0,112804814848.0,0.003273,1.0,0.3957,0.0,0.0,0.0,0.0,0.0,1.0,1.0,1.0,13.008220608351646,SH000300
2018-06-21,3633.555,3673.562,3589.489,3592.965,3635.443,9390855168.0,115584147456.0,0.003544,1.0,-1.1684,0.0,0.0,0.0,0.0,0.0,1.0,1.0,1.0,12.30815994797376,SH000300
2018-06-22,3567.893,3609.075,3542.456,3608.904,3592.965,7511786496.0,89687281664.0,0.002835,1.0,0.4436,0.0,0.0,0.0,0.0,0.0,1.0,1.0,1.0,11.939540841816813,SH000300
2018-06-25,3625.798,3631.025,3559.034,3560.477,3608.904,7987707904.0,106690347008.0,0.003015,1.0,-1.3419,0.0,0.0,0.0,0.0,0.0,1.0,1.0,1.0,13.356816284502933,SH000300
2018-06-26,3521.587,3541.782,3478.213,3531.111,3560.477,8498526976.0,108132167680.0,0.003208,1.0,-0.8248,0.0,0.0,0.0,0.0,0.0,1.0,1.0,1.0,12.7236364590437,SH000300
2018-06-27,3525.132,3537.656,3441.785,3459.262,3531.111,8149181696.0,107628896256.0,0.003071,1.0,-2.0347,0.0,0.0,0.0,0.0,0.0,1.0,1.0,1.0,13.207325627409842,SH000300
2018-06-28,3434.944,3477.056,3416.947,3423.525,3459.262,7591805184.0,98570526720.0,0.002861,1.0,-1.0331,0.0,0.0,0.0,0.0,0.0,1.0,1.0,1.0,12.983806134506835,SH000300
2018-06-29,3431.961,3512.383,3425.215,3510.984,3423.525,7725703168.0,97616367616.0,0.002912,1.0,2.5546,0.0,0.0,0.0,0.0,0.0,1.0,1.0,1.0,12.635272866854208,SH000300
2018-07-02,3504.457,3506.899,3383.5,3407.963,3510.984,8435144960.0,107601539072.0,0.003163,1.0,-2.9342,0.0,0.0,0.0,0.0,0.0,1.0,1.0,1.0,12.756335496574561,SH000300
2018-07-03,3410.476,3422.039,3319.288,3409.28,3407.963,9527869184.0,129898020864.0,0.003558,1.0,0.0386,0.0,0.0,0.0,0.0,0.0,1.0,1.0,1.0,13.63348072432981,SH000300
2018-07-04,3398.778,3418.331,3359.086,3363.747,3409.28,7515799808.0,93648560128.0,0.002805,1.0,-1.3356,0.0,0.0,0.0,0.0,0.0,1.0,1.0,1.0,12.460225461077103,SH000300
2018-07-05,3365.554,3398.485,3330.711,3342.437,3363.747,8158798080.0,97544617984.0,0.003045,1.0,-0.6335,0.0,0.0,0.0,0.0,0.0,1.0,1.0,1.0,11.955758314832568,SH000300
2018-07-06,3347.062,3396.245,3295.729,3365.122,3342.437,8609757952.0,109481943040.0,0.003206,1.0,0.6787,0.0,0.0,0.0,0.0,0.0,1.0,1.0,1.0,12.716030305424317,SH000300
2018-07-09,3378.905,3459.315,3378.905,3459.183,3365.122,7660154624.0,100918861824.0,0.002853,1.0,2.7952,0.0,0.0,0.0,0.0,0.0,1.0,1.0,1.0,13.174520199345784,SH000300
2018-07-10,3464.906,3474.139,3437.27,3467.515,3459.183,6954882304.0,90127446016.0,0.00259,1.0,0.2409,0.0,0.0,0.0,0.0,0.0,1.0,1.0,1.0,12.958874367171463,SH000300
2018-07-11,3398.926,3427.57,3375.144,3407.529,3467.515,7204094976.0,89661505536.0,0.002682,1.0,-1.7299,0.0,0.0,0.0,0.0,0.0,1.0,1.0,1.0,12.445908311134403,SH000300
2018-07-12,3403.33,3499.097,3403.33,3481.055,3407.529,9635356416.0,117805514752.0,0.003587,1.0,2.1577,0.0,0.0,0.0,0.0,0.0,1.0,1.0,1.0,12.226378523619317,SH000300
2018-07-13,3488.496,3499.764,3474.912,3492.689,3481.055,7295589632.0,99800186880.0,0.002716,1.0,0.3342,0.0,0.0,0.0,0.0,0.0,1.0,1.0,1.0,13.679523097386847,SH000300
2018-07-16,3488.967,3506.235,3459.731,3472.085,3492.689,6828199936.0,90754289664.0,0.002542,1.0,-0.5899,0.0,0.0,0.0,0.0,0.0,1.0,1.0,1.0,13.291100218890836,SH000300
2018-07-17,3466.423,3467.185,3420.971,3449.377,3472.085,6198307584.0,85720563712.0,0.002307,1.0,-0.654,0.0,0.0,0.0,0.0,0.0,1.0,1.0,1.0,13.829672463056651,SH000300
2018-07-18,3456.606,3479.263,3430.156,3431.322,3449.377,6653032960.0,88556871680.0,0.002474,1.0,-0.5234,0.0,0.0,0.0,0.0,0.0,1.0,1.0,1.0,13.31075198521187,SH000300
2018-07-19,3444.803,3466.505,3417.962,3428.343,3431.322,6847771648.0,88804909056.0,0.002546,1.0,-0.0868,0.0,0.0,0.0,0.0,0.0,1.0,1.0,1.0,12.968439022340483,SH000300
2018-07-20,3426.455,3505.928,3398.953,3492.893,3428.343,10198472704.0,122196955136.0,0.003792,1.0,1.8828,0.0,0.0,0.0,0.0,0.0,1.0,1.0,1.0,11.981887747571502,SH000300
2018-07-23,3471.855,3527.533,3464.647,3525.75,3492.893,11903662592.0,143960932352.0,0.004426,1.0,0.9407,0.0,0.0,0.0,0.0,0.0,1.0,1.0,1.0,12.093835089777384,SH000300
2018-07-24,3530.664,3596.512,3530.664,3581.705,3525.75,15691243520.0,177448955904.0,0.005834,1.0,1.587,0.0,0.0,0.0,0.0,0.0,1.0,1.0,1.0,11.308788604155191,SH000300
2018-07-25,3589.505,3589.984,3566.314,3577.752,3581.705,9675849984.0,112176693248.0,0.003591,1.0,-0.1104,0.0,0.0,0.0,0.0,0.0,1.0,1.0,1.0,11.593471729460001,SH000300
2018-07-26,3583.317,3593.922,3528.644,3536.245,3577.752,9034964224.0,105577283584.0,0.003353,1.0,-1.1601,0.0,0.0,0.0,0.0,0.0,1.0,1.0,1.0,11.6854124672182,SH000300
2018-07-27,3533.771,3545.405,3512.703,3521.226,3536.245,7017810432.0,81192173568.0,0.002605,1.0,-0.4247,0.0,0.0,0.0,0.0,0.0,1.0,1.0,1.0,11.569445250013844,SH000300
2018-07-30,3520.853,3550.902,3489.549,3515.079,3521.226,8211699456.0,96183099392.0,0.003048,1.0,-0.1746,0.0,0.0,0.0,0.0,0.0,1.0,1.0,1.0,11.712934686342228,SH000300
2018-07-31,3510.474,3528.154,3493.154,3517.656,3515.079,6798081792.0,80022151168.0,0.002523,1.0,0.0733,0.0,0.0,0.0,0.0,0.0,1.0,1.0,1.0,11.771283961627274,SH000300
2018-08-01,3530.029,3543.606,3446.776,3447.388,3517.656,9034861824.0,107477213184.0,0.003353,1.0,-1.9976,0.0,0.0,0.0,0.0,0.0,1.0,1.0,1.0,11.895833636160322,SH000300
2018-08-02,3434.351,3434.351,3322.096,3370.957,3447.388,10130872832.0,122401284096.0,0.00376,1.0,-2.2171,0.0,0.0,0.0,0.0,0.0,1.0,1.0,1.0,12.0820077525182,SH000300
2018-08-03,3366.663,3381.341,3315.2,3315.283,3370.957,7079691008.0,91395985408.0,0.002627,1.0,-1.6516,0.0,0.0,0.0,0.0,0.0,1.0,1.0,1.0,12.909600899915434,SH000300
2018-08-06,3312.815,3344.246,3257.685,3273.272,3315.283,7797508352.0,97517989888.0,0.002894,1.0,-1.2672,0.0,0.0,0.0,0.0,0.0,1.0,1.0,1.0,12.50630143448162,SH000300
2018-08-07,3284.978,3368.962,3263.498,3368.869,3273.272,9178391552.0,107512225792.0,0.003406,1.0,2.9205,0.0,0.0,0.0,0.0,0.0,1.0,1.0,1.0,11.71362380683931,SH000300
2018-08-08,3362.148,3368.16,3311.769,3314.507,3368.869,7928486400.0,90958913536.0,0.002942,1.0,-1.6137,0.0,0.0,0.0,0.0,0.0,1.0,1.0,1.0,11.472418434873017,SH000300
2018-08-09,3303.476,3408.391,3299.615,3397.529,3314.507,9195757312.0,108802314240.0,0.003412,1.0,2.5048,0.0,0.0,0.0,0.0,0.0,1.0,1.0,1.0,11.831794875449622,SH000300
2018-08-10,3398.413,3424.041,3380.573,3405.019,3397.529,6896729856.0,85634523136.0,0.002559,1.0,0.2205,0.0,0.0,0.0,0.0,0.0,1.0,1.0,1.0,12.416685142669447,SH000300
2018-08-13,3369.981,3396.188,3336.695,3390.344,3405.019,7619153152.0,90869288960.0,0.002827,1.0,-0.431,0.0,0.0,0.0,0.0,0.0,1.0,1.0,1.0,11.926428980646904,SH000300
2018-08-14,3386.483,3391.729,3356.614,3372.913,3390.344,6065144576.0,72121991168.0,0.00225,1.0,-0.5141,0.0,0.0,0.0,0.0,0.0,1.0,1.0,1.0,11.891223739890615,SH000300
2018-08-15,3371.959,3372.136,3288.708,3291.976,3372.913,6817405440.0,83402194944.0,0.002529,1.0,-2.3996,0.0,0.0,0.0,0.0,0.0,1.0,1.0,1.0,12.233714963562443,SH000300
2018-08-16,3251.855,3315.203,3231.556,3276.727,3291.976,7654736640.0,89269174272.0,0.002839,1.0,-0.4632,0.0,0.0,0.0,0.0,0.0,1.0,1.0,1.0,11.661952392394783,SH000300
2018-08-17,3305.895,3311.572,3224.099,3229.619,3276.727,6739541248.0,84452454400.0,0.0025,1.0,-1.4377,0.0,0.0,0.0,0.0,0.0,1.0,1.0,1.0,12.5308906485381,SH000300
2018-08-20,3238.215,3267.249,3209.011,3267.249,3229.619,7090422784.0,88963383296.0,0.00263,1.0,1.1652,0.0,0.0,0.0,0.0,0.0,1.0,1.0,1.0,12.54697865080086,SH000300
2018-08-21,3271.84,3331.707,3270.03,3326.648,3267.249,7520558336.0,97925840896.0,0.002789,1.0,1.818,0.0,0.0,0.0,0.0,0.0,1.0,1.0,1.0,13.02108653651962,SH000300
2018-08-22,3328.969,3328.969,3299.393,3307.954,3326.648,5078705664.0,66548536320.0,0.001884,1.0,-0.5619,0.0,0.0,0.0,0.0,0.0,1.0,1.0,1.0,13.103444208575423,SH000300
2018-08-23,3308.458,3336.112,3285.814,3320.025,3307.954,6111233536.0,80212787200.0,0.002266,1.0,0.3649,0.0,0.0,0.0,0.0,0.0,1.0,1.0,1.0,13.125465869939879,SH000300
2018-08-24,3308.477,3353.044,3291.865,3325.334,3320.025,6376589824.0,77197848576.0,0.002364,1.0,0.1599,0.0,0.0,0.0,0.0,0.0,1.0,1.0,1.0,12.10644728714481,SH000300
2018-08-27,3339.389,3406.573,3339.264,3406.573,3325.334,9427008256.0,114960965632.0,0.003495,1.0,2.443,0.0,0.0,0.0,0.0,0.0,1.0,1.0,1.0,12.194851485234553,SH000300
2018-08-28,3408.15,3416.592,3388.814,3400.17,3406.573,7544536320.0,94945951744.0,0.002797,1.0,-0.188,0.0,0.0,0.0,0.0,0.0,1.0,1.0,1.0,12.584729891524997,SH000300
2018-08-29,3393.052,3398.713,3377.123,3386.573,3400.17,6702040320.0,79072301056.0,0.002484,1.0,-0.3999,0.0,0.0,0.0,0.0,0.0,1.0,1.0,1.0,11.798243114120806,SH000300
2018-08-30,3385.805,3402.562,3349.468,3351.094,3386.573,6838529024.0,80226054144.0,0.002535,1.0,-1.0476,0.0,0.0,0.0,0.0,0.0,1.0,1.0,1.0,11.731478196911137,SH000300
2018-08-31,3333.38,3356.575,3310.872,3334.503,3351.094,7620562944.0,96091893760.0,0.002825,1.0,-0.4951,0.0,0.0,0.0,0.0,0.0,1.0,1.0,1.0,12.609553187360957,SH000300
2018-09-03,3320.689,3325.607,3291.784,3321.824,3334.503,6642985472.0,81305681920.0,0.002462,1.0,-0.3802,0.0,0.0,0.0,0.0,0.0,1.0,1.0,1.0,12.239328576391022,SH000300
2018-09-04,3324.186,3370.963,3307.958,3363.898,3321.824,6708880640.0,85892034560.0,0.002487,1.0,1.2666,0.0,0.0,0.0,0.0,0.0,1.0,1.0,1.0,12.80273702410064,SH000300
2018-09-05,3349.698,3354.199,3298.141,3298.141,3363.898,6430188800.0,80656674816.0,0.002383,1.0,-1.9548,0.0,0.0,0.0,0.0,0.0,1.0,1.0,1.0,12.543438042752337,SH000300
2018-09-06,3286.664,3311.497,3253.755,3262.88,3298.141,6230028800.0,79373139968.0,0.002309,1.0,-1.0691,0.0,0.0,0.0,0.0,0.0,1.0,1.0,1.0,12.740413008684646,SH000300
2018-09-07,3273.89,3316.614,3253.725,3277.643,3262.88,6394740736.0,81263439872.0,0.00237,1.0,0.4525,0.0,0.0,0.0,0.0,0.0,1.0,1.0,1.0,12.707855287160777,SH000300
2018-09-10,3271.381,3277.884,3227.848,3230.068,3277.643,6381705216.0,76175581184.0,0.002365,1.0,-1.4515,0.0,0.0,0.0,0.0,0.0,1.0,1.0,1.0,11.936555921294374,SH000300
2018-09-11,3229.705,3245.617,3209.112,3224.211,3230.068,5849130496.0,67722118912.0,0.002168,1.0,-0.1813,0.0,0.0,0.0,0.0,0.0,1.0,1.0,1.0,11.57815148051708,SH000300
2018-09-12,3216.991,3225.601,3194.978,3202.024,3224.211,5462789888.0,68887019520.0,0.002025,1.0,-0.6881,0.0,0.0,0.0,0.0,0.0,1.0,1.0,1.0,12.610226813101987,SH000300
2018-09-13,3239.685,3249.593,3191.397,3236.566,3202.024,6729032704.0,85887963136.0,0.002494,1.0,1.0788,0.0,0.0,0.0,0.0,0.0,1.0,1.0,1.0,12.763790415960505,SH000300
2018-09-14,3242.83,3254.104,3227.943,3242.09,3236.566,6013063936.0,76481212416.0,0.002229,1.0,0.1707,0.0,0.0,0.0,0.0,0.0,1.0,1.0,1.0,12.719174987997334,SH000300
2018-09-17,3224.926,3230.787,3200.509,3204.922,3242.09,5225954816.0,60650940928.0,0.001937,1.0,-1.1464,0.0,0.0,0.0,0.0,0.0,1.0,1.0,1.0,11.605714757102103,SH000300
2018-09-18,3193.642,3270.107,3193.642,3269.431,3204.922,7042503424.0,83899138048.0,0.00261,1.0,2.0128,0.0,0.0,0.0,0.0,0.0,1.0,1.0,1.0,11.913254846576557,SH000300
2018-09-19,3261.997,3335.991,3258.309,3312.482,3269.431,8917066496.0,109395423232.0,0.003305,1.0,1.3168,0.0,0.0,0.0,0.0,0.0,1.0,1.0,1.0,12.268095486455369,SH000300
2018-09-20,3314.875,3332.309,3303.073,3310.125,3312.482,6456105728.0,76660846592.0,0.002392,1.0,-0.0712,0.0,0.0,0.0,0.0,0.0,1.0,1.0,1.0,11.874162199594014,SH000300
2018-09-21,3320.695,3410.485,3307.767,3410.485,3310.125,10841600512.0,123573116928.0,0.004014,1.0,3.0319,0.0,0.0,0.0,0.0,0.0,1.0,1.0,1.0,11.398051126420254,SH000300
2018-09-25,3375.971,3394.377,3367.025,3379.804,3410.485,6905469184.0,82870030336.0,0.002556,1.0,-0.8996,0.0,0.0,0.0,0.0,0.0,1.0,1.0,1.0,12.000637194647135,SH000300
2018-09-26,3388.557,3448.259,3383.235,3417.241,3379.804,9317334272.0,119113318400.0,0.003449,1.0,1.1077,0.0,0.0,0.0,0.0,0.0,1.0,1.0,1.0,12.784055495138084,SH000300
2018-09-27,3415.953,3423.71,3394.732,3403.59,3417.241,6976524032.0,87573299200.0,0.002583,1.0,-0.3995,0.0,0.0,0.0,0.0,0.0,1.0,1.0,1.0,12.552568986836109,SH000300
2018-09-28,3409.959,3444.988,3404.697,3438.864,3403.59,8437775616.0,94880276480.0,0.003124,1.0,1.0364,0.0,0.0,0.0,0.0,0.0,1.0,1.0,1.0,11.244702490083377,SH000300
2018-10-08,3361.559,3364.464,3285.253,3290.898,3438.864,9788898816.0,114164219904.0,0.003623,1.0,-4.3028,0.0,0.0,0.0,0.0,0.0,1.0,1.0,1.0,11.662621307046106,SH000300
2018-10-09,3290.17,3309.797,3276.132,3288.69,3290.898,6672327424.0,78372941824.0,0.00247,1.0,-0.0671,0.0,0.0,0.0,0.0,0.0,1.0,1.0,1.0,11.74596761275485,SH000300
2018-10-10,3295.428,3315.731,3256.581,3281.597,3288.69,6449282816.0,79166808064.0,0.002387,1.0,-0.2157,0.0,0.0,0.0,0.0,0.0,1.0,1.0,1.0,12.27528863637293,SH000300
2018-10-11,3179.54,3209.52,3099.04,3124.113,3281.597,12094134272.0,125723082752.0,0.004476,1.0,-4.799,0.0,0.0,0.0,0.0,0.0,1.0,1.0,1.0,10.395376793779324,SH000300
2018-10-12,3123.371,3184.122,3094.965,3170.726,3124.113,9861115136.0,104423075840.0,0.00365,1.0,1.492,0.0,0.0,0.0,0.0,0.0,1.0,1.0,1.0,10.589378016567558,SH000300
2018-10-15,3173.846,3183.129,3120.23,3126.451,3170.726,6960502272.0,77137698816.0,0.002576,1.0,-1.3964,0.0,0.0,0.0,0.0,0.0,1.0,1.0,1.0,11.082202950540177,SH000300
2018-10-16,3128.576,3166.091,3089.366,3100.973,3126.451,6888772096.0,75206471680.0,0.00255,1.0,-0.8149,0.0,0.0,0.0,0.0,0.0,1.0,1.0,1.0,10.917253558681237,SH000300
2018-10-17,3140.683,3149.134,3062.554,3118.246,3100.973,7683713792.0,86132695040.0,0.002844,1.0,0.557,0.0,0.0,0.0,0.0,0.0,1.0,1.0,1.0,11.209773993622484,SH000300
2018-10-18,3097.79,3097.79,3043.381,3044.391,3118.246,7377196800.0,79703732224.0,0.002731,1.0,-2.3685,0.0,0.0,0.0,0.0,0.0,1.0,1.0,1.0,10.804067504882072,SH000300
2018-10-19,3017.748,3137.747,3009.498,3134.945,3044.391,9883968768.0,110951370752.0,0.003658,1.0,2.9745,0.0,0.0,0.0,0.0,0.0,1.0,1.0,1.0,11.225386619109155,SH000300
2018-10-22,3159.561,3297.38,3159.561,3270.273,3134.945,14586204416.0,170651308032.0,0.005399,1.0,4.3168,0.0,0.0,0.0,0.0,0.0,1.0,1.0,1.0,11.699500649038484,SH000300
2018-10-23,3273.127,3276.02,3163.57,3183.425,3270.273,12101324032.0,142589177856.0,0.004479,1.0,-2.6557,0.0,0.0,0.0,0.0,0.0,1.0,1.0,1.0,11.78294023686548,SH000300
2018-10-24,3169.457,3245.397,3164.293,3188.201,3183.425,11090974464.0,120954388480.0,0.004105,1.0,0.15,0.0,0.0,0.0,0.0,0.0,1.0,1.0,1.0,10.905659270301607,SH000300
2018-10-25,3107.84,3197.321,3099.888,3194.308,3188.201,10695181824.0,113291747328.0,0.003956,1.0,0.1916,0.0,0.0,0.0,0.0,0.0,1.0,1.0,1.0,10.59278366579736,SH000300
2018-10-26,3204.284,3218.102,3151.924,3173.635,3194.308,10129935360.0,106070368256.0,0.003746,1.0,-0.6472,0.0,0.0,0.0,0.0,0.0,1.0,1.0,1.0,10.470981747310972,SH000300
2018-10-29,3157.487,3158.811,3062.58,3076.888,3173.635,9183979008.0,108479492096.0,0.003396,1.0,-3.0485,0.0,0.0,0.0,0.0,0.0,1.0,1.0,1.0,11.811818385201605,SH000300
2018-10-30,3061.93,3146.627,3050.77,3110.26,3076.888,11607010048.0,131767103488.0,0.004288,1.0,1.0846,0.0,0.0,0.0,0.0,0.0,1.0,1.0,1.0,11.35237265610059,SH000300
2018-10-31,3116.658,3168.918,3106.027,3153.823,3110.26,11120745472.0,117099696128.0,0.004108,1.0,1.4006,0.0,0.0,0.0,0.0,0.0,1.0,1.0,1.0,10.529842304442232,SH000300
2018-11-01,3185.202,3217.803,3173.099,3177.033,3153.823,13265337856.0,145919303680.0,0.004899,1.0,0.7359,0.0,0.0,0.0,0.0,0.0,1.0,1.0,1.0,11.000044270564864,SH000300
2018-11-02,3258.609,3290.245,3222.435,3290.245,3177.033,15346610432.0,178340642816.0,0.005663,1.0,3.5635,0.0,0.0,0.0,0.0,0.0,1.0,1.0,1.0,11.620849021105847,SH000300
2018-11-05,3269.469,3279.878,3230.363,3262.835,3290.245,10970668288.0,123630923776.0,0.004048,1.0,-0.8331,0.0,0.0,0.0,0.0,0.0,1.0,1.0,1.0,11.269224493026618,SH000300
2018-11-06,3254.977,3254.977,3213.895,3243.15,3262.835,8386913792.0,91703898112.0,0.003094,1.0,-0.6033,0.0,0.0,0.0,0.0,0.0,1.0,1.0,1.0,10.934164865206236,SH000300
2018-11-07,3243.877,3270.5,3218.421,3221.91,3243.15,9161552896.0,101814919168.0,0.003378,1.0,-0.6549,0.0,0.0,0.0,0.0,0.0,1.0,1.0,1.0,11.113281811913472,SH000300
2018-11-08,3251.728,3253.573,3207.708,3212.773,3221.91,7641454080.0,85221666816.0,0.002817,1.0,-0.2836,0.0,0.0,0.0,0.0,0.0,1.0,1.0,1.0,11.152545827508265,SH000300
2018-11-09,3193.303,3193.303,3166.31,3167.444,3212.773,8428276224.0,88194191360.0,0.003108,1.0,-1.4109,0.0,0.0,0.0,0.0,0.0,1.0,1.0,1.0,10.464084115902844,SH000300
2018-11-12,3160.246,3206.512,3152.439,3205.14,3167.444,8806239232.0,97363050496.0,0.003247,1.0,1.1901,0.0,0.0,0.0,0.0,0.0,1.0,1.0,1.0,11.056144164492306,SH000300
2018-11-13,3164.922,3254.768,3161.097,3237.382,3205.14,12649346304.0,125603045376.0,0.004663,1.0,1.006,0.0,0.0,0.0,0.0,0.0,1.0,1.0,1.0,9.929607614290832,SH000300
2018-11-14,3233.64,3239.244,3200.228,3204.942,3237.382,11380865792.0,105386565632.0,0.004196,1.0,-1.002,0.0,0.0,0.0,0.0,0.0,1.0,1.0,1.0,9.259977892550127,SH000300
2018-11-15,3201.281,3242.383,3198.781,3242.371,3204.942,9855880960.0,100119191552.0,0.003633,1.0,1.1679,0.0,0.0,0.0,0.0,0.0,1.0,1.0,1.0,10.158319886201223,SH000300
2018-11-16,3242.879,3282.39,3223.721,3257.673,3242.371,12687683584.0,135379804160.0,0.004677,1.0,0.4719,0.0,0.0,0.0,0.0,0.0,1.0,1.0,1.0,10.670174997958084,SH000300
2018-11-19,3258.791,3294.603,3251.066,3294.603,3257.673,11595659520.0,123188776960.0,0.004275,1.0,1.1336,0.0,0.0,0.0,0.0,0.0,1.0,1.0,1.0,10.623697319460446,SH000300
2018-11-20,3268.076,3278.784,3213.683,3218.407,3294.603,10936115456.0,114155065344.0,0.004032,1.0,-2.3128,0.0,0.0,0.0,0.0,0.0,1.0,1.0,1.0,10.43835590464344,SH000300
2018-11-21,3187.102,3230.257,3185.239,3226.491,3218.407,8411972608.0,87813275648.0,0.003102,1.0,0.2512,0.0,0.0,0.0,0.0,0.0,1.0,1.0,1.0,10.439082453084469,SH000300
2018-11-22,3232.973,3235.452,3199.698,3214.427,3226.491,6509829120.0,70083371008.0,0.0024,1.0,-0.3739,0.0,0.0,0.0,0.0,0.0,1.0,1.0,1.0,10.765777367747559,SH000300
2018-11-23,3208.593,3212.195,3139.385,3143.475,3214.427,8463825408.0,86864945152.0,0.003121,1.0,-2.2073,0.0,0.0,0.0,0.0,0.0,1.0,1.0,1.0,10.263083294451624,SH000300
2018-11-26,3148.672,3169.441,3131.636,3141.243,3143.475,5937914112.0,61899479552.0,0.002189,1.0,-0.071,0.0,0.0,0.0,0.0,0.0,1.0,1.0,1.0,10.42444844847227,SH000300
2018-11-27,3152.774,3162.012,3126.289,3137.241,3141.243,5540783104.0,61946260992.0,0.002043,1.0,-0.1274,0.0,0.0,0.0,0.0,0.0,1.0,1.0,1.0,11.18005520686774,SH000300
2018-11-28,3137.747,3179.41,3126.617,3178.932,3137.241,7488195584.0,77620551680.0,0.002761,1.0,1.3289,0.0,0.0,0.0,0.0,0.0,1.0,1.0,1.0,10.36572172952474,SH000300
2018-11-29,3198.825,3204.856,3137.654,3137.654,3178.932,8049846528.0,86927613952.0,0.002968,1.0,-1.2985,0.0,0.0,0.0,0.0,0.0,1.0,1.0,1.0,10.798667235410926,SH000300
2018-11-30,3136.196,3175.154,3132.423,3172.69,3137.654,7092104448.0,77297696768.0,0.002615,1.0,1.1166,0.0,0.0,0.0,0.0,0.0,1.0,1.0,1.0,10.899119906475466,SH000300
2018-12-03,3260.686,3273.639,3228.361,3260.95,3172.69,12148715776.0,145828417536.0,0.004479,1.0,2.7819,0.0,0.0,0.0,0.0,0.0,1.0,1.0,1.0,12.003607642553181,SH000300
2018-12-04,3256.228,3267.94,3243.695,3267.709,3260.95,7941504000.0,90543599616.0,0.002927,1.0,0.2073,0.0,0.0,0.0,0.0,0.0,1.0,1.0,1.0,11.401316377351192,SH000300
2018-12-05,3224.255,3266.903,3219.978,3252.004,3267.709,7615305216.0,90909093888.0,0.002807,1.0,-0.4806,0.0,0.0,0.0,0.0,0.0,1.0,1.0,1.0,11.93768224771833,SH000300
2018-12-06,3218.113,3223.521,3179.894,3181.673,3252.004,7632877056.0,95678881792.0,0.002811,1.0,-2.1627,0.0,0.0,0.0,0.0,0.0,1.0,1.0,1.0,12.535100603617007,SH000300
2018-12-07,3187.491,3193.819,3176.706,3181.564,3181.673,5336192512.0,66323970560.0,0.001965,1.0,-0.0034,0.0,0.0,0.0,0.0,0.0,1.0,1.0,1.0,12.429081299231807,SH000300
2018-12-10,3153.522,3170.152,3134.384,3144.763,3181.564,6343727360.0,73717202944.0,0.002337,1.0,-1.1567,0.0,0.0,0.0,0.0,0.0,1.0,1.0,1.0,11.620487256249298,SH000300
2018-12-11,3148.225,3161.955,3143.607,3159.815,3144.763,5322387712.0,60014969856.0,0.00196,1.0,0.4786,0.0,0.0,0.0,0.0,0.0,1.0,1.0,1.0,11.27594852225602,SH000300
2018-12-12,3181.566,3182.21,3160.278,3170.609,3159.815,5330991360.0,60536223488.0,0.001964,1.0,0.3416,0.0,0.0,0.0,0.0,0.0,1.0,1.0,1.0,11.355528343606244,SH000300
2018-12-13,3178.891,3234.081,3169.423,3219.692,3170.609,9044275456.0,103375478784.0,0.003331,1.0,1.5481,0.0,0.0,0.0,0.0,0.0,1.0,1.0,1.0,11.429934800959693,SH000300
2018-12-14,3207.348,3210.722,3165.91,3165.91,3219.692,8430125056.0,91576901632.0,0.003105,1.0,-1.6704,0.0,0.0,0.0,0.0,0.0,1.0,1.0,1.0,10.863053753493451,SH000300
2018-12-17,3158.284,3167.512,3134.365,3161.196,3165.91,6649700608.0,77151490048.0,0.002448,1.0,-0.1489,0.0,0.0,0.0,0.0,0.0,1.0,1.0,1.0,11.602250175772124,SH000300
2018-12-18,3139.949,3165.001,3114.468,3128.426,3161.196,6382031872.0,72035450880.0,0.002381,1.0,-1.0366,0.0,0.0,0.0,0.0,0.0,1.0,1.0,1.0,11.287228319250863,SH000300
2018-12-19,3133.741,3137.009,3086.757,3091.125,3128.426,5552229888.0,67872922368.0,0.002072,1.0,-1.1923,0.0,0.0,0.0,0.0,0.0,1.0,1.0,1.0,12.224443824758287,SH000300
2018-12-20,3083.544,3097.72,3044.292,3067.416,3091.125,6974946304.0,78181425152.0,0.002602,1.0,-0.767,0.0,0.0,0.0,0.0,0.0,1.0,1.0,1.0,11.208892763398685,SH000300
2018-12-21,3055.325,3057.4,3007.609,3029.395,3067.416,7675810048.0,84824064000.0,0.002863,1.0,-1.2395,0.0,0.0,0.0,0.0,0.0,1.0,1.0,1.0,11.05082896392175,SH000300
2018-12-24,3015.497,3040.352,3007.329,3038.198,3029.395,5729961472.0,63880740608.0,0.002137,1.0,0.2906,0.0,0.0,0.0,0.0,0.0,1.0,1.0,1.0,11.148546272110082,SH000300
2018-12-25,3006.878,3030.141,2964.875,3017.281,3038.198,7868942592.0,80413569024.0,0.002935,1.0,-0.6885,0.0,0.0,0.0,0.0,0.0,1.0,1.0,1.0,10.21910734305685,SH000300
2018-12-26,3012.869,3029.06,2996.482,3002.032,3017.281,5564703232.0,58574969088.0,0.207541,1.0,-0.5054,0.0,0.0,0.0,0.0,0.0,1.0,1.0,1.0,10.526162249077867,SH000300
2018-12-27,3042.949,3047.234,2990.505,2990.505,3002.032,8054178560.0,81159270400.0,0.300387,1.0,-0.384,0.0,0.0,0.0,0.0,0.0,1.0,1.0,1.0,10.076666390669143,SH000300
2018-12-28,2994.795,3024.352,2984.817,3010.653,2990.505,7105377792.0,78145310720.0,0.264968,1.0,0.6737,0.0,0.0,0.0,0.0,0.0,1.0,1.0,1.0,10.998051477007234,SH000300
2019-01-02,3017.067,3018.775,2958.488,2969.535,3010.653,6866302208.0,76105572352.0,0.256006,1.0,-1.3658,0.0,0.0,0.0,0.0,0.0,1.0,1.0,1.0,11.083924075367467,SH000300
2019-01-03,2963.018,3000.441,2953.254,2964.842,2969.535,7086710272.0,76664799232.0,0.263269,1.0,-0.158,0.0,0.0,0.0,0.0,0.0,1.0,1.0,1.0,10.818108302650248,SH000300
2019-01-04,2940.191,3036.814,2935.829,3035.874,2964.842,10331897088.0,107141038080.0,0.383827,1.0,2.3958,0.0,0.0,0.0,0.0,0.0,1.0,1.0,1.0,10.369928887932803,SH000300
2019-01-07,3055.153,3061.749,3035.912,3054.303,3035.874,10116435968.0,105703940096.0,0.375687,1.0,0.607,0.0,0.0,0.0,0.0,0.0,1.0,1.0,1.0,10.448733173457477,SH000300
2019-01-08,3049.874,3055.51,3038.533,3047.703,3054.303,8617058560.0,79628881920.0,0.320006,1.0,-0.2161,0.0,0.0,0.0,0.0,0.0,1.0,1.0,1.0,9.240842610683151,SH000300
2019-01-09,3065.23,3117.961,3062.847,3078.475,3047.703,10736434944.0,117129678848.0,0.398705,1.0,1.0097,0.0,0.0,0.0,0.0,0.0,1.0,1.0,1.0,10.909550466140281,SH000300
2019-01-10,3077.481,3092.541,3062.572,3072.686,3078.475,8527175680.0,90206871552.0,0.316663,1.0,-0.188,0.0,0.0,0.0,0.0,0.0,1.0,1.0,1.0,10.57875138700086,SH000300
2019-01-11,3082.261,3102.833,3071.026,3094.778,3072.686,7178642432.0,77420240896.0,0.2666,1.0,0.719,0.0,0.0,0.0,0.0,0.0,1.0,1.0,1.0,10.784802506792415,SH000300
2019-01-14,3092.498,3097.406,3064.382,3067.784,3094.778,6612170240.0,68115969024.0,0.245617,1.0,-0.8722,0.0,0.0,0.0,0.0,0.0,1.0,1.0,1.0,10.301605456546746,SH000300
2019-01-15,3071.518,3129.37,3064.67,3127.99,3067.784,8877296128.0,99976892416.0,0.329623,1.0,1.9625,0.0,0.0,0.0,0.0,0.0,1.0,1.0,1.0,11.262088250121739,SH000300
2019-01-16,3126.134,3135.011,3117.292,3128.651,3127.99,8021434112.0,85781590016.0,0.297836,1.0,0.0211,0.0,0.0,0.0,0.0,0.0,1.0,1.0,1.0,10.69404657798927,SH000300
2019-01-17,3132.628,3141.709,3110.06,3111.416,3128.651,8017487104.0,82888208384.0,0.29769,1.0,-0.5509,0.0,0.0,0.0,0.0,0.0,1.0,1.0,1.0,10.338427403599601,SH000300
2019-01-18,3124.502,3171.686,3120.345,3168.173,3111.416,10396383488.0,106780659712.0,0.386007,1.0,1.8242,0.0,0.0,0.0,0.0,0.0,1.0,1.0,1.0,10.270942759590517,SH000300
2019-01-21,3170.877,3199.213,3170.877,3185.636,3168.173,9391502336.0,105536987136.0,0.348681,1.0,0.5512,0.0,0.0,0.0,0.0,0.0,1.0,1.0,1.0,11.237497831571641,SH000300
2019-01-22,3181.949,3181.949,3135.337,3143.317,3185.636,7299052800.0,78150877184.0,0.270979,1.0,-1.3284,0.0,0.0,0.0,0.0,0.0,1.0,1.0,1.0,10.706988882721879,SH000300
2019-01-23,3136.096,3157.626,3131.867,3141.053,3143.317,5987047936.0,62669651968.0,0.222264,1.0,-0.072,0.0,0.0,0.0,0.0,0.0,1.0,1.0,1.0,10.467538031751614,SH000300
2019-01-24,3146.604,3165.629,3125.3,3158.781,3141.053,7293463552.0,80963878912.0,0.270761,1.0,0.5644,0.0,0.0,0.0,0.0,0.0,1.0,1.0,1.0,11.100882089113647,SH000300
2019-01-25,3165.181,3203.174,3164.408,3184.469,3158.781,8396772864.0,93207953408.0,0.311721,1.0,0.8132,0.0,0.0,0.0,0.0,0.0,1.0,1.0,1.0,11.10044953194056,SH000300
2019-01-28,3203.118,3228.867,3174.724,3183.777,3184.469,8262243072.0,97371496448.0,0.306566,1.0,-0.0217,0.0,0.0,0.0,0.0,0.0,1.0,1.0,1.0,11.785116414449638,SH000300
2019-01-29,3177.261,3200.989,3148.234,3193.969,3183.777,7765833472.0,85943910400.0,0.288147,1.0,0.3201,0.0,0.0,0.0,0.0,0.0,1.0,1.0,1.0,11.06692677738635,SH000300
2019-01-30,3181.655,3202.896,3167.893,3168.482,3193.969,6374651648.0,73005121536.0,0.236528,1.0,-0.798,0.0,0.0,0.0,0.0,0.0,1.0,1.0,1.0,11.452409569533861,SH000300
2019-01-31,3182.698,3216.067,3178.01,3201.633,3168.482,8624783872.0,97509924864.0,0.320057,1.0,1.0463,0.0,0.0,0.0,0.0,0.0,1.0,1.0,1.0,11.30578183884258,SH000300
2019-02-01,3225.733,3247.495,3207.716,3247.397,3201.633,8201964032.0,94766411776.0,0.304197,1.0,1.4294,0.0,0.0,0.0,0.0,0.0,1.0,1.0,1.0,11.5541120890397,SH000300
2019-02-11,3239.807,3307.063,3239.807,3306.472,3247.397,9881843456.0,114752356352.0,0.3665,1.0,1.8191,0.0,0.0,0.0,0.0,0.0,1.0,1.0,1.0,11.612444263355066,SH000300
2019-02-12,3306.352,3335.36,3298.633,3330.335,3306.472,12223246336.0,122834100224.0,0.453235,1.0,0.7217,0.0,0.0,0.0,0.0,0.0,1.0,1.0,1.0,10.049220710068491,SH000300
2019-02-13,3337.779,3405.577,3329.143,3397.027,3330.335,16382833152.0,168866263040.0,0.607651,1.0,2.0026,0.0,0.0,0.0,0.0,0.0,1.0,1.0,1.0,10.307512838179944,SH000300
2019-02-14,3392.854,3415.399,3381.982,3402.14,3397.027,15112729088.0,138649288704.0,0.560542,1.0,0.1505,0.0,0.0,0.0,0.0,0.0,1.0,1.0,1.0,9.174338261253691,SH000300
2019-02-15,3391.242,3395.029,3335.87,3338.704,3402.14,14366860288.0,141555060736.0,0.532359,1.0,-1.8646,0.0,0.0,0.0,0.0,0.0,1.0,1.0,1.0,9.852887680284233,SH000300
2019-02-18,3366.423,3445.744,3366.423,3445.744,3338.704,18288609024.0,180449742848.0,0.677677,1.0,3.206,0.0,0.0,0.0,0.0,0.0,1.0,1.0,1.0,9.86678334099642,SH000300
2019-02-19,3454.721,3480.793,3419.073,3439.607,3445.744,17908378624.0,185762746368.0,0.662874,1.0,-0.1781,0.0,0.0,0.0,0.0,0.0,1.0,1.0,1.0,10.372951693072267,SH000300
2019-02-20,3449.932,3463.773,3421.505,3451.927,3439.607,14739031040.0,145570263040.0,0.545561,1.0,0.3582,0.0,0.0,0.0,0.0,0.0,1.0,1.0,1.0,9.876515128093523,SH000300
2019-02-21,3450.141,3500.251,3431.631,3442.705,3451.927,18014328832.0,185197154304.0,0.666752,1.0,-0.2672,0.0,0.0,0.0,0.0,0.0,1.0,1.0,1.0,10.280547004061706,SH000300
2019-02-22,3439.378,3520.118,3417.978,3520.118,3442.705,18723797504.0,202869288960.0,0.693011,1.0,2.2486,0.0,0.0,0.0,0.0,0.0,1.0,1.0,1.0,10.834836732060397,SH000300
2019-02-25,3575.852,3729.483,3574.688,3729.483,3520.118,34255712256.0,376382394368.0,1.267882,1.0,5.9477,0.0,0.0,0.0,0.0,0.0,1.0,1.0,1.0,10.987434491369404,SH000300
2019-02-26,3734.705,3762.112,3679.27,3684.693,3729.483,35803869696.0,387632861184.0,1.325183,1.0,-1.201,0.0,0.0,0.0,0.0,0.0,1.0,1.0,1.0,10.826563287021074,SH000300
2019-02-27,3682.811,3737.631,3638.333,3678.392,3684.693,28623600640.0,307306147840.0,1.059425,1.0,-0.171,0.0,0.0,0.0,0.0,0.0,1.0,1.0,1.0,10.736110795598355,SH000300
2019-02-28,3675.264,3695.464,3650.053,3669.37,3678.392,18481021952.0,206010957824.0,0.684025,1.0,-0.2453,0.0,0.0,0.0,0.0,0.0,1.0,1.0,1.0,11.147162660109588,SH000300
2019-03-01,3699.215,3749.714,3668.765,3749.714,3669.37,20471100416.0,235620622336.0,0.75768,1.0,2.1896,0.0,0.0,0.0,0.0,0.0,1.0,1.0,1.0,11.509914833490894,SH000300
2019-03-04,3783.036,3886.579,3764.776,3794.104,3749.714,32349012736.0,376397283328.0,1.197307,1.0,1.1838,0.0,0.0,0.0,0.0,0.0,1.0,1.0,1.0,11.635510684662151,SH000300
2019-03-05,3785.376,3816.162,3770.785,3816.013,3794.104,23085316608.0,261464121344.0,0.854437,1.0,0.5774,0.0,0.0,0.0,0.0,0.0,1.0,1.0,1.0,11.325992438561231,SH000300
2019-03-06,3822.858,3855.155,3787.522,3848.09,3816.013,31807737088.0,331155615744.0,1.177273,1.0,0.8406,0.0,0.0,0.0,0.0,0.0,1.0,1.0,1.0,10.411165523275592,SH000300
2019-03-07,3841.145,3845.182,3778.8,3808.849,3848.09,32984654848.0,359339151360.0,1.220833,1.0,-1.0198,0.0,0.0,0.0,0.0,0.0,1.0,1.0,1.0,10.89413101382773,SH000300
2019-03-08,3721.401,3774.543,3656.191,3657.579,3808.849,31799007744.0,349296693248.0,1.17695,1.0,-3.9715,0.0,0.0,0.0,0.0,0.0,1.0,1.0,1.0,10.984515493692003,SH000300
2019-03-11,3663.977,3731.909,3650.812,3729.954,3657.579,23091286528.0,268718460928.0,0.854658,1.0,1.9788,0.0,0.0,0.0,0.0,0.0,1.0,1.0,1.0,11.637223443663814,SH000300
2019-03-12,3758.315,3804.72,3723.678,3755.351,3729.954,27492638208.0,325180620800.0,1.017544,1.0,0.6809,0.0,0.0,0.0,0.0,0.0,1.0,1.0,1.0,11.827916198503521,SH000300
2019-03-13,3758.713,3763.092,3708.814,3724.194,3755.351,23368224768.0,286171049984.0,0.864893,1.0,-0.8297,0.0,0.0,0.0,0.0,0.0,1.0,1.0,1.0,12.246161307720609,SH000300
2019-03-14,3710.293,3747.819,3673.85,3698.485,3724.194,19081723648.0,231820148736.0,0.706243,1.0,-0.6903,0.0,0.0,0.0,0.0,0.0,1.0,1.0,1.0,12.148805475458063,SH000300
2019-03-15,3713.936,3782.236,3713.936,3745.005,3698.485,17517454336.0,224194363392.0,0.648289,1.0,1.2578,0.0,0.0,0.0,0.0,0.0,1.0,1.0,1.0,12.798341533635952,SH000300
2019-03-18,3753.643,3851.747,3733.678,3851.747,3745.005,21692805888.0,276473450496.0,0.802725,1.0,2.8503,0.0,0.0,0.0,0.0,0.0,1.0,1.0,1.0,12.744937281208939,SH000300
2019-03-19,3856.588,3868.335,3815.218,3833.962,3851.747,18172710912.0,224096890880.0,0.672467,1.0,-0.4617,0.0,0.0,0.0,0.0,0.0,1.0,1.0,1.0,12.331505847706074,SH000300
2019-03-20,3825.335,3855.146,3790.511,3835.439,3833.962,17563208960.0,215406993408.0,0.649913,1.0,0.0385,0.0,0.0,0.0,0.0,0.0,1.0,1.0,1.0,12.264671786265646,SH000300
2019-03-21,3840.278,3864.069,3823.466,3836.891,3835.439,19631031040.0,231993446400.0,0.726431,1.0,0.0379,0.0,0.0,0.0,0.0,0.0,1.0,1.0,1.0,11.81769036620096,SH000300
2019-03-22,3838.125,3845.58,3786.591,3833.801,3836.891,17135699200.0,198518386688.0,0.634026,1.0,-0.0805,0.0,0.0,0.0,0.0,0.0,1.0,1.0,1.0,11.58507653355633,SH000300
2019-03-25,3776.442,3807.179,3741.606,3742.825,3833.801,19858632960.0,223396564992.0,0.734776,1.0,-2.373,0.0,0.0,0.0,0.0,0.0,1.0,1.0,1.0,11.249342562601047,SH000300
2019-03-26,3766.528,3770.843,3687.547,3700.438,3742.825,17304657920.0,196547809280.0,0.640159,1.0,-1.1325,0.0,0.0,0.0,0.0,0.0,1.0,1.0,1.0,11.358086949112023,SH000300
2019-03-27,3724.405,3750.264,3703.45,3743.387,3700.438,13875845376.0,177507528704.0,0.513315,1.0,1.1606,0.0,0.0,0.0,0.0,0.0,1.0,1.0,1.0,12.792555977239509,SH000300
2019-03-28,3731.061,3755.716,3710.081,3728.395,3743.387,13327212800.0,172604391424.0,0.49302,1.0,-0.4005,0.0,0.0,0.0,0.0,0.0,1.0,1.0,1.0,12.951274509851002,SH000300
2019-03-29,3739.773,3876.379,3739.773,3872.341,3728.395,21563910400.0,283022299136.0,0.797508,1.0,3.8608,0.0,0.0,0.0,0.0,0.0,1.0,1.0,1.0,13.124813351849209,SH000300
2019-04-01,3901.169,3982.909,3901.169,3973.928,3872.341,27138270464.0,340799401984.0,1.003493,1.0,2.6234,0.0,0.0,0.0,0.0,0.0,1.0,1.0,1.0,12.557889510169192,SH000300
2019-04-02,3986.344,3988.097,3956.505,3971.285,3973.928,22600034048.0,281892057088.0,0.835603,1.0,-0.0665,0.0,0.0,0.0,0.0,0.0,1.0,1.0,1.0,12.473081079846699,SH000300
2019-04-03,3947.869,4026.497,3939.783,4022.156,3971.285,23191736832.0,284826497024.0,0.857481,1.0,1.281,0.0,0.0,0.0,0.0,0.0,1.0,1.0,1.0,12.281378453337565,SH000300
2019-04-04,4039.741,4072.113,4021.705,4062.23,4022.156,26041093888.0,313539432448.0,0.962832,1.0,0.9963,0.0,0.0,0.0,0.0,0.0,1.0,1.0,1.0,12.040179026138459,SH000300
2019-04-08,4097.102,4122.603,4017.488,4057.228,4062.23,26750557696.0,324670451712.0,0.989062,1.0,-0.1231,0.0,0.0,0.0,0.0,0.0,1.0,1.0,1.0,12.13696011132313,SH000300
2019-04-09,4063.813,4084.243,4038.282,4075.43,4057.228,18295680768.0,243187912704.0,0.676456,1.0,0.4486,0.0,0.0,0.0,0.0,0.0,1.0,1.0,1.0,13.292094226378666,SH000300
2019-04-10,4062.442,4115.378,4035.474,4085.847,4075.43,19468761344.0,278282027008.0,0.719824,1.0,0.2556,0.0,0.0,0.0,0.0,0.0,1.0,1.0,1.0,14.293771549763367,SH000300
2019-04-11,4083.461,4097.124,3990.239,3997.577,4085.847,16904964096.0,236259155968.0,0.625032,1.0,-2.1604,0.0,0.0,0.0,0.0,0.0,1.0,1.0,1.0,13.97572657512493,SH000300
2019-04-12,3986.782,4006.933,3961.464,3988.616,3997.577,13586211840.0,178795937792.0,0.502181,1.0,-0.2242,0.0,0.0,0.0,0.0,0.0,1.0,1.0,1.0,13.160102307958713,SH000300
2019-04-15,4056.491,4085.388,3974.226,3975.524,3988.616,18264557056.0,236298723328.0,0.675009,1.0,-0.3282,0.0,0.0,0.0,0.0,0.0,1.0,1.0,1.0,12.937555649638636,SH000300
2019-04-16,3958.096,4085.789,3943.487,4085.789,3975.524,20204196608.0,250569207808.0,0.745661,1.0,2.7736,0.0,0.0,0.0,0.0,0.0,1.0,1.0,1.0,12.401839710309753,SH000300
2019-04-17,4080.717,4106.615,4057.503,4087.239,4085.789,18036711680.0,228824428544.0,0.665626,1.0,0.0355,0.0,0.0,0.0,0.0,0.0,1.0,1.0,1.0,12.686593465799637,SH000300
2019-04-18,4085.114,4094.053,4056.235,4072.075,4087.239,14656212224.0,187812687872.0,0.540327,1.0,-0.371,0.0,0.0,0.0,0.0,0.0,1.0,1.0,1.0,12.814544781526221,SH000300
2019-04-19,4076.295,4120.635,4046.204,4120.607,4072.075,15079491072.0,194701692928.0,0.555932,1.0,1.1918,0.0,0.0,0.0,0.0,0.0,1.0,1.0,1.0,12.911688597337829,SH000300
2019-04-22,4125.971,4126.09,4015.474,4025.61,4120.607,18935374592.0,244380549120.0,0.698062,1.0,-2.3054,0.0,0.0,0.0,0.0,0.0,1.0,1.0,1.0,12.906031931538775,SH000300
2019-04-23,4021.627,4061.085,4005.283,4019.005,4025.61,15561165056.0,204121505792.0,0.57367,1.0,-0.1641,0.0,0.0,0.0,0.0,0.0,1.0,1.0,1.0,13.117366537622825,SH000300
2019-04-24,4033.629,4044.337,3967.805,4030.088,4019.005,14549869568.0,186497961984.0,0.535033,1.0,0.2758,0.0,0.0,0.0,0.0,0.0,1.0,1.0,1.0,12.81784425024476,SH000300
2019-04-25,4013.602,4022.563,3938.325,3941.816,4030.088,15972207104.0,197530996736.0,0.587317,1.0,-2.1903,0.0,0.0,0.0,0.0,0.0,1.0,1.0,1.0,12.367169762438863,SH000300
2019-04-26,3921.89,3943.833,3887.252,3889.274,3941.816,14200806912.0,186572136448.0,0.52218,1.0,-1.3329,0.0,0.0,0.0,0.0,0.0,1.0,1.0,1.0,13.138136276632448,SH000300
2019-04-29,3896.582,3953.228,3875.452,3900.333,3889.274,15387092736.0,203946553344.0,0.565806,1.0,0.2843,0.0,0.0,0.0,0.0,0.0,1.0,1.0,1.0,13.254391641303487,SH000300
2019-04-30,3887.179,3923.108,3885.147,3913.211,3900.333,11623337728.0,161665925120.0,0.427407,1.0,0.3302,0.0,0.0,0.0,0.0,0.0,1.0,1.0,1.0,13.908735072762742,SH000300
2019-05-06,3775.076,3791.611,3647.14,3684.616,3913.211,19747288320.0,254115401728.0,0.726055,1.0,-5.8416,0.0,0.0,0.0,0.0,0.0,1.0,1.0,1.0,12.868369449522476,SH000300
2019-05-07,3702.265,3738.176,3671.834,3720.668,3684.616,13284765440.0,183659159552.0,0.488389,1.0,0.9784,0.0,0.0,0.0,0.0,0.0,1.0,1.0,1.0,13.82479505426631,SH000300
2019-05-08,3648.548,3722.932,3642.498,3667.457,3720.668,11286735616.0,145058488320.0,0.414843,1.0,-1.4301,0.0,0.0,0.0,0.0,0.0,1.0,1.0,1.0,12.852120688852326,SH000300
2019-05-09,3637.346,3656.896,3584.822,3599.7,3667.457,10103739392.0,141829095424.0,0.371278,1.0,-1.8475,0.0,0.0,0.0,0.0,0.0,1.0,1.0,1.0,14.037287574568511,SH000300
2019-05-10,3643.055,3732.923,3589.29,3730.451,3599.7,14800384768.0,195067170816.0,0.543825,1.0,3.6323,0.0,0.0,0.0,0.0,0.0,1.0,1.0,1.0,13.179871596159844,SH000300
2019-05-13,3675.759,3702.901,3658.0,3668.725,3730.451,10339185920.0,135053926400.0,0.379311,1.0,-1.6546,0.0,0.0,0.0,0.0,0.0,1.0,1.0,1.0,13.062336575141112,SH000300
2019-05-14,3630.438,3683.261,3630.438,3645.15,3668.725,10231345920.0,135262867456.0,0.375354,1.0,-0.6426,0.0,0.0,0.0,0.0,0.0,1.0,1.0,1.0,13.220437322091833,SH000300
2019-05-15,3674.993,3741.04,3674.993,3727.092,3645.15,11016176896.0,152534548480.0,0.404144,1.0,2.248,0.0,0.0,0.0,0.0,0.0,1.0,1.0,1.0,13.846414225191468,SH000300
2019-05-16,3720.039,3745.14,3707.903,3743.963,3727.092,11625827328.0,139851939840.0,0.426458,1.0,0.4527,0.0,0.0,0.0,0.0,0.0,1.0,1.0,1.0,12.029418285198188,SH000300
2019-05-17,3744.875,3745.355,3637.582,3648.76,3743.963,12845324544.0,154092351488.0,0.471186,1.0,-2.5428,0.0,0.0,0.0,0.0,0.0,1.0,1.0,1.0,11.995987408506227,SH000300
2019-05-20,3635.735,3644.5,3583.832,3617.792,3648.76,10896347648.0,134194262016.0,0.39966,1.0,-0.8487,0.0,0.0,0.0,0.0,0.0,1.0,1.0,1.0,12.315526849093425,SH000300
2019-05-21,3619.436,3690.088,3610.681,3666.776,3617.792,11102291968.0,133071380480.0,0.407209,1.0,1.354,0.0,0.0,0.0,0.0,0.0,1.0,1.0,1.0,11.98593775623538,SH000300
2019-05-22,3663.153,3679.272,3634.747,3649.379,3666.776,9834612736.0,121775243264.0,0.360632,1.0,-0.4744,0.0,0.0,0.0,0.0,0.0,1.0,1.0,1.0,12.382311996713074,SH000300
2019-05-23,3629.528,3631.474,3578.112,3583.964,3649.379,9989778176.0,125611970560.0,0.366199,1.0,-1.7925,0.0,0.0,0.0,0.0,0.0,1.0,1.0,1.0,12.574050028635991,SH000300
2019-05-24,3584.901,3623.39,3580.785,3593.913,3583.964,8093404928.0,101337497600.0,0.296678,1.0,0.2776,0.0,0.0,0.0,0.0,0.0,1.0,1.0,1.0,12.520996848855553,SH000300
2019-05-27,3592.602,3648.026,3556.256,3637.197,3593.913,10883087104.0,133399052288.0,0.398938,1.0,1.2044,0.0,0.0,0.0,0.0,0.0,1.0,1.0,1.0,12.257464358524718,SH000300
2019-05-28,3633.018,3683.23,3627.787,3672.26,3637.197,11788624128.0,148966334464.0,0.431965,1.0,0.964,0.0,0.0,0.0,0.0,0.0,1.0,1.0,1.0,12.636447887941348,SH000300
2019-05-29,3642.541,3693.227,3637.348,3663.909,3672.26,9335544064.0,120002035712.0,0.342078,1.0,-0.2274,0.0,0.0,0.0,0.0,0.0,1.0,1.0,1.0,12.854316244379948,SH000300
2019-05-30,3648.849,3650.971,3612.624,3641.183,3663.909,9420256000.0,112864079872.0,0.345182,1.0,-0.6203,0.0,0.0,0.0,0.0,0.0,1.0,1.0,1.0,11.98099922889569,SH000300
2019-05-31,3640.996,3668.179,3627.544,3629.789,3641.183,8922226688.0,108264202240.0,0.32694,1.0,-0.3129,0.0,0.0,0.0,0.0,0.0,1.0,1.0,1.0,12.134213355687383,SH000300
2019-06-03,3640.612,3672.813,3613.127,3632.012,3629.789,10072317952.0,123902447616.0,0.369082,1.0,0.0612,0.0,0.0,0.0,0.0,0.0,1.0,1.0,1.0,12.301284392178806,SH000300
2019-06-04,3632.56,3636.128,3584.461,3598.466,3632.012,8709709312.0,109467238400.0,0.319151,1.0,-0.9236,0.0,0.0,0.0,0.0,0.0,1.0,1.0,1.0,12.568414682815995,SH000300
2019-06-05,3627.794,3634.453,3593.951,3597.105,3598.466,8864201984.0,114634227712.0,0.324819,1.0,-0.0378,0.0,0.0,0.0,0.0,0.0,1.0,1.0,1.0,12.932267102996555,SH000300
2019-06-06,3601.035,3601.035,3557.016,3564.677,3597.105,8553440256.0,104367267840.0,0.313201,1.0,-0.9015,0.0,0.0,0.0,0.0,0.0,1.0,1.0,1.0,12.201788370099303,SH000300
2019-06-10,3578.008,3623.73,3568.278,3610.743,3564.677,9237506048.0,117346607104.0,0.337876,1.0,1.2923,0.0,0.0,0.0,0.0,0.0,1.0,1.0,1.0,12.703277972890373,SH000300
2019-06-11,3617.523,3723.141,3617.523,3719.275,3610.743,14348280576.0,180899074048.0,0.524715,1.0,3.0058,0.0,0.0,0.0,0.0,0.0,1.0,1.0,1.0,12.607717913642226,SH000300
2019-06-12,3706.863,3711.879,3683.939,3691.095,3719.275,11917885184.0,132296097792.0,0.435836,1.0,-0.7577,0.0,0.0,0.0,0.0,0.0,1.0,1.0,1.0,11.100635368564397,SH000300
2019-06-13,3689.583,3697.591,3654.274,3685.393,3691.095,9633171712.0,110459904000.0,0.352235,1.0,-0.1545,0.0,0.0,0.0,0.0,0.0,1.0,1.0,1.0,11.466618399670025,SH000300
2019-06-14,3690.476,3709.652,3650.909,3654.879,3685.393,10181700352.0,116584259584.0,0.372066,1.0,-0.828,0.0,0.0,0.0,0.0,0.0,1.0,1.0,1.0,11.450372290822648,SH000300
2019-06-17,3654.443,3683.774,3645.498,3654.824,3654.879,7297667840.0,93092581376.0,0.266676,1.0,-0.0015,0.0,0.0,0.0,0.0,0.0,1.0,1.0,1.0,12.756483772218386,SH000300
2019-06-18,3661.129,3675.645,3638.78,3667.618,3654.824,7069226496.0,89472839680.0,0.261629,1.0,0.3501,0.0,0.0,0.0,0.0,0.0,1.0,1.0,1.0,12.656666147367986,SH000300
2019-06-19,3761.338,3771.347,3715.133,3715.938,3667.618,12559571456.0,172574179328.0,0.464779,1.0,1.3175,0.0,0.0,0.0,0.0,0.0,1.0,1.0,1.0,13.74045125126919,SH000300
2019-06-20,3718.941,3845.791,3717.185,3828.518,3715.938,16887207424.0,227726983168.0,0.624927,1.0,3.0297,0.0,0.0,0.0,0.0,0.0,1.0,1.0,1.0,13.485177119596207,SH000300
2019-06-21,3832.732,3856.085,3817.306,3833.938,3828.518,15363515392.0,199961616384.0,0.56819,1.0,0.1416,0.0,0.0,0.0,0.0,0.0,1.0,1.0,1.0,13.01535561894401,SH000300
2019-06-24,3836.305,3853.545,3819.769,3841.265,3833.938,10008462080.0,143644733440.0,0.370105,1.0,0.1911,0.0,0.0,0.0,0.0,0.0,1.0,1.0,1.0,14.352328288983236,SH000300
2019-06-25,3837.425,3838.057,3755.009,3801.309,3841.265,12407591168.0,169358794752.0,0.458822,1.0,-1.0402,0.0,0.0,0.0,0.0,0.0,1.0,1.0,1.0,13.649611150050427,SH000300
2019-06-26,3779.512,3809.758,3771.716,3794.331,3801.309,8182028288.0,112106860544.0,0.302565,1.0,-0.1836,0.0,0.0,0.0,0.0,0.0,1.0,1.0,1.0,13.701597769885392,SH000300
2019-06-27,3807.537,3854.08,3805.832,3834.817,3794.331,10531635712.0,156483420160.0,0.389441,1.0,1.067,0.0,0.0,0.0,0.0,0.0,1.0,1.0,1.0,14.858415581323138,SH000300
2019-06-28,3832.059,3835.232,3803.054,3825.587,3834.817,8476613888.0,116512051200.0,0.313292,1.0,-0.2407,0.0,0.0,0.0,0.0,0.0,1.0,1.0,1.0,13.74511718233874,SH000300
2019-07-01,3899.331,3936.668,3886.909,3935.811,3825.587,15837033984.0,217470251008.0,0.584664,1.0,2.8812,0.0,0.0,0.0,0.0,0.0,1.0,1.0,1.0,13.731753763217789,SH000300
2019-07-02,3931.048,3942.425,3918.937,3937.169,3935.811,13186349568.0,173997043712.0,0.486776,1.0,0.0345,0.0,0.0,0.0,0.0,0.0,1.0,1.0,1.0,13.195239729898233,SH000300
2019-07-03,3927.436,3927.436,3878.84,3893.534,3937.169,11199260416.0,163145732096.0,0.412604,1.0,-1.1083,0.0,0.0,0.0,0.0,0.0,1.0,1.0,1.0,14.567545180297735,SH000300
2019-07-04,3895.197,3906.889,3854.693,3873.101,3893.534,9934225664.0,142669254656.0,0.365788,1.0,-0.5248,0.0,0.0,0.0,0.0,0.0,1.0,1.0,1.0,14.361386531917622,SH000300
2019-07-05,3875.373,3900.309,3857.928,3893.202,3873.101,7400652800.0,116236521472.0,0.272503,1.0,0.519,0.0,0.0,0.0,0.0,0.0,1.0,1.0,1.0,15.7062524905911,SH000300
2019-07-08,3875.754,3875.754,3775.025,3802.789,3893.202,10953908736.0,147198418944.0,0.403156,1.0,-2.3223,0.0,0.0,0.0,0.0,0.0,1.0,1.0,1.0,13.437981134554525,SH000300
2019-07-09,3798.095,3811.099,3774.764,3793.129,3802.789,7484273152.0,113147604992.0,0.275457,1.0,-0.254,0.0,0.0,0.0,0.0,0.0,1.0,1.0,1.0,15.118048565846893,SH000300
2019-07-10,3807.949,3810.396,3774.23,3786.739,3793.129,7283394816.0,101355479040.0,0.268064,1.0,-0.1685,0.0,0.0,0.0,0.0,0.0,1.0,1.0,1.0,13.915966606306242,SH000300
2019-07-11,3806.185,3830.738,3774.413,3785.221,3786.739,7531196416.0,113674616832.0,0.27713,1.0,-0.0401,0.0,0.0,0.0,0.0,0.0,1.0,1.0,1.0,15.093832447457974,SH000300
2019-07-12,3783.073,3820.235,3774.522,3808.731,3785.221,7546596608.0,107007922176.0,0.277685,1.0,0.6211,0.0,0.0,0.0,0.0,0.0,1.0,1.0,1.0,14.179626623021427,SH000300
2019-07-15,3792.64,3844.868,3745.854,3824.187,3808.731,10120522240.0,142493044736.0,0.372433,1.0,0.4058,0.0,0.0,0.0,0.0,0.0,1.0,1.0,1.0,14.079613814079222,SH000300
2019-07-16,3819.247,3828.325,3799.866,3806.844,3824.187,8073095168.0,108449681408.0,0.297091,1.0,-0.4535,0.0,0.0,0.0,0.0,0.0,1.0,1.0,1.0,13.433469958073953,SH000300
2019-07-17,3800.106,3820.271,3787.897,3804.638,3806.844,9518388480.0,116766781440.0,0.350277,1.0,-0.0579,0.0,0.0,0.0,0.0,0.0,1.0,1.0,1.0,12.267494827023492,SH000300
2019-07-18,3793.189,3793.391,3767.995,3768.401,3804.638,8749644544.0,111669366784.0,0.32196,1.0,-0.9524,0.0,0.0,0.0,0.0,0.0,1.0,1.0,1.0,12.762731814125683,SH000300
2019-07-19,3787.507,3828.151,3787.507,3807.955,3768.401,8808614912.0,117797527552.0,0.324069,1.0,1.0496,0.0,0.0,0.0,0.0,0.0,1.0,1.0,1.0,13.372990955879352,SH000300
2019-07-22,3813.502,3816.538,3765.442,3781.683,3807.955,9210137600.0,117810446336.0,0.338841,1.0,-0.6899,0.0,0.0,0.0,0.0,0.0,1.0,1.0,1.0,12.791388299779582,SH000300
2019-07-23,3783.541,3792.964,3768.761,3789.913,3781.683,7131334656.0,103866609664.0,0.262362,1.0,0.2176,0.0,0.0,0.0,0.0,0.0,1.0,1.0,1.0,14.564820566457511,SH000300
2019-07-24,3803.586,3840.057,3803.573,3819.832,3789.913,9094068480.0,129940586496.0,0.334571,1.0,0.7894,0.0,0.0,0.0,0.0,0.0,1.0,1.0,1.0,14.288498792566823,SH000300
2019-07-25,3821.389,3851.066,3812.953,3851.066,3819.832,9374041600.0,125899501568.0,0.34487,1.0,0.8177,0.0,0.0,0.0,0.0,0.0,1.0,1.0,1.0,13.430653173973539,SH000300
2019-07-26,3835.228,3863.587,3832.522,3858.568,3851.066,8325929984.0,110929727488.0,0.306303,1.0,0.1948,0.0,0.0,0.0,0.0,0.0,1.0,1.0,1.0,13.323403836108934,SH000300
2019-07-29,3857.939,3862.746,3842.426,3854.27,3858.568,8481436928.0,111679107072.0,0.312024,1.0,-0.1114,0.0,0.0,0.0,0.0,0.0,1.0,1.0,1.0,13.167474806457701,SH000300
2019-07-30,3861.569,3890.729,3861.569,3870.317,3854.27,9412395520.0,120480280576.0,0.346272,1.0,0.4163,0.0,0.0,0.0,0.0,0.0,1.0,1.0,1.0,12.800171892479078,SH000300
2019-07-31,3856.745,3856.745,3830.091,3835.358,3870.317,8215115520.0,111083892736.0,0.302226,1.0,-0.9033,0.0,0.0,0.0,0.0,0.0,1.0,1.0,1.0,13.521890527961803,SH000300
2019-08-01,3819.324,3831.264,3791.546,3803.469,3835.358,8411418112.0,117649162240.0,0.30931,1.0,-0.8314,0.0,0.0,0.0,0.0,0.0,1.0,1.0,1.0,13.98684034885365,SH000300
2019-08-02,3729.13,3754.532,3720.058,3747.437,3803.469,10833589760.0,141874786304.0,0.39838,1.0,-1.4732,0.0,0.0,0.0,0.0,0.0,1.0,1.0,1.0,13.09582414019709,SH000300
2019-08-05,3724.409,3739.503,3675.688,3675.688,3747.437,10132598016.0,133061099520.0,0.371714,1.0,-1.9146,0.0,0.0,0.0,0.0,0.0,1.0,1.0,1.0,13.131982469835306,SH000300
2019-08-06,3609.111,3649.895,3575.862,3636.328,3675.688,12983387136.0,167267479552.0,0.47626,1.0,-1.0708,0.0,0.0,0.0,0.0,0.0,1.0,1.0,1.0,12.883192790901617,SH000300
2019-08-07,3654.632,3659.077,3621.431,3621.431,3636.328,8423871488.0,108667666432.0,0.309004,1.0,-0.4097,0.0,0.0,0.0,0.0,0.0,1.0,1.0,1.0,12.899967264077997,SH000300
2019-08-08,3651.357,3675.46,3646.938,3669.293,3621.431,8845770752.0,114981617664.0,0.324483,1.0,1.3216,0.0,0.0,0.0,0.0,0.0,1.0,1.0,1.0,12.998484913030675,SH000300
2019-08-09,3686.749,3689.177,3628.116,3633.529,3669.293,8529558016.0,116355690496.0,0.312883,1.0,-0.9747,0.0,0.0,0.0,0.0,0.0,1.0,1.0,1.0,13.641467738156715,SH000300
2019-08-12,3647.866,3699.104,3643.316,3699.104,3633.529,8208305664.0,121129345024.0,0.300797,1.0,1.8047,0.0,0.0,0.0,0.0,0.0,1.0,1.0,1.0,14.756924264559162,SH000300
2019-08-13,3675.586,3686.43,3658.012,3665.751,3699.104,7650030336.0,103764320256.0,0.280339,1.0,-0.9017,0.0,0.0,0.0,0.0,0.0,1.0,1.0,1.0,13.563909644606147,SH000300
2019-08-14,3712.065,3717.557,3680.608,3682.401,3665.751,9120259072.0,128301670400.0,0.33422,1.0,0.4542,0.0,0.0,0.0,0.0,0.0,1.0,1.0,1.0,14.067765990759785,SH000300
2019-08-15,3618.009,3694.298,3612.11,3694.0,3682.401,8859883264.0,119241080832.0,0.324669,1.0,0.315,0.0,0.0,0.0,0.0,0.0,1.0,1.0,1.0,13.458538592320668,SH000300
2019-08-16,3697.94,3738.096,3687.075,3710.538,3694.0,8831916800.0,132696911872.0,0.323641,1.0,0.4477,0.0,0.0,0.0,0.0,0.0,1.0,1.0,1.0,15.024701305157222,SH000300
2019-08-19,3736.034,3791.094,3720.689,3791.094,3710.538,13932701184.0,195448938496.0,0.510268,1.0,2.171,0.0,0.0,0.0,0.0,0.0,1.0,1.0,1.0,14.028072224820924,SH000300
2019-08-20,3786.026,3799.897,3778.73,3787.732,3791.094,10860208896.0,149115342848.0,0.397665,1.0,-0.0887,0.0,0.0,0.0,0.0,0.0,1.0,1.0,1.0,13.730430443462438,SH000300
2019-08-21,3778.309,3792.595,3775.447,3781.757,3787.732,8229988096.0,121688506368.0,0.30129,1.0,-0.1577,0.0,0.0,0.0,0.0,0.0,1.0,1.0,1.0,14.785988138566562,SH000300
2019-08-22,3793.855,3797.329,3771.204,3793.506,3781.757,8580779264.0,120708136960.0,0.314127,1.0,0.3107,0.0,0.0,0.0,0.0,0.0,1.0,1.0,1.0,14.067269795229638,SH000300
2019-08-23,3796.882,3829.36,3788.034,3820.863,3793.506,8795458304.0,137802153984.0,0.321986,1.0,0.7212,0.0,0.0,0.0,0.0,0.0,1.0,1.0,1.0,15.667421664807428,SH000300
2019-08-26,3756.361,3778.866,3753.164,3765.91,3820.863,9385926912.0,142350987264.0,0.343433,1.0,-1.4382,0.0,0.0,0.0,0.0,0.0,1.0,1.0,1.0,15.166428270606163,SH000300
2019-08-27,3791.458,3848.235,3790.873,3816.945,3765.91,12473147904.0,181748785152.0,0.456395,1.0,1.3552,0.0,0.0,0.0,0.0,0.0,1.0,1.0,1.0,14.5712042020856,SH000300
2019-08-28,3818.812,3822.588,3790.138,3802.584,3816.945,8875081216.0,137667276800.0,0.324748,1.0,-0.3762,0.0,0.0,0.0,0.0,0.0,1.0,1.0,1.0,15.511663887854162,SH000300
2019-08-29,3805.494,3808.595,3774.396,3790.186,3802.584,8408338688.0,126475677696.0,0.307669,1.0,-0.326,0.0,0.0,0.0,0.0,0.0,1.0,1.0,1.0,15.041696390810275,SH000300
2019-08-30,3816.678,3828.969,3778.918,3799.586,3790.186,9669515008.0,152408670208.0,0.353811,1.0,0.248,0.0,0.0,0.0,0.0,0.0,1.0,1.0,1.0,15.761769859388588,SH000300
2019-09-02,3803.689,3855.776,3799.816,3848.319,3799.586,11028934912.0,164994457600.0,0.403645,1.0,1.2826,0.0,0.0,0.0,0.0,0.0,1.0,1.0,1.0,14.96014428559899,SH000300
2019-09-03,3852.579,3856.681,3833.757,3853.61,3848.319,9771463168.0,146270633984.0,0.357623,1.0,0.1375,0.0,0.0,0.0,0.0,0.0,1.0,1.0,1.0,14.96916392859293,SH000300
2019-09-04,3848.648,3886.001,3846.421,3886.001,3853.61,12662861568.0,176839745536.0,0.463444,1.0,0.8405,0.0,0.0,0.0,0.0,0.0,1.0,1.0,1.0,13.96522773200706,SH000300
2019-09-05,3909.208,3970.003,3909.208,3925.323,3886.001,18165623040.0,244681224192.0,0.66484,1.0,1.0119,0.0,0.0,0.0,0.0,0.0,1.0,1.0,1.0,13.469465024856092,SH000300
2019-09-06,3946.685,3948.539,3922.336,3948.507,3925.323,12188237568.0,181718269952.0,0.446046,1.0,0.5906,0.0,0.0,0.0,0.0,0.0,1.0,1.0,1.0,14.909314733829776,SH000300
2019-09-09,3980.957,3985.239,3954.875,3972.948,3948.507,14680975360.0,209545388032.0,0.537271,1.0,0.619,0.0,0.0,0.0,0.0,0.0,1.0,1.0,1.0,14.273260658343615,SH000300
2019-09-10,3976.869,3976.922,3938.744,3959.265,3972.948,13088938496.0,184494350336.0,0.479008,1.0,-0.3444,0.0,0.0,0.0,0.0,0.0,1.0,1.0,1.0,14.095440236989559,SH000300
2019-09-11,3969.675,3971.223,3922.953,3930.099,3959.265,13159487488.0,190165008384.0,0.48159,1.0,-0.7366,0.0,0.0,0.0,0.0,0.0,1.0,1.0,1.0,14.450791382066322,SH000300
2019-09-12,3944.691,3975.931,3933.436,3972.379,3930.099,11024127232.0,156750651392.0,0.403435,1.0,1.0758,0.0,0.0,0.0,0.0,0.0,1.0,1.0,1.0,14.218871761294274,SH000300
2019-09-16,3981.361,3982.204,3943.373,3957.715,3972.379,11025980416.0,154736553984.0,0.403502,1.0,-0.3691,0.0,0.0,0.0,0.0,0.0,1.0,1.0,1.0,14.033813606222171,SH000300
2019-09-17,3947.157,3947.157,3879.485,3891.22,3957.715,11369431808.0,154899300352.0,0.416071,1.0,-1.6801,0.0,0.0,0.0,0.0,0.0,1.0,1.0,1.0,13.624190106229097,SH000300
2019-09-18,3902.994,3923.146,3902.51,3910.083,3891.22,8205615104.0,130159558656.0,0.300099,1.0,0.4848,0.0,0.0,0.0,0.0,0.0,1.0,1.0,1.0,15.862254932302513,SH000300
2019-09-19,3923.963,3924.382,3897.066,3924.382,3910.083,8598423808.0,127421792256.0,0.314465,1.0,0.3657,0.0,0.0,0.0,0.0,0.0,1.0,1.0,1.0,14.819203507676182,SH000300
2019-09-20,3933.459,3942.224,3921.412,3935.651,3924.382,10345595392.0,153162588160.0,0.378363,1.0,0.2871,0.0,0.0,0.0,0.0,0.0,1.0,1.0,1.0,14.804618038555514,SH000300
2019-09-23,3925.185,3925.185,3868.214,3890.661,3935.651,9403622400.0,139223506944.0,0.343744,1.0,-1.1431,0.0,0.0,0.0,0.0,0.0,1.0,1.0,1.0,14.805305979108647,SH000300
2019-09-24,3895.866,3927.011,3886.14,3901.075,3890.661,8778322944.0,142341398528.0,0.320887,1.0,0.2677,0.0,0.0,0.0,0.0,0.0,1.0,1.0,1.0,16.215101612921476,SH000300
2019-09-25,3887.554,3889.839,3867.227,3870.983,3901.075,8952083456.0,133224464384.0,0.327239,1.0,-0.7714,0.0,0.0,0.0,0.0,0.0,1.0,1.0,1.0,14.88195066978607,SH000300
2019-09-26,3884.702,3890.745,3840.247,3841.138,3870.983,10269830144.0,150806749184.0,0.37574,1.0,-0.771,0.0,0.0,0.0,0.0,0.0,1.0,1.0,1.0,14.684444345178061,SH000300
2019-09-27,3843.458,3859.5,3832.246,3852.653,3841.138,7400394752.0,109130485760.0,0.27057,1.0,0.2998,0.0,0.0,0.0,0.0,0.0,1.0,1.0,1.0,14.746576286421321,SH000300
2019-09-30,3842.074,3857.231,3813.549,3814.528,3852.653,6593131264.0,100487270400.0,0.24101,1.0,-0.9896,0.0,0.0,0.0,0.0,0.0,1.0,1.0,1.0,15.241205790742164,SH000300
2019-10-08,3818.589,3861.642,3818.589,3837.679,3814.528,7665786112.0,118365683712.0,0.28001,1.0,0.6069,0.0,0.0,0.0,0.0,0.0,1.0,1.0,1.0,15.440775672922923,SH000300
2019-10-09,3822.606,3845.34,3805.067,3843.239,3837.679,7585451264.0,112406208512.0,0.276981,1.0,0.1449,0.0,0.0,0.0,0.0,0.0,1.0,1.0,1.0,14.818658059998578,SH000300
2019-10-10,3838.486,3877.142,3829.432,3874.639,3843.239,7922269440.0,127474044928.0,0.289276,1.0,0.817,0.0,0.0,0.0,0.0,0.0,1.0,1.0,1.0,16.090597005496445,SH000300
2019-10-11,3885.519,3922.369,3868.841,3911.725,3874.639,9341257728.0,139817299968.0,0.34109,1.0,0.9572,0.0,0.0,0.0,0.0,0.0,1.0,1.0,1.0,14.967716772111311,SH000300
2019-10-14,3944.859,3983.811,3934.732,3953.241,3911.725,12239361024.0,167857131520.0,0.446904,1.0,1.0613,0.0,0.0,0.0,0.0,0.0,1.0,1.0,1.0,13.714533887091916,SH000300
2019-10-15,3953.164,3953.164,3928.151,3936.249,3953.241,8527394816.0,125117108224.0,0.311359,1.0,-0.4298,0.0,0.0,0.0,0.0,0.0,1.0,1.0,1.0,14.672371917064524,SH000300
2019-10-16,3939.276,3964.045,3919.016,3922.685,3936.249,8322970624.0,128558534656.0,0.303737,1.0,-0.3446,0.0,0.0,0.0,0.0,0.0,1.0,1.0,1.0,15.446231936141938,SH000300
2019-10-17,3929.386,3935.812,3913.917,3925.221,3922.685,6486374400.0,99991851008.0,0.236701,1.0,0.0646,0.0,0.0,0.0,0.0,0.0,1.0,1.0,1.0,15.415676746627515,SH000300
2019-10-18,3935.419,3940.54,3864.965,3869.377,3925.221,8232113920.0,122186928128.0,0.300383,1.0,-1.4227,0.0,0.0,0.0,0.0,0.0,1.0,1.0,1.0,14.842715894777122,SH000300
2019-10-21,3865.343,3884.744,3856.037,3880.839,3869.377,7418291712.0,110858235904.0,0.27049,1.0,0.2962,0.0,0.0,0.0,0.0,0.0,1.0,1.0,1.0,14.943903557293812,SH000300
2019-10-22,3896.314,3897.435,3870.548,3895.88,3880.839,6891856640.0,102843371520.0,0.251295,1.0,0.3876,0.0,0.0,0.0,0.0,0.0,1.0,1.0,1.0,14.922447881910673,SH000300
2019-10-23,3892.676,3901.424,3862.196,3871.084,3895.88,7019862528.0,99733598208.0,0.255962,1.0,-0.6365,0.0,0.0,0.0,0.0,0.0,1.0,1.0,1.0,14.207343492866759,SH000300
2019-10-24,3877.923,3890.195,3852.582,3870.667,3871.084,7133457408.0,105096949760.0,0.260104,1.0,-0.0108,0.0,0.0,0.0,0.0,0.0,1.0,1.0,1.0,14.732960996183465,SH000300
2019-10-25,3871.768,3899.722,3849.033,3896.792,3870.667,7745361920.0,126677483520.0,0.282415,1.0,0.6749,0.0,0.0,0.0,0.0,0.0,1.0,1.0,1.0,16.35526975090662,SH000300
2019-10-28,3904.982,3927.795,3897.817,3926.585,3896.792,9740602112.0,150762201088.0,0.355167,1.0,0.7646,0.0,0.0,0.0,0.0,0.0,1.0,1.0,1.0,15.47770860101836,SH000300
2019-10-29,3929.707,3932.374,3910.226,3910.226,3926.585,8225707520.0,139611418624.0,0.299548,1.0,-0.4166,0.0,0.0,0.0,0.0,0.0,1.0,1.0,1.0,16.9725726674026,SH000300
2019-10-30,3904.717,3908.099,3883.446,3891.225,3910.226,7787292416.0,122610503680.0,0.283581,1.0,-0.4859,0.0,0.0,0.0,0.0,0.0,1.0,1.0,1.0,15.744946655410146,SH000300
2019-10-31,3906.859,3907.15,3878.875,3886.751,3891.225,8671453952.0,135012425728.0,0.315778,1.0,-0.115,0.0,0.0,0.0,0.0,0.0,1.0,1.0,1.0,15.569756407097161,SH000300
2019-11-01,3883.808,3956.079,3876.416,3952.387,3886.751,10068961280.0,151471063040.0,0.366653,1.0,1.688711,0.0,0.0,0.0,0.0,0.0,1.0,1.0,1.0,15.043365331125795,SH000300
2019-11-04,3964.005,3985.357,3964.005,3978.121,3952.387,10419385600.0,154485362688.0,0.379414,1.0,0.6511,0.0,0.0,0.0,0.0,0.0,1.0,1.0,1.0,14.82672478192956,SH000300
2019-11-05,3982.115,4030.638,3970.866,4002.812,3978.121,11291187968.0,163317854208.0,0.41116,1.0,0.62067,0.0,0.0,0.0,0.0,0.0,1.0,1.0,1.0,14.464186998821912,SH000300
2019-11-06,4006.327,4007.501,3973.776,3984.881,4002.812,9731295232.0,139859763200.0,0.354357,1.0,-0.44796,0.0,0.0,0.0,0.0,0.0,1.0,1.0,1.0,14.372163197771533,SH000300
2019-11-07,3984.552,4005.382,3975.547,3991.874,3984.881,8725489920.0,117751554048.0,0.317729,1.0,0.175488,0.0,0.0,0.0,0.0,0.0,1.0,1.0,1.0,13.495122351593984,SH000300
2019-11-08,4017.674,4022.036,3971.572,3973.01,3991.874,9710694912.0,139026673664.0,0.353619,1.0,-0.47256,0.0,0.0,0.0,0.0,0.0,1.0,1.0,1.0,14.316861452644101,SH000300
2019-11-11,3948.618,3948.618,3897.55,3902.978,3973.01,9415561984.0,130330083328.0,0.342824,1.0,-1.762694,0.0,0.0,0.0,0.0,0.0,1.0,1.0,1.0,13.84198665459075,SH000300
2019-11-12,3905.958,3914.882,3877.739,3903.688,3902.978,7654306816.0,108828237824.0,0.278696,1.0,0.018191,0.0,0.0,0.0,0.0,0.0,1.0,1.0,1.0,14.217909007320356,SH000300
2019-11-13,3905.283,3908.419,3882.431,3899.981,3903.688,7674907904.0,112057147392.0,0.279446,1.0,-0.094961,0.0,0.0,0.0,0.0,0.0,1.0,1.0,1.0,14.600454988339102,SH000300
2019-11-14,3905.928,3916.945,3895.141,3905.857,3899.981,8700844544.0,119791566848.0,0.3168,1.0,0.150667,0.0,0.0,0.0,0.0,0.0,1.0,1.0,1.0,13.767809118093812,SH000300
2019-11-15,3908.489,3915.104,3877.089,3877.089,3905.857,8373091584.0,115423019008.0,0.304866,1.0,-0.736535,0.0,0.0,0.0,0.0,0.0,1.0,1.0,1.0,13.78499421032966,SH000300
2019-11-18,3874.44,3913.102,3868.316,3907.929,3877.089,7664599296.0,107085819904.0,0.279042,1.0,0.795442,0.0,0.0,0.0,0.0,0.0,1.0,1.0,1.0,13.971483148491002,SH000300
2019-11-19,3904.099,3947.039,3902.377,3947.039,3907.929,8216102400.0,123227172864.0,0.297916,1.0,1.000786,0.0,0.0,0.0,0.0,0.0,1.0,1.0,1.0,14.998251830941152,SH000300
2019-11-20,3940.134,3943.227,3901.986,3907.864,3947.039,7681533184.0,118003064832.0,0.278532,1.0,-0.992516,0.0,0.0,0.0,0.0,0.0,1.0,1.0,1.0,15.36191564957249,SH000300
2019-11-21,3894.539,3901.826,3875.968,3889.598,3907.864,6913053696.0,104147771392.0,0.250613,1.0,-0.467416,0.0,0.0,0.0,0.0,0.0,1.0,1.0,1.0,15.065378625984275,SH000300
2019-11-22,3894.174,3918.838,3833.503,3849.994,3889.598,9104263936.0,146981163008.0,0.33005,1.0,-1.018203,0.0,0.0,0.0,0.0,0.0,1.0,1.0,1.0,16.144211551996904,SH000300
2019-11-25,3850.966,3878.25,3839.42,3878.206,3849.994,10606628864.0,140851077120.0,0.384514,1.0,0.73278,0.0,0.0,0.0,0.0,0.0,1.0,1.0,1.0,13.27953291531329,SH000300
2019-11-26,3893.434,3899.109,3869.594,3891.653,3878.206,11151353600.0,140213633024.0,0.404284,1.0,0.346732,0.0,0.0,0.0,0.0,0.0,1.0,1.0,1.0,12.573687289765433,SH000300
2019-11-27,3883.429,3889.978,3862.701,3875.618,3891.653,7643730432.0,107238821888.0,0.276881,1.0,-0.412036,0.0,0.0,0.0,0.0,0.0,1.0,1.0,1.0,14.029644666569006,SH000300
2019-11-28,3877.901,3887.69,3852.01,3862.302,3875.618,6523011840.0,87081787392.0,0.236271,1.0,-0.343584,0.0,0.0,0.0,0.0,0.0,1.0,1.0,1.0,13.349935509545235,SH000300
2019-11-29,3857.188,3861.658,3804.829,3828.67,3862.302,7414433024.0,116200558592.0,0.268556,1.0,-0.870776,0.0,0.0,0.0,0.0,0.0,1.0,1.0,1.0,15.672210972284319,SH000300
2019-12-02,3835.512,3854.75,3829.312,3836.058,3828.67,7741217280.0,109992591360.0,0.280393,1.0,0.192965,0.0,0.0,0.0,0.0,0.0,1.0,1.0,1.0,14.20869449617102,SH000300
2019-12-03,3829.212,3851.12,3811.628,3851.087,3836.058,7361124096.0,108703715328.0,0.266621,1.0,0.391782,0.0,0.0,0.0,0.0,0.0,1.0,1.0,1.0,14.767271127390595,SH000300
2019-12-04,3841.662,3852.992,3831.074,3849.819,3851.087,7968338432.0,109646344192.0,0.288614,1.0,-0.032926,0.0,0.0,0.0,0.0,0.0,1.0,1.0,1.0,13.760251917974761,SH000300
2019-12-05,3863.608,3883.403,3859.822,3879.363,3849.819,8905119232.0,129357594624.0,0.322544,1.0,0.767413,0.0,0.0,0.0,0.0,0.0,1.0,1.0,1.0,14.526205798476164,SH000300
2019-12-06,3885.058,3902.385,3878.7,3902.385,3879.363,7864888832.0,116424777728.0,0.284864,1.0,0.593448,0.0,0.0,0.0,0.0,0.0,1.0,1.0,1.0,14.803105322264777,SH000300
2019-12-09,3909.529,3911.968,3885.25,3895.446,3902.385,9535380736.0,130873098240.0,0.345369,1.0,-0.177814,0.0,0.0,0.0,0.0,0.0,1.0,1.0,1.0,13.72499975233291,SH000300
2019-12-10,3886.444,3900.959,3882.087,3900.384,3895.446,8626292736.0,121118412800.0,0.312415,1.0,0.126763,0.0,0.0,0.0,0.0,0.0,1.0,1.0,1.0,14.040610086710602,SH000300
2019-12-11,3907.159,3909.385,3890.341,3902.749,3900.384,9976548096.0,127690403840.0,0.361317,1.0,0.060635,0.0,0.0,0.0,0.0,0.0,1.0,1.0,1.0,12.799056608687751,SH000300
2019-12-12,3908.453,3908.453,3886.118,3891.024,3902.749,8470832896.0,117874315264.0,0.306785,1.0,-0.300429,0.0,0.0,0.0,0.0,0.0,1.0,1.0,1.0,13.915315850423783,SH000300
2019-12-13,3928.004,3969.456,3925.275,3968.221,3891.024,14857134848.0,201018884096.0,0.538079,1.0,1.983976,0.0,0.0,0.0,0.0,0.0,1.0,1.0,1.0,13.530124492547111,SH000300
2019-12-16,3970.709,3987.586,3953.512,3987.546,3968.221,14848667136.0,202154897408.0,0.537773,1.0,0.486994,0.0,0.0,0.0,0.0,0.0,1.0,1.0,1.0,13.614346362299653,SH000300
2019-12-17,3987.742,4067.135,3984.519,4041.799,3987.546,20116293632.0,251637866496.0,0.734353,1.0,1.360561,0.0,0.0,0.0,0.0,0.0,1.0,1.0,1.0,12.509156562305643,SH000300
2019-12-18,4039.724,4057.64,4025.343,4032.782,4041.799,15135176448.0,197620207616.0,0.552515,1.0,-0.223094,0.0,0.0,0.0,0.0,0.0,1.0,1.0,1.0,13.057013791346584,SH000300
2019-12-19,4034.615,4038.543,4014.895,4027.149,4032.782,11790055936.0,152553807872.0,0.430374,1.0,-0.13968,0.0,0.0,0.0,0.0,0.0,1.0,1.0,1.0,12.939192884249943,SH000300
2019-12-20,4032.151,4046.726,4014.929,4017.252,4027.149,12126766336.0,158460231680.0,0.442665,1.0,-0.245757,0.0,0.0,0.0,0.0,0.0,1.0,1.0,1.0,13.066981525783065,SH000300
2019-12-23,4014.692,4032.172,3964.379,3967.096,4017.252,12281624576.0,162048262144.0,0.448318,1.0,-1.248515,0.0,0.0,0.0,0.0,0.0,1.0,1.0,1.0,13.194367010750744,SH000300
2019-12-24,3971.56,3994.509,3963.665,3992.958,3967.096,9598904576.0,122499162112.0,0.350389,1.0,0.651913,0.0,0.0,0.0,0.0,0.0,1.0,1.0,1.0,12.761785591481225,SH000300
2019-12-25,3988.657,4000.555,3976.355,3990.867,3992.958,9493889024.0,131896467456.0,0.346356,1.0,-0.052367,0.0,0.0,0.0,0.0,0.0,1.0,1.0,1.0,13.892775355028208,SH000300
2019-12-26,3993.668,4025.987,3993.541,4025.987,3990.867,10886064128.0,140814966784.0,0.397146,1.0,0.880009,0.0,0.0,0.0,0.0,0.0,1.0,1.0,1.0,12.935342390810506,SH000300
2019-12-27,4029.245,4066.796,4019.722,4022.027,4025.987,15092641024.0,195090415616.0,0.550543,1.0,-0.098361,0.0,0.0,0.0,0.0,0.0,1.0,1.0,1.0,12.926194647164225,SH000300
2019-12-30,4015.519,4083.69,4001.495,4081.633,4022.027,15597148928.0,216814661632.0,0.564102,1.0,1.481989,0.0,0.0,0.0,0.0,0.0,1.0,1.0,1.0,13.900916291359785,SH000300
2019-12-31,4077.751,4098.144,4069.008,4096.582,4081.633,12326425856.0,173119348736.0,0.449242,1.0,0.36625,0.0,0.0,0.0,0.0,0.0,1.0,1.0,1.0,14.044569833820287,SH000300
2020-01-02,4121.348,4172.655,4121.348,4152.24,4096.582,18211677184.0,270105530368.0,0.663713,1.0,1.358645,0.0,0.0,0.0,0.0,0.0,1.0,1.0,1.0,14.831447298291843,SH000300
2020-01-03,4161.218,4164.298,4131.864,4144.964,4152.24,14282624512.0,215216287744.0,0.520521,1.0,-0.175231,0.0,0.0,0.0,0.0,0.0,1.0,1.0,1.0,15.068399198143116,SH000300
2020-01-06,4120.521,4170.638,4102.379,4129.295,4144.964,17530995200.0,250182070272.0,0.638914,1.0,-0.378025,0.0,0.0,0.0,0.0,0.0,1.0,1.0,1.0,14.270842437513188,SH000300
2020-01-07,4137.401,4161.25,4135.097,4160.227,4129.295,13948903168.0,196389060608.0,0.0,1.0,0.749087,0.0,0.0,0.0,0.0,0.0,1.0,1.0,1.0,14.07917584936238,SH000300
2020-01-08,4139.631,4149.813,4101.98,4112.317,4160.227,16758585088.0,212406263808.0,0.610714,1.0,-1.15162,0.0,0.0,0.0,0.0,0.0,1.0,1.0,1.0,12.674474765778031,SH000300
2020-01-09,4145.534,4165.657,4143.592,4164.369,4112.317,13688632320.0,200150351872.0,0.498836,1.0,1.265758,0.0,0.0,0.0,0.0,0.0,1.0,1.0,1.0,14.621647158976362,SH000300
2020-01-10,4177.577,4180.977,4148.481,4163.184,4164.369,11303171840.0,177827414016.0,0.411901,1.0,-0.028456,0.0,0.0,0.0,0.0,0.0,1.0,1.0,1.0,15.732523271627091,SH000300
2020-01-13,4166.925,4203.988,4148.6,4203.988,4163.184,11969198336.0,199795490816.0,0.432111,1.0,0.980115,0.0,0.0,0.0,0.0,0.0,1.0,1.0,1.0,16.69247055711919,SH000300
2020-01-14,4215.157,4223.507,4188.08,4189.886,4203.988,12932078336.0,196221263872.0,0.471268,1.0,-0.335443,0.0,0.0,0.0,0.0,0.0,1.0,1.0,1.0,15.173219553253409,SH000300
2020-01-15,4186.881,4193.868,4150.879,4166.734,4189.886,10463313664.0,163081932800.0,0.381301,1.0,-0.552569,0.0,0.0,0.0,0.0,0.0,1.0,1.0,1.0,15.586069388428879,SH000300
2020-01-16,4174.817,4175.293,4142.179,4149.043,4166.734,10026764288.0,156242505728.0,0.36539,1.0,-0.424577,0.0,0.0,0.0,0.0,0.0,1.0,1.0,1.0,15.582545000583144,SH000300
2020-01-17,4162.193,4177.028,4141.644,4154.853,4149.043,9872568320.0,166591590400.0,0.359758,1.0,0.140032,0.0,0.0,0.0,0.0,0.0,1.0,1.0,1.0,16.874189673878092,SH000300
2020-01-20,4170.736,4185.962,4149.487,4185.83,4154.853,12240914688.0,202692288512.0,0.441691,1.0,0.745562,0.0,0.0,0.0,0.0,0.0,1.0,1.0,1.0,16.558590079114193,SH000300
2020-01-21,4165.02,4165.02,4113.325,4114.308,4185.83,13052750592.0,204586881024.0,0.474473,1.0,-1.708669,0.0,0.0,0.0,0.0,0.0,1.0,1.0,1.0,15.673852003989934,SH000300
2020-01-22,4093.8,4141.177,4046.486,4131.931,4114.308,12675876352.0,208136151040.0,0.460456,1.0,0.428334,0.0,0.0,0.0,0.0,0.0,1.0,1.0,1.0,16.419862837109505,SH000300
2020-01-23,4093.322,4103.524,3972.393,4003.901,4131.931,16035760384.0,250409357312.0,0.582502,1.0,-3.098551,0.0,0.0,0.0,0.0,0.0,1.0,1.0,1.0,15.61568340481384,SH000300
2020-02-03,3639.908,3732.157,3639.908,3688.357,4003.901,15755964672.0,243303104512.0,0.565242,1.0,-7.880914,0.0,0.0,0.0,0.0,0.0,1.0,1.0,1.0,15.44196814203164,SH000300
2020-02-04,3652.003,3786.862,3652.003,3785.637,3688.357,21393332736.0,298165768192.0,0.767481,1.0,2.637489,0.0,0.0,0.0,0.0,0.0,1.0,1.0,1.0,13.937322055962623,SH000300
2020-02-05,3801.099,3866.01,3781.613,3828.527,3785.637,17492552448.0,264042921984.0,0.633324,1.0,1.132967,0.0,0.0,0.0,0.0,0.0,1.0,1.0,1.0,15.094590841955096,SH000300
2020-02-06,3841.753,3914.915,3806.96,3899.775,3828.527,17646223616.0,262820089856.0,0.638887,1.0,1.860977,0.0,0.0,0.0,0.0,0.0,1.0,1.0,1.0,14.893843327345037,SH000300
2020-02-07,3879.553,3899.883,3849.712,3899.869,3899.775,15173175808.0,237508816896.0,0.54935,1.0,0.00241,0.0,0.0,0.0,0.0,0.0,1.0,1.0,1.0,15.653204042542917,SH000300
2020-02-10,3872.373,3920.166,3861.006,3916.005,3899.869,14840696832.0,229625442304.0,0.532407,1.0,0.413757,0.0,0.0,0.0,0.0,0.0,1.0,1.0,1.0,15.472686013561981,SH000300
2020-02-11,3926.42,3970.522,3915.707,3952.464,3916.005,14344167424.0,219307118592.0,0.519315,1.0,0.931025,0.0,0.0,0.0,0.0,0.0,1.0,1.0,1.0,15.28894024375827,SH000300
2020-02-12,3945.666,3984.432,3940.666,3984.432,3952.464,12671032064.0,200776708096.0,0.458741,1.0,0.808812,0.0,0.0,0.0,0.0,0.0,1.0,1.0,1.0,15.845331862621668,SH000300
2020-02-13,3985.875,3999.549,3950.142,3959.918,3984.432,14500184320.0,228605964288.0,0.524962,1.0,-0.615245,0.0,0.0,0.0,0.0,0.0,1.0,1.0,1.0,15.765728161998977,SH000300
2020-02-14,3954.234,4001.562,3954.023,3987.734,3959.918,14323980288.0,222895075328.0,0.518582,1.0,0.702439,0.0,0.0,0.0,0.0,0.0,1.0,1.0,1.0,15.560973336072774,SH000300
2020-02-17,3999.651,4077.446,3999.651,4077.424,3987.734,18277896960.0,273067819008.0,0.661702,1.0,2.249147,0.0,0.0,0.0,0.0,0.0,1.0,1.0,1.0,14.939783258740944,SH000300
2020-02-18,4069.831,4076.388,4027.785,4057.51,4077.424,16323621888.0,242552516608.0,0.589881,1.0,-0.488397,0.0,0.0,0.0,0.0,0.0,1.0,1.0,1.0,14.858988910194487,SH000300
2020-02-19,4049.586,4085.17,4042.845,4051.31,4057.51,16904644096.0,257554534400.0,0.610874,1.0,-0.152803,0.0,0.0,0.0,0.0,0.0,1.0,1.0,1.0,15.235726522094772,SH000300
2020-02-20,4062.896,4148.528,4055.81,4144.656,4051.31,21223262464.0,310835589120.0,0.766793,1.0,2.304094,0.0,0.0,0.0,0.0,0.0,1.0,1.0,1.0,14.645985255436361,SH000300
2020-02-21,4134.874,4184.437,4130.167,4149.49,4144.656,21721360384.0,326564003840.0,0.784789,1.0,0.116632,0.0,0.0,0.0,0.0,0.0,1.0,1.0,1.0,15.034233494903374,SH000300
2020-02-24,4131.836,4149.01,4097.175,4132.838,4149.49,21286930432.0,326387802112.0,0.769093,1.0,-0.401302,0.0,0.0,0.0,0.0,0.0,1.0,1.0,1.0,15.332779103808742,SH000300
2020-02-25,4066.302,4126.707,4020.907,4123.854,4132.838,24416783104.0,372213719040.0,0.882174,1.0,-0.217381,0.0,0.0,0.0,0.0,0.0,1.0,1.0,1.0,15.244175182889808,SH000300
2020-02-26,4070.099,4132.781,4061.125,4073.015,4123.854,26109406208.0,366022418432.0,0.943324,1.0,-1.232803,0.0,0.0,0.0,0.0,0.0,1.0,1.0,1.0,14.018795200323233,SH000300
2020-02-27,4084.078,4110.527,4067.44,4084.875,4073.015,18129097984.0,282050207744.0,0.654497,1.0,0.291185,0.0,0.0,0.0,0.0,0.0,1.0,1.0,1.0,15.557873204332944,SH000300
2020-02-28,3988.727,4031.145,3928.066,3940.048,4084.875,23027509248.0,330358906880.0,0.831123,1.0,-3.545445,0.0,0.0,0.0,0.0,0.0,1.0,1.0,1.0,14.34627181438186,SH000300
2020-03-02,3968.843,4092.539,3968.843,4069.666,3940.048,21931355904.0,317426204672.0,0.791499,1.0,3.289757,0.0,0.0,0.0,0.0,0.0,1.0,1.0,1.0,14.473624251116435,SH000300
2020-03-03,4125.135,4147.652,4067.909,4091.361,4069.666,21936977664.0,330802585600.0,0.791196,1.0,0.53309,0.0,0.0,0.0,0.0,0.0,1.0,1.0,1.0,15.079679191307582,SH000300
2020-03-04,4078.499,4115.261,4060.729,4115.052,4091.361,18242472960.0,281784864768.0,0.657947,1.0,0.579049,0.0,0.0,0.0,0.0,0.0,1.0,1.0,1.0,15.446637382215968,SH000300
2020-03-05,4150.21,4215.851,4127.038,4206.725,4115.052,23182311424.0,362838831104.0,0.83611,1.0,2.227748,0.0,0.0,0.0,0.0,0.0,1.0,1.0,1.0,15.651538126106058,SH000300
2020-03-06,4158.202,4181.31,4135.39,4138.507,4206.725,17247571712.0,253168631808.0,0.622063,1.0,-1.621642,0.0,0.0,0.0,0.0,0.0,1.0,1.0,1.0,14.678508722005075,SH000300
2020-03-09,4063.076,4063.076,3995.1313,3997.1325,4138.5072,20810203500.0,305428730303.8,0.750549,1.0,-3.41608,0.0,0.0,0.0,0.0,0.0,1.0,1.0,1.0,14.676873789523489,SH000300
2020-03-10,3975.2288,4093.0024,3954.7506,4082.7315,3997.1325,19741640200.0,296184435851.3,0.711986,1.0,2.14151,0.0,0.0,0.0,0.0,0.0,1.0,1.0,1.0,15.003030794335922,SH000300
2020-03-11,4090.9348,4091.2704,4028.3964,4028.4289,4082.7315,16165611100.0,244990872685.9,0.582876,1.0,-1.330056,0.0,0.0,0.0,0.0,0.0,1.0,1.0,1.0,15.15506411544813,SH000300
2020-03-12,3976.1139,3987.4336,3926.2704,3950.9111,4028.4289,15706045800.0,233152848759.1,0.566306,1.0,-1.924269,0.0,0.0,0.0,0.0,0.0,1.0,1.0,1.0,14.844783450147586,SH000300
2020-03-13,3771.0139,3937.1806,3765.1479,3895.3128,3950.9111,18829672200.0,280213453213.7,0.678933,1.0,-1.407227,0.0,0.0,0.0,0.0,0.0,1.0,1.0,1.0,14.881483343809883,SH000300
2020-03-16,3899.8598,3899.8598,3720.5127,3727.8398,3895.3128,18596826000.0,282836238271.2,0.670537,1.0,-4.299347,0.0,0.0,0.0,0.0,0.0,1.0,1.0,1.0,15.208844685173696,SH000300
2020-03-17,3739.7833,3786.8908,3618.307,3709.6822,3727.8398,16624612900.0,250824025696.9,0.599426,1.0,-0.487081,0.0,0.0,0.0,0.0,0.0,1.0,1.0,1.0,15.087510741191453,SH000300
2020-03-18,3729.6853,3775.8506,3636.2565,3636.2565,3709.6822,15503754700.0,244127161535.3,0.559052,1.0,-1.979299,0.0,0.0,0.0,0.0,0.0,1.0,1.0,1.0,15.746325084419711,SH000300
2020-03-19,3623.789,3647.9874,3503.1866,3589.0926,3636.2565,18080740700.0,271827467961.6,0.65183,1.0,-1.297045,0.0,0.0,0.0,0.0,0.0,1.0,1.0,1.0,15.034089171003929,SH000300
2020-03-20,3629.5126,3663.9517,3588.7766,3653.2239,3589.0926,13960300000.0,211223073323.1,0.503158,1.0,1.786839,0.0,0.0,0.0,0.0,0.0,1.0,1.0,1.0,15.13026749590625,SH000300
2020-03-23,3542.6837,3585.8014,3523.7877,3530.3058,3653.2239,13710879000.0,197669624970.1,0.494019,1.0,-3.364647,0.0,0.0,0.0,0.0,0.0,1.0,1.0,1.0,14.41699142484592,SH000300
2020-03-24,3598.6548,3627.7592,3545.4524,3625.1146,3530.3058,14310302100.0,208553840688.5,0.515557,1.0,2.685569,0.0,0.0,0.0,0.0,0.0,1.0,1.0,1.0,14.573685393301375,SH000300
2020-03-25,3711.4753,3732.6536,3685.9942,3722.5181,3625.1146,15349595800.0,231561518761.2,0.552999,1.0,2.686908,0.0,0.0,0.0,0.0,0.0,1.0,1.0,1.0,15.085838205667931,SH000300
2020-03-26,3692.6083,3736.2536,3681.2668,3698.0472,3722.5181,11231066500.0,169336311861.4,0.404592,1.0,-0.657375,0.0,0.0,0.0,0.0,0.0,1.0,1.0,1.0,15.077491693366786,SH000300
2020-03-27,3746.3914,3758.7827,3709.9213,3710.0605,3698.0472,12406099500.0,186103426334.7,0.446574,1.0,0.324855,0.0,0.0,0.0,0.0,0.0,1.0,1.0,1.0,15.000961932854079,SH000300
2020-03-30,3657.4624,3690.6388,3637.5853,3674.1108,3710.0605,12687667300.0,180640799409.3,0.456709,1.0,-0.968979,0.0,0.0,0.0,0.0,0.0,1.0,1.0,1.0,14.237510736847584,SH000300
2020-03-31,3708.1404,3716.0707,3676.2024,3686.1551,3674.1108,11145302500.0,161595510008.2,0.401143,1.0,0.327815,0.0,0.0,0.0,0.0,0.0,1.0,1.0,1.0,14.498979279225486,SH000300
2020-04-01,3682.2966,3731.7799,3670.9653,3675.0758,3686.1551,11935262000.0,170422568804.4,0.42958,1.0,-0.300565,0.0,0.0,0.0,0.0,0.0,1.0,1.0,1.0,14.27891309000171,SH000300
2020-04-02,3656.3225,3734.5306,3652.3167,3734.5306,3675.0758,11516820900.0,168893255656.6,0.414496,1.0,1.617784,0.0,0.0,0.0,0.0,0.0,1.0,1.0,1.0,14.664919870083246,SH000300
2020-04-03,3721.4815,3738.8323,3698.9822,3713.2183,3734.5306,9982508300.0,150132815028.5,0.359275,1.0,-0.570682,0.0,0.0,0.0,0.0,0.0,1.0,1.0,1.0,15.039588299515865,SH000300
2020-04-07,3779.9076,3803.6286,3772.2054,3798.0214,3713.2183,14277803000.0,207642820316.9,0.51386,1.0,2.283817,0.0,0.0,0.0,0.0,0.0,1.0,1.0,1.0,14.543051218517302,SH000300
2020-04-08,3776.4171,3793.0023,3767.2924,3780.3445,3798.0214,11138951300.0,161576772320.2,0.400811,1.0,-0.465424,0.0,0.0,0.0,0.0,0.0,1.0,1.0,1.0,14.505564120762429,SH000300
2020-04-09,3798.4879,3801.7245,3785.3116,3792.8105,3780.3445,10048503200.0,154595318812.8,0.361574,1.0,0.329758,0.0,0.0,0.0,0.0,0.0,1.0,1.0,1.0,15.384910143910785,SH000300
2020-04-10,3794.8429,3824.7441,3758.9599,3769.1782,3792.8105,10244495600.0,162251233800.7,0.368586,1.0,-0.623081,0.0,0.0,0.0,0.0,0.0,1.0,1.0,1.0,15.837893844251347,SH000300
2020-04-13,3751.7093,3769.8764,3740.1936,3753.2566,3769.1782,7905334300.0,119874303204.6,0.284425,1.0,-0.422416,0.0,0.0,0.0,0.0,0.0,1.0,1.0,1.0,15.163723462599172,SH000300
2020-04-14,3777.8343,3825.7599,3764.9838,3825.6991,3753.2566,11063758500.0,170612579792.4,0.398028,1.0,1.930124,0.0,0.0,0.0,0.0,0.0,1.0,1.0,1.0,15.420851765012767,SH000300
2020-04-15,3820.8506,3829.8009,3793.4402,3797.3623,3825.6991,10846198400.0,169700216633.0,0.390201,1.0,-0.740696,0.0,0.0,0.0,0.0,0.0,1.0,1.0,1.0,15.646054993148567,SH000300
2020-04-16,3777.7986,3807.3569,3774.5585,3802.3806,3797.3623,9594796500.0,147164302056.9,0.345181,1.0,0.132152,0.0,0.0,0.0,0.0,0.0,1.0,1.0,1.0,15.337928434115303,SH000300
2020-04-17,3831.9232,3863.4521,3821.4201,3839.4871,3802.3806,13200430100.0,203595267033.5,0.47489,1.0,0.975875,0.0,0.0,0.0,0.0,0.0,1.0,1.0,1.0,15.423381320999534,SH000300
2020-04-20,3845.4598,3853.7984,3831.553,3853.4551,3839.4871,10001311500.0,151924090117.0,0.359458,1.0,0.363799,0.0,0.0,0.0,0.0,0.0,1.0,1.0,1.0,15.190416788538183,SH000300
2020-04-21,3838.2314,3838.2314,3779.9967,3808.0474,3853.4551,10292188800.0,155077454132.0,0.369912,1.0,-1.178363,0.0,0.0,0.0,0.0,0.0,1.0,1.0,1.0,15.067490224431172,SH000300
2020-04-22,3789.1297,3839.3834,3782.2149,3839.3834,3808.0474,8589946400.0,135547280790.0,0.308729,1.0,0.822889,0.0,0.0,0.0,0.0,0.0,1.0,1.0,1.0,15.779758624570697,SH000300
2020-04-23,3851.9132,3857.4709,3826.5565,3829.7525,3839.3834,9550845000.0,142122548831.8,0.34326,1.0,-0.250845,0.0,0.0,0.0,0.0,0.0,1.0,1.0,1.0,14.880625623366308,SH000300
2020-04-24,3826.3116,3827.212,3787.0714,3796.9721,3829.7525,9484413500.0,138961200282.7,0.340868,1.0,-0.85594,0.0,0.0,0.0,0.0,0.0,1.0,1.0,1.0,14.651533305955082,SH000300
2020-04-27,3808.0171,3842.8706,3793.7655,3822.769,3796.9721,9546273500.0,145301151875.0,0.343064,1.0,0.679407,0.0,0.0,0.0,0.0,0.0,1.0,1.0,1.0,15.220719569264384,SH000300
2020-04-28,3835.348,3859.6754,3768.2,3849.1465,3822.769,12209347600.0,184179759240.3,0.438709,1.0,0.69001,0.0,0.0,0.0,0.0,0.0,1.0,1.0,1.0,15.085143389668092,SH000300
2020-04-29,3837.5135,3880.7444,3833.7164,3867.032,3849.1465,9585459000.0,151282103744.2,0.344422,1.0,0.464661,0.0,0.0,0.0,0.0,0.0,1.0,1.0,1.0,15.782457965153261,SH000300
2020-04-30,3880.4094,3921.7004,3880.4094,3912.5772,3867.032,13291712500.0,202268288802.3,0.477593,1.0,1.177782,0.0,0.0,0.0,0.0,0.0,1.0,1.0,1.0,15.217624425919533,SH000300
2020-05-06,3867.2587,3937.6909,3865.9875,3936.2539,3912.5772,13985567500.0,214935962364.4,0.50253,1.0,0.605143,0.0,0.0,0.0,0.0,0.0,1.0,1.0,1.0,15.368411926394835,SH000300
2020-05-07,3937.5918,3941.4833,3915.9048,3924.8946,3936.2539,10551464600.0,167207801840.2,0.379135,1.0,-0.288581,0.0,0.0,0.0,0.0,0.0,1.0,1.0,1.0,15.846880805551868,SH000300
2020-05-08,3942.9972,3979.6627,3935.9805,3963.6217,3924.8946,11694334100.0,190299584716.9,0.420102,1.0,0.986704,0.0,0.0,0.0,0.0,0.0,1.0,1.0,1.0,16.272802118497708,SH000300
2020-05-11,3974.7605,3998.0972,3944.5037,3960.1803,3963.6217,12267380300.0,193758093899.8,0.440627,1.0,-0.086825,0.0,0.0,0.0,0.0,0.0,1.0,1.0,1.0,15.794577909987838,SH000300
2020-05-12,3961.3427,3970.1115,3930.2108,3960.2378,3960.1803,9825055400.0,157465780059.9,0.352827,1.0,0.001452,0.0,0.0,0.0,0.0,0.0,1.0,1.0,1.0,16.026961034733706,SH000300
2020-05-13,3946.6428,3972.5254,3932.5711,3968.2529,3960.2378,8819066900.0,145563383275.8,0.316698,1.0,0.202389,0.0,0.0,0.0,0.0,0.0,1.0,1.0,1.0,16.505531132301535,SH000300
2020-05-14,3952.1986,3952.1986,3924.0452,3925.2177,3968.2529,8853000400.0,143499177719.8,0.318111,1.0,-1.084487,0.0,0.0,0.0,0.0,0.0,1.0,1.0,1.0,16.20910100939338,SH000300
2020-05-15,3941.125,3945.1956,3907.4021,3912.8159,3925.2177,9261838200.0,153301505149.4,0.332802,1.0,-0.315952,0.0,0.0,0.0,0.0,0.0,1.0,1.0,1.0,16.551952413658015,SH000300
2020-05-18,3914.6602,3946.4312,3898.4041,3922.9117,3912.8159,11280176200.0,188528121367.6,0.405302,1.0,0.258019,0.0,0.0,0.0,0.0,0.0,1.0,1.0,1.0,16.713224866788874,SH000300
2020-05-19,3963.7754,3966.8518,3944.0715,3956.2495,3922.9117,9401529100.0,159886222402.2,0.337796,1.0,0.849823,0.0,0.0,0.0,0.0,0.0,1.0,1.0,1.0,17.00640616027025,SH000300
2020-05-20,3955.7145,3955.7145,3923.9213,3935.222,3956.2495,10079115000.0,157102533276.1,0.362045,1.0,-0.531501,0.0,0.0,0.0,0.0,0.0,1.0,1.0,1.0,15.58693727337172,SH000300
2020-05-21,3950.5981,3951.743,3907.5788,3913.7949,3935.222,9486103300.0,149154142257.8,0.340741,1.0,-0.544495,0.0,0.0,0.0,0.0,0.0,1.0,1.0,1.0,15.723436435464496,SH000300
2020-05-22,3907.5761,3907.5761,3818.1488,3824.064,3913.7949,10337836000.0,157286504986.3,0.37117,1.0,-2.292683,0.0,0.0,0.0,0.0,0.0,1.0,1.0,1.0,15.214645017226042,SH000300
2020-05-25,3828.3206,3835.6333,3800.1796,3829.3245,3824.064,7903332600.0,127011917716.3,0.28378,1.0,0.137563,0.0,0.0,0.0,0.0,0.0,1.0,1.0,1.0,16.07067855353829,SH000300
2020-05-26,3850.0009,3874.7484,3844.4776,3872.7701,3829.3245,7744807600.0,125445619316.8,0.278,1.0,1.13455,0.0,0.0,0.0,0.0,0.0,1.0,1.0,1.0,16.197383562736924,SH000300
2020-05-27,3873.6984,3873.6984,3838.4247,3845.6135,3872.7701,8371183100.0,123737501165.0,0.300462,1.0,-0.701219,0.0,0.0,0.0,0.0,0.0,1.0,1.0,1.0,14.781363600206046,SH000300
2020-05-28,3848.4892,3885.4211,3818.4318,3856.6324,3845.6135,9306405400.0,139108407792.0,0.333846,1.0,0.286532,0.0,0.0,0.0,0.0,0.0,1.0,1.0,1.0,14.947598112585982,SH000300
2020-05-29,3838.3769,3872.3031,3830.4185,3867.0232,3856.6324,9381383200.0,135658136028.2,0.336535,1.0,0.269427,0.0,0.0,0.0,0.0,0.0,1.0,1.0,1.0,14.4603554866195,SH000300
2020-06-01,3901.7263,3976.3151,3901.7263,3971.3402,3867.0232,13645665200.0,208436512945.1,0.489334,1.0,2.697605,0.0,0.0,0.0,0.0,0.0,1.0,1.0,1.0,15.27492503224394,SH000300
2020-06-02,3969.9521,3991.7761,3958.9774,3983.5677,3971.3402,14430306000.0,195563304256.3,0.517472,1.0,0.307894,0.0,0.0,0.0,0.0,0.0,1.0,1.0,1.0,13.552263150642819,SH000300
2020-06-03,4001.1708,4018.6759,3982.9299,3983.6477,3983.5677,13659748300.0,200882767676.9,0.489835,1.0,0.002008,0.0,0.0,0.0,0.0,0.0,1.0,1.0,1.0,14.706183691312965,SH000300
2020-06-04,3998.1636,3999.8051,3968.5723,3982.1851,3983.6477,10427773700.0,149057855837.5,0.373841,1.0,-0.036715,0.0,0.0,0.0,0.0,0.0,1.0,1.0,1.0,14.294312489491405,SH000300
2020-06-05,3988.2239,4001.2509,3967.926,4001.2509,3982.1851,10244394200.0,154311342981.8,0.366945,1.0,0.478777,0.0,0.0,0.0,0.0,0.0,1.0,1.0,1.0,15.063003235642766,SH000300
2020-06-08,4023.606,4050.2213,4016.1015,4021.9549,4001.2509,13792581300.0,193047518687.6,0.493991,1.0,0.517438,0.0,0.0,0.0,0.0,0.0,1.0,1.0,1.0,13.996474951907661,SH000300
2020-06-09,4027.5613,4052.1557,4016.3387,4047.0293,4021.9549,11530447900.0,166533966010.0,0.412563,1.0,0.623438,0.0,0.0,0.0,0.0,0.0,1.0,1.0,1.0,14.4429745881771,SH000300
2020-06-10,4046.2317,4046.2317,4024.4185,4039.7051,4047.0293,11226572800.0,166778642366.2,0.401691,1.0,-0.180977,0.0,0.0,0.0,0.0,0.0,1.0,1.0,1.0,14.855703992424118,SH000300
2020-06-11,4031.7396,4043.0123,3979.7522,3995.8846,4039.7051,12730894100.0,197079441861.1,0.455463,1.0,-1.084745,0.0,0.0,0.0,0.0,0.0,1.0,1.0,1.0,15.48040854892509,SH000300
2020-06-12,3931.6236,4011.0591,3927.2491,4003.0829,3995.8846,13416664900.0,193504046742.3,0.47986,1.0,0.180143,0.0,0.0,0.0,0.0,0.0,1.0,1.0,1.0,14.42266376812467,SH000300
2020-06-15,3982.9672,4007.1396,3954.9883,3954.9883,4003.0829,13129786000.0,211125336143.8,0.469459,1.0,-1.201439,0.0,0.0,0.0,0.0,0.0,1.0,1.0,1.0,16.079876408023708,SH000300
2020-06-16,3995.5786,4014.5702,3987.8637,4014.5702,3954.9883,11105153900.0,185104029158.9,0.403935,1.0,1.5065,0.0,0.0,0.0,0.0,0.0,1.0,1.0,1.0,16.668299316311142,SH000300
2020-06-17,4018.6094,4018.6094,3992.1339,4017.5941,4014.5702,10560579900.0,176977503611.2,0.384127,1.0,0.075323,0.0,0.0,0.0,0.0,0.0,1.0,1.0,1.0,16.7583130175645,SH000300
2020-06-18,4009.7831,4047.5566,4000.9008,4044.3842,4017.5941,13814876100.0,210192918146.2,0.502112,1.0,0.666819,0.0,0.0,0.0,0.0,0.0,1.0,1.0,1.0,15.214969473826843,SH000300
2020-06-19,4047.0483,4109.3602,4043.4925,4098.7095,4044.3842,15294699000.0,255549797299.6,0.555896,1.0,1.343228,0.0,0.0,0.0,0.0,0.0,1.0,1.0,1.0,16.708390096437988,SH000300
2020-06-22,4097.5071,4126.9421,4088.7822,4102.0459,4098.7095,15582946500.0,259200520725.7,0.55675,1.0,0.081401,0.0,0.0,0.0,0.0,0.0,1.0,1.0,1.0,16.633601400460435,SH000300
2020-06-23,4098.0373,4124.725,4080.7533,4121.7944,4102.0459,12922951000.0,234806510834.5,0.469658,1.0,0.48143,0.0,0.0,0.0,0.0,0.0,1.0,1.0,1.0,18.16972848032156,SH000300
2020-06-24,4128.1003,4144.6782,4123.3582,4138.9895,4121.7944,12171246500.0,224551430008.0,0.442326,1.0,0.417175,0.0,0.0,0.0,0.0,0.0,1.0,1.0,1.0,18.44933713305371,SH000300
2020-06-29,4127.9348,4137.3696,4092.5352,4109.7164,4138.9895,13086585400.0,226522059762.9,0.475579,1.0,-0.707252,0.0,0.0,0.0,0.0,0.0,1.0,1.0,1.0,17.309485464627006,SH000300
2020-06-30,4130.0028,4174.4236,4129.7754,4163.9637,4109.7164,12593352100.0,227935704488.9,0.457262,1.0,1.319977,0.0,0.0,0.0,0.0,0.0,1.0,1.0,1.0,18.099684871742767,SH000300
2020-07-01,4172.6425,4247.7835,4163.4954,4247.7835,4163.9637,16999045600.0,305711799762.0,0.617228,1.0,2.012981,0.0,0.0,0.0,0.0,0.0,1.0,1.0,1.0,17.98405669092387,SH000300
2020-07-02,4239.408,4340.1039,4238.1164,4335.8445,4247.7835,25293936800.0,399571526695.3,0.918266,1.0,2.073105,0.0,0.0,0.0,0.0,0.0,1.0,1.0,1.0,15.797126791876067,SH000300
2020-07-03,4353.1937,4419.5955,4348.4535,4419.5955,4335.8445,29048553900.0,442335024266.1,1.054557,1.0,1.931596,0.0,0.0,0.0,0.0,0.0,1.0,1.0,1.0,15.227436993553747,SH000300
2020-07-06,4465.8081,4678.1121,4465.8081,4670.0949,4419.5955,40582102500.0,597438217716.0,1.472725,1.0,5.667926,0.0,0.0,0.0,0.0,0.0,1.0,1.0,1.0,14.721716739934802,SH000300
2020-07-07,4739.6104,4796.3155,4688.0574,4698.1264,4670.0949,40600855300.0,635254742706.0,1.472791,1.0,0.600234,0.0,0.0,0.0,0.0,0.0,1.0,1.0,1.0,15.64633892591913,SH000300
2020-07-08,4692.8621,4803.3643,4670.6501,4774.0042,4698.1264,34807484700.0,532849825964.5,1.26264,1.0,1.615065,0.0,0.0,0.0,0.0,0.0,1.0,1.0,1.0,15.308484096367353,SH000300
2020-07-09,4770.0769,4854.1201,4757.2943,4840.7712,4774.0042,35104689300.0,556718732098.9,1.273421,1.0,1.398553,0.0,0.0,0.0,0.0,0.0,1.0,1.0,1.0,15.858813828011861,SH000300
2020-07-10,4796.0873,4821.3745,4734.4725,4753.1333,4840.7712,31694965100.0,510472055095.9,1.149715,1.0,-1.810412,0.0,0.0,0.0,0.0,0.0,1.0,1.0,1.0,16.10577747870434,SH000300
2020-07-13,4742.3738,4878.0773,4741.8743,4852.9612,4753.1333,32164544600.0,541105098721.0,1.166369,1.0,2.100255,0.0,0.0,0.0,0.0,0.0,1.0,1.0,1.0,16.82302999934282,SH000300
2020-07-14,4836.1655,4860.4404,4729.9258,4806.6902,4852.9612,29724198500.0,511211048184.9,1.07761,1.0,-0.953459,0.0,0.0,0.0,0.0,0.0,1.0,1.0,1.0,17.198480496787827,SH000300
2020-07-15,4821.5155,4837.4757,4723.3608,4744.4687,4806.6902,27238900600.0,486748347680.4,0.987509,1.0,-1.294477,0.0,0.0,0.0,0.0,0.0,1.0,1.0,1.0,17.869603286426326,SH000300
2020-07-16,4741.5295,4772.5638,4513.6537,4516.2532,4744.4687,28465713300.0,511237962884.2,1.031907,1.0,-4.810138,0.0,0.0,0.0,0.0,0.0,1.0,1.0,1.0,17.95978050844066,SH000300
2020-07-17,4524.7717,4601.3733,4485.8214,4544.7007,4516.2532,20737556300.0,372973887046.0,0.751579,1.0,0.629892,0.0,0.0,0.0,0.0,0.0,1.0,1.0,1.0,17.985430956780572,SH000300
2020-07-20,4597.2038,4681.9431,4534.2305,4680.3046,4544.7007,24606891400.0,416714222275.7,0.891812,1.0,2.983781,0.0,0.0,0.0,0.0,0.0,1.0,1.0,1.0,16.93485843058177,SH000300
2020-07-21,4697.5026,4714.2925,4661.444,4691.0425,4680.3046,20041565900.0,356069805762.6,0.725496,1.0,0.229427,0.0,0.0,0.0,0.0,0.0,1.0,1.0,1.0,17.766566122590252,SH000300
2020-07-22,4682.6575,4790.4491,4675.3488,4714.4454,4691.0425,22419921100.0,386470859914.3,0.811343,1.0,0.498885,0.0,0.0,0.0,0.0,0.0,1.0,1.0,1.0,17.237833183734978,SH000300
2020-07-23,4668.7401,4731.4004,4607.6585,4712.4357,4714.4454,23431456900.0,405175268660.9,0.847949,1.0,-0.042629,0.0,0.0,0.0,0.0,0.0,1.0,1.0,1.0,17.291936664036456,SH000300
2020-07-24,4679.0273,4691.698,4479.3928,4505.5906,4712.4357,24390520300.0,437726712279.7,0.882656,1.0,-4.389346,0.0,0.0,0.0,0.0,0.0,1.0,1.0,1.0,17.946591827305134,SH000300
2020-07-27,4535.0053,4558.1189,4482.4408,4528.45,4505.5906,17142055100.0,301893370163.2,0.620343,1.0,0.507356,0.0,0.0,0.0,0.0,0.0,1.0,1.0,1.0,17.611270550822113,SH000300
2020-07-28,4567.6691,4590.2496,4537.6849,4568.2576,4528.45,16276849800.0,292835785345.2,0.589033,1.0,0.879056,0.0,0.0,0.0,0.0,0.0,1.0,1.0,1.0,17.990937370768144,SH000300
2020-07-29,4559.1634,4680.558,4548.8535,4679.008,4568.2576,18669530500.0,350432649160.5,0.675609,1.0,2.424347,0.0,0.0,0.0,0.0,0.0,1.0,1.0,1.0,18.77029790119789,SH000300
2020-07-30,4689.7632,4704.6305,4649.7677,4656.1506,4679.008,16696756600.0,324009242692.4,0.604209,1.0,-0.48851,0.0,0.0,0.0,0.0,0.0,1.0,1.0,1.0,19.405519913514222,SH000300
2020-07-31,4652.1824,4741.8084,4621.9635,4695.0462,4656.1506,18483902600.0,351119312415.0,0.668881,1.0,0.83536,0.0,0.0,0.0,0.0,0.0,1.0,1.0,1.0,18.995951234616438,SH000300
2020-08-03,4735.8985,4771.3694,4720.025,4771.3108,4695.0462,21477623900.0,401914824928.3,0.777215,1.0,1.624363,0.0,0.0,0.0,0.0,0.0,1.0,1.0,1.0,18.71318851655187,SH000300
2020-08-04,4778.4866,4807.0782,4747.7748,4775.8024,4771.3108,23997498500.0,426411345935.8,0.868387,1.0,0.094138,0.0,0.0,0.0,0.0,0.0,1.0,1.0,1.0,17.76899146116417,SH000300
2020-08-05,4761.7637,4786.7031,4711.2723,4777.1089,4775.8024,19670054800.0,347407839399.1,0.711787,1.0,0.027357,0.0,0.0,0.0,0.0,0.0,1.0,1.0,1.0,17.66176266062563,SH000300
2020-08-06,4779.2377,4791.8565,4691.1569,4762.7642,4777.1089,22785440600.0,404323404006.9,0.824517,1.0,-0.30028,0.0,0.0,0.0,0.0,0.0,1.0,1.0,1.0,17.744813940832902,SH000300
2020-08-07,4742.2939,4749.0217,4637.8427,4707.9262,4762.7642,21351821600.0,397041212825.0,0.772617,1.0,-1.15139,0.0,0.0,0.0,0.0,0.0,1.0,1.0,1.0,18.595191560845564,SH000300
2020-08-10,4681.7553,4757.6634,4646.2885,4724.8697,4707.9262,20378883200.0,371297560017.6,0.736827,1.0,0.359893,0.0,0.0,0.0,0.0,0.0,1.0,1.0,1.0,18.21972069684368,SH000300
2020-08-11,4730.3748,4791.5337,4674.8642,4681.7837,4724.8697,20554651100.0,350828586241.1,0.743182,1.0,-0.911898,0.0,0.0,0.0,0.0,0.0,1.0,1.0,1.0,17.06808763302725,SH000300
2020-08-12,4668.8899,4681.6206,4566.2736,4647.6446,4681.7837,20288723900.0,347298673202.0,0.73359,1.0,-0.72919,0.0,0.0,0.0,0.0,0.0,1.0,1.0,1.0,17.117817508571843,SH000300
2020-08-13,4666.4901,4671.7689,4626.1033,4635.7126,4647.6446,15255009200.0,250945872578.9,0.551571,1.0,-0.256732,0.0,0.0,0.0,0.0,0.0,1.0,1.0,1.0,16.450063666883924,SH000300
2020-08-14,4627.61,4708.0709,4617.632,4704.6288,4635.7126,14729292100.0,254343934256.2,0.532562,1.0,1.486637,0.0,0.0,0.0,0.0,0.0,1.0,1.0,1.0,17.267899402728254,SH000300
2020-08-17,4727.1204,4838.0864,4721.3589,4815.2261,4704.6288,26800155600.0,416469154934.0,0.953069,1.0,2.350819,0.0,0.0,0.0,0.0,0.0,1.0,1.0,1.0,15.539803617184969,SH000300
2020-08-18,4816.5703,4825.3861,4788.8293,4812.7564,4815.2261,18913985400.0,314395904535.5,0.683852,1.0,-0.051289,0.0,0.0,0.0,0.0,0.0,1.0,1.0,1.0,16.622403892492166,SH000300
2020-08-19,4804.6655,4809.0499,4738.0086,4740.6784,4812.7564,19244294800.0,319403284708.3,0.695743,1.0,-1.497645,0.0,0.0,0.0,0.0,0.0,1.0,1.0,1.0,16.597297434266075,SH000300
2020-08-20,4708.1253,4721.4357,4662.8032,4679.1544,4740.6784,15836863900.0,260486563515.0,0.572358,1.0,-1.297789,0.0,0.0,0.0,0.0,0.0,1.0,1.0,1.0,16.448115306149724,SH000300
2020-08-21,4717.7874,4739.4836,4684.8101,4718.8431,4679.1544,14265786400.0,251775160233.8,0.515546,1.0,0.848202,0.0,0.0,0.0,0.0,0.0,1.0,1.0,1.0,17.648880557597582,SH000300
2020-08-24,4746.4035,4769.4673,4716.6054,4755.8491,4718.8431,15114351200.0,272428686418.6,0.546202,1.0,0.784218,0.0,0.0,0.0,0.0,0.0,1.0,1.0,1.0,18.02450418239587,SH000300
2020-08-25,4769.2107,4802.4122,4746.313,4761.9507,4755.8491,14170135100.0,262308788275.0,0.511926,1.0,0.128297,0.0,0.0,0.0,0.0,0.0,1.0,1.0,1.0,18.51138231384964,SH000300
2020-08-26,4761.7186,4786.4249,4689.881,4706.1302,4761.9507,15130518000.0,277456360643.0,0.546622,1.0,-1.172219,0.0,0.0,0.0,0.0,0.0,1.0,1.0,1.0,18.337532174575912,SH000300
2020-08-27,4718.062,4731.9351,4679.3623,4731.3451,4706.1302,11904285000.0,223631511405.6,0.430053,1.0,0.535788,0.0,0.0,0.0,0.0,0.0,1.0,1.0,1.0,18.78579951719906,SH000300
2020-08-28,4727.292,4850.4884,4719.3526,4844.2652,4731.3451,15939976500.0,305047882508.6,0.574395,1.0,2.386638,0.0,0.0,0.0,0.0,0.0,1.0,1.0,1.0,19.137285585621783,SH000300
2020-08-31,4870.9337,4901.2115,4816.2123,4816.2153,4844.2652,20256702900.0,357005064604.8,0.729901,1.0,-0.579033,0.0,0.0,0.0,0.0,0.0,1.0,1.0,1.0,17.624046043781387,SH000300
2020-09-01,4803.3922,4842.135,4791.7829,4842.1223,4816.2153,13839540200.0,262018070577.3,0.498565,1.0,0.537912,0.0,0.0,0.0,0.0,0.0,1.0,1.0,1.0,18.932570503845206,SH000300
2020-09-02,4859.0754,4863.5509,4797.5204,4843.887,4842.1223,15798952400.0,280778613751.4,0.569131,1.0,0.036445,0.0,0.0,0.0,0.0,0.0,1.0,1.0,1.0,17.771976688239153,SH000300
2020-09-03,4841.502,4877.0117,4800.0577,4817.0952,4843.887,14567120100.0,279411988792.3,0.524755,1.0,-0.553105,0.0,0.0,0.0,0.0,0.0,1.0,1.0,1.0,19.181003992154906,SH000300
2020-09-04,4737.2368,4778.203,4726.5559,4770.219,4817.0952,12003279600.0,238463337878.7,0.432377,1.0,-0.973122,0.0,0.0,0.0,0.0,0.0,1.0,1.0,1.0,19.866515304592255,SH000300
2020-09-07,4759.5213,4789.3031,4655.56,4669.3677,4770.219,14860779100.0,282316394067.8,0.534997,1.0,-2.114186,0.0,0.0,0.0,0.0,0.0,1.0,1.0,1.0,18.99741542270822,SH000300
2020-09-08,4683.8256,4707.8966,4639.0531,4694.3894,4669.3677,13919922700.0,249198138076.0,0.501125,1.0,0.535869,0.0,0.0,0.0,0.0,0.0,1.0,1.0,1.0,17.90226450582229,SH000300
2020-09-09,4634.247,4645.1972,4558.0304,4584.5887,4694.3894,16227710700.0,244905191934.1,0.584207,1.0,-2.338977,0.0,0.0,0.0,0.0,0.0,1.0,1.0,1.0,15.091789375694256,SH000300
2020-09-10,4632.0994,4647.7505,4572.2058,4581.9775,4584.5887,15065287800.0,226146354804.6,0.542331,1.0,-0.056956,0.0,0.0,0.0,0.0,0.0,1.0,1.0,1.0,15.01108759466248,SH000300
2020-09-11,4572.2572,4630.8842,4563.1061,4627.2826,4581.9775,11530242400.0,198240927301.5,0.415074,1.0,0.988767,0.0,0.0,0.0,0.0,0.0,1.0,1.0,1.0,17.193127466383533,SH000300
2020-09-14,4652.0539,4666.9862,4625.9877,4651.0507,4627.2826,10723517900.0,211653411810.9,0.386031,1.0,0.513651,0.0,0.0,0.0,0.0,0.0,1.0,1.0,1.0,19.737311373434643,SH000300
2020-09-15,4649.4472,4691.4997,4630.5374,4688.4826,4651.0507,10191592500.0,194573684119.3,0.366882,1.0,0.804805,0.0,0.0,0.0,0.0,0.0,1.0,1.0,1.0,19.09158790633554,SH000300
2020-09-16,4683.006,4690.6815,4638.4586,4657.3584,4688.4826,10875364100.0,196120184850.9,0.391497,1.0,-0.663844,0.0,0.0,0.0,0.0,0.0,1.0,1.0,1.0,18.033436218553824,SH000300
2020-09-17,4642.0542,4664.9491,4601.639,4632.7142,4657.3584,10598363100.0,214146647269.6,0.381525,1.0,-0.529145,0.0,0.0,0.0,0.0,0.0,1.0,1.0,1.0,20.20563413887943,SH000300
2020-09-18,4636.6422,4737.8039,4631.7045,4737.0887,4632.7142,16042647500.0,281885944229.0,0.57751,1.0,2.252988,0.0,0.0,0.0,0.0,0.0,1.0,1.0,1.0,17.571036465708044,SH000300
2020-09-21,4750.7481,4752.9799,4688.7199,4691.4281,4737.0887,12453582700.0,224137912695.2,0.448309,1.0,-0.963896,0.0,0.0,0.0,0.0,0.0,1.0,1.0,1.0,17.997866003266676,SH000300
2020-09-22,4654.2179,4706.2096,4622.1111,4635.7608,4691.4281,11967294700.0,202909215534.6,0.430396,1.0,-1.186575,0.0,0.0,0.0,0.0,0.0,1.0,1.0,1.0,16.955312008368942,SH000300
2020-09-23,4639.6592,4665.96,4623.5528,4652.3273,4635.7608,9582652800.0,190393472276.3,0.344634,1.0,0.357363,0.0,0.0,0.0,0.0,0.0,1.0,1.0,1.0,19.86855584252202,SH000300
2020-09-24,4623.9535,4631.9482,4562.2086,4563.0657,4652.3273,11259368300.0,193515873700.2,0.40493,1.0,-1.918644,0.0,0.0,0.0,0.0,0.0,1.0,1.0,1.0,17.187098649237722,SH000300
2020-09-25,4582.482,4599.5387,4554.7199,4570.0216,4563.0657,9301515500.0,167457376964.0,0.334518,1.0,0.152439,0.0,0.0,0.0,0.0,0.0,1.0,1.0,1.0,18.003235812916724,SH000300
2020-09-28,4582.6471,4613.6324,4571.1507,4581.9085,4570.0216,8504838900.0,159314675407.1,0.305866,1.0,0.260106,0.0,0.0,0.0,0.0,0.0,1.0,1.0,1.0,18.732239055944962,SH000300
2020-09-29,4608.2926,4616.6767,4586.3537,4591.7993,4581.9085,8599385800.0,159937888502.2,0.309245,1.0,0.215866,0.0,0.0,0.0,0.0,0.0,1.0,1.0,1.0,18.598757192891615,SH000300
2020-09-30,4607.5753,4634.7239,4563.4108,4587.3953,4591.7993,8908120000.0,165532220885.2,0.320265,1.0,-0.09591,0.0,0.0,0.0,0.0,0.0,1.0,1.0,1.0,18.582172319771175,SH000300
2020-10-09,4663.61,4695.4041,4655.0851,4681.1412,4587.3953,11133751200.0,229926731489.9,0.400278,1.0,2.043554,0.0,0.0,0.0,0.0,0.0,1.0,1.0,1.0,20.65132652595111,SH000300
2020-10-12,4705.1883,4823.2666,4704.1554,4823.1578,4681.1412,15578455800.0,307848558046.0,0.560064,1.0,3.033803,0.0,0.0,0.0,0.0,0.0,1.0,1.0,1.0,19.761172865798418,SH000300
2020-10-13,4812.8989,4845.9191,4795.373,4839.201,4823.1578,11651633800.0,242172567248.5,0.41889,1.0,0.332629,0.0,0.0,0.0,0.0,0.0,1.0,1.0,1.0,20.784430012596175,SH000300
2020-10-14,4830.4575,4830.4575,4795.9069,4807.1021,4839.201,11190692300.0,229836207247.8,0.402315,1.0,-0.66331,0.0,0.0,0.0,0.0,0.0,1.0,1.0,1.0,20.538158059068426,SH000300
2020-10-15,4810.7821,4833.8925,4796.2647,4798.7361,4807.1021,10996496200.0,213878285047.0,0.395155,1.0,-0.174034,0.0,0.0,0.0,0.0,0.0,1.0,1.0,1.0,19.44967571097783,SH000300
2020-10-16,4798.9162,4825.5518,4765.967,4791.676,4798.7361,11671610200.0,204175130717.5,0.419368,1.0,-0.147124,0.0,0.0,0.0,0.0,0.0,1.0,1.0,1.0,17.49331302355351,SH000300
2020-10-19,4823.4944,4849.605,4747.3356,4755.4879,4791.676,12924636100.0,225392198225.0,0.464311,1.0,-0.755228,0.0,0.0,0.0,0.0,0.0,1.0,1.0,1.0,17.438958937110808,SH000300
2020-10-20,4751.3694,4793.4672,4739.4583,4793.4672,4755.4879,9804815600.0,185849198017.6,0.352227,1.0,0.798642,0.0,0.0,0.0,0.0,0.0,1.0,1.0,1.0,18.954889678659537,SH000300
2020-10-21,4801.6313,4801.6313,4758.8552,4792.8284,4793.4672,10380570300.0,189978697043.6,0.37291,1.0,-0.013326,0.0,0.0,0.0,0.0,0.0,1.0,1.0,1.0,18.301373773616273,SH000300
2020-10-22,4780.5954,4791.8078,4725.4993,4777.9845,4792.8284,10135089100.0,194614971169.8,0.364066,1.0,-0.309711,0.0,0.0,0.0,0.0,0.0,1.0,1.0,1.0,19.202097707241666,SH000300
2020-10-23,4775.4665,4802.456,4717.0984,4718.4881,4777.9845,10682518400.0,200985821991.5,0.383529,1.0,-1.24522,0.0,0.0,0.0,0.0,0.0,1.0,1.0,1.0,18.81446064174343,SH000300
2020-10-26,4684.0465,4713.3945,4639.3019,4691.2359,4718.4881,10834327500.0,205518988284.4,0.388979,1.0,-0.577562,0.0,0.0,0.0,0.0,0.0,1.0,1.0,1.0,18.969242741129985,SH000300
2020-10-27,4680.1371,4708.4623,4671.8536,4699.2792,4691.2359,9265630400.0,186675545690.4,0.332493,1.0,0.171454,0.0,0.0,0.0,0.0,0.0,1.0,1.0,1.0,20.147096056238116,SH000300
2020-10-28,4703.0036,4753.3125,4685.6012,4737.2718,4699.2792,10846340200.0,226754264067.0,0.389205,1.0,0.808477,0.0,0.0,0.0,0.0,0.0,1.0,1.0,1.0,20.906062310953516,SH000300
2020-10-29,4683.607,4803.0317,4679.2529,4772.9198,4737.2718,11711725000.0,252303504993.0,0.420239,1.0,0.752501,0.0,0.0,0.0,0.0,0.0,1.0,1.0,1.0,21.542813291210305,SH000300
2020-10-30,4776.4726,4778.5089,4683.4719,4695.3338,4772.9198,13980230300.0,280783321713.1,0.501637,1.0,-1.625546,0.0,0.0,0.0,0.0,0.0,1.0,1.0,1.0,20.08431303975729,SH000300
2020-11-02,4702.7457,4738.0239,4695.4436,4720.8313,4695.3338,14286769300.0,279027685157.1,0.511702,1.0,0.543039,0.0,0.0,0.0,0.0,0.0,1.0,1.0,1.0,19.530495614365382,SH000300
2020-11-03,4743.1742,4793.3963,4734.1748,4777.5608,4720.8313,13605540800.0,252390556313.5,0.485667,1.0,1.201685,0.0,0.0,0.0,0.0,0.0,1.0,1.0,1.0,18.550571419660145,SH000300
2020-11-04,4781.448,4825.4638,4770.5582,4813.6564,4777.5608,11466180600.0,230513773046.3,0.4093,1.0,0.755524,0.0,0.0,0.0,0.0,0.0,1.0,1.0,1.0,20.103797514431264,SH000300
2020-11-05,4861.3377,4885.1118,4837.9996,4885.1118,4813.6564,13924459400.0,281951932371.0,0.496777,1.0,1.484431,0.0,0.0,0.0,0.0,0.0,1.0,1.0,1.0,20.248680704329534,SH000300
2020-11-06,4897.6295,4897.6295,4845.4293,4885.7178,4885.1118,15363903400.0,305365103652.9,0.548131,1.0,0.012405,0.0,0.0,0.0,0.0,0.0,1.0,1.0,1.0,19.875489691825322,SH000300
2020-11-09,4918.8609,4997.8017,4918.8609,4981.3497,4885.7178,19713198400.0,371923282063.4,0.703228,1.0,1.957377,0.0,0.0,0.0,0.0,0.0,1.0,1.0,1.0,18.866714295504682,SH000300
2020-11-10,4995.4126,4995.4126,4928.9319,4953.8756,4981.3497,17626721400.0,334271459964.0,0.628795,1.0,-0.551539,0.0,0.0,0.0,0.0,0.0,1.0,1.0,1.0,18.96390442547075,SH000300
2020-11-11,4937.7582,4957.5846,4901.7067,4904.8981,4953.8756,16447051500.0,303858557977.1,0.586713,1.0,-0.98867,0.0,0.0,0.0,0.0,0.0,1.0,1.0,1.0,18.474956315245926,SH000300
2020-11-12,4916.7736,4926.3422,4891.51,4908.463,4904.8981,11811461900.0,227645907147.2,0.421348,1.0,0.07268,0.0,0.0,0.0,0.0,0.0,1.0,1.0,1.0,19.273304953656922,SH000300
2020-11-13,4886.9778,4886.9778,4825.7578,4856.8513,4908.463,13369307900.0,255353111737.8,0.47692,1.0,-1.051484,0.0,0.0,0.0,0.0,0.0,1.0,1.0,1.0,19.09994994862823,SH000300
2020-11-16,4880.958,4904.1716,4848.6239,4904.1716,4856.8513,14877098000.0,266705031671.5,0.530707,1.0,0.9743,0.0,0.0,0.0,0.0,0.0,1.0,1.0,1.0,17.927221536854834,SH000300
2020-11-17,4903.12,4909.2902,4865.3942,4894.786,4904.1716,15148746400.0,288911408551.0,0.540115,1.0,-0.19138,0.0,0.0,0.0,0.0,0.0,1.0,1.0,1.0,19.07163806973493,SH000300
2020-11-18,4889.6749,4911.0876,4870.7162,4891.6716,4894.786,16421661600.0,290727223227.2,0.585499,1.0,-0.063627,0.0,0.0,0.0,0.0,0.0,1.0,1.0,1.0,17.703885898318596,SH000300
2020-11-19,4880.9224,4939.7911,4870.2005,4927.9891,4891.6716,13368137800.0,247727135000.5,0.47659,1.0,0.742435,0.0,0.0,0.0,0.0,0.0,1.0,1.0,1.0,18.531162582757037,SH000300
2020-11-20,4928.2223,4947.4297,4922.5895,4943.2882,4927.9891,12940034100.0,229053679195.4,0.46133,1.0,0.310453,0.0,0.0,0.0,0.0,0.0,1.0,1.0,1.0,17.70116503753263,SH000300
2020-11-23,4954.5987,5029.6515,4940.4494,5005.0273,4943.2882,20591518700.0,333633826416.7,0.734108,1.0,1.248948,0.0,0.0,0.0,0.0,0.0,1.0,1.0,1.0,16.202487600717863,SH000300
2020-11-24,4997.0485,5001.0614,4960.9817,4974.2855,5005.0273,15663791100.0,264804443317.7,0.558429,1.0,-0.614218,0.0,0.0,0.0,0.0,0.0,1.0,1.0,1.0,16.905514228780795,SH000300
2020-11-25,4992.7466,5004.7732,4910.7,4910.7,4974.2855,17034052700.0,277070642970.7,0.60728,1.0,-1.278284,0.0,0.0,0.0,0.0,0.0,1.0,1.0,1.0,16.265691309661147,SH000300
2020-11-26,4908.3208,4925.2857,4867.8153,4919.5912,4910.7,13720233800.0,239748145475.7,0.489135,1.0,0.181058,0.0,0.0,0.0,0.0,0.0,1.0,1.0,1.0,17.474056854315414,SH000300
2020-11-27,4930.5928,4980.765,4917.3479,4980.765,4919.5912,16295292200.0,253178971224.0,0.580005,1.0,1.243473,0.0,0.0,0.0,0.0,0.0,1.0,1.0,1.0,15.536939633644618,SH000300
2020-11-30,4994.1063,5055.192,4960.2519,4960.2519,4980.765,26263895000.0,396495834420.8,0.93476,1.0,-0.411846,0.0,0.0,0.0,0.0,0.0,1.0,1.0,1.0,15.096612076038227,SH000300
2020-12-01,4963.1302,5072.5494,4963.1302,5067.0983,4960.2519,20406563800.0,328451014444.2,0.726286,1.0,2.154052,0.0,0.0,0.0,0.0,0.0,1.0,1.0,1.0,16.09536116238247,SH000300
2020-12-02,5072.9755,5090.6084,5043.3091,5067.1447,5067.0983,19543547600.0,310609728842.5,0.695555,1.0,0.000916,0.0,0.0,0.0,0.0,0.0,1.0,1.0,1.0,15.893211161033015,SH000300
2020-12-03,5065.4531,5072.3046,5033.7887,5057.0603,5067.1447,17786574800.0,275335207429.1,0.632982,1.0,-0.199015,0.0,0.0,0.0,0.0,0.0,1.0,1.0,1.0,15.47994543778603,SH000300
2020-12-04,5049.5231,5072.3865,5017.8506,5065.9163,5057.0603,14434716700.0,257798820735.0,0.513692,1.0,0.175122,0.0,0.0,0.0,0.0,0.0,1.0,1.0,1.0,17.859638404611015,SH000300
2020-12-07,5065.7285,5067.8698,5014.609,5022.2351,5065.9163,13989621700.0,264657773932.9,0.497852,1.0,-0.862257,0.0,0.0,0.0,0.0,0.0,1.0,1.0,1.0,18.918150869862334,SH000300
2020-12-08,5029.1063,5043.0605,4998.9218,5009.8786,5022.2351,12307302900.0,234880648439.1,0.437983,1.0,-0.246036,0.0,0.0,0.0,0.0,0.0,1.0,1.0,1.0,19.084656512281015,SH000300
2020-12-09,5022.3846,5033.6417,4942.5195,4942.6986,5009.8786,13891696500.0,260772774152.9,0.494187,1.0,-1.340951,0.0,0.0,0.0,0.0,0.0,1.0,1.0,1.0,18.77184504807602,SH000300
2020-12-10,4931.2933,4962.7433,4919.7696,4940.5249,4942.6986,12591427000.0,229651278357.4,0.447931,1.0,-0.043978,0.0,0.0,0.0,0.0,0.0,1.0,1.0,1.0,18.238701487718586,SH000300
2020-12-11,4957.8236,4957.8236,4849.3547,4889.6292,4940.5249,15935769700.0,275212730069.9,0.565415,1.0,-1.030168,0.0,0.0,0.0,0.0,0.0,1.0,1.0,1.0,17.270124710066565,SH000300
2020-12-14,4903.627,4937.2601,4887.6599,4934.8352,4889.6292,12080155200.0,247878279711.0,0.428611,1.0,0.924528,0.0,0.0,0.0,0.0,0.0,1.0,1.0,1.0,20.519461514120284,SH000300
2020-12-15,4931.6019,4954.1885,4904.7926,4945.1,4934.8352,11834263300.0,248093390249.2,0.435745,1.0,0.208007,0.0,0.0,0.0,0.0,0.0,1.0,1.0,1.0,20.963991079123616,SH000300
2020-12-16,4957.2971,4968.8558,4938.1932,4953.867,4945.1,10677896800.0,229696035696.9,0.391858,1.0,0.177287,0.0,0.0,0.0,0.0,0.0,1.0,1.0,1.0,21.511355653568405,SH000300
2020-12-17,4960.729,5021.6171,4950.3713,5017.4784,4953.867,13338547900.0,270180356109.3,0.489496,1.0,1.284076,0.0,0.0,0.0,0.0,0.0,1.0,1.0,1.0,20.255604893040868,SH000300
2020-12-18,5014.3211,5027.4446,4979.0051,4999.9678,5017.4784,12804961800.0,258938551535.8,0.469364,1.0,-0.348992,0.0,0.0,0.0,0.0,0.0,1.0,1.0,1.0,20.221735572518458,SH000300
2020-12-21,4995.7622,5048.5074,4969.999,5046.8396,4999.9678,14081178200.0,298204296843.3,0.516144,1.0,0.937442,0.0,0.0,0.0,0.0,0.0,1.0,1.0,1.0,21.17751033385118,SH000300
2020-12-22,5034.9831,5055.1348,4960.9457,4964.7727,5046.8396,16234497000.0,326758817663.3,0.594978,1.0,-1.626105,0.0,0.0,0.0,0.0,0.0,1.0,1.0,1.0,20.1274371274515,SH000300
2020-12-23,4977.2994,5028.4506,4968.1509,5007.1235,4964.7727,14029281900.0,308729037473.7,0.514149,1.0,0.853026,0.0,0.0,0.0,0.0,0.0,1.0,1.0,1.0,22.006047043198983,SH000300
2020-12-24,5006.0051,5033.038,4979.2371,5000.0154,5007.1235,11441866700.0,246674476188.8,0.419318,1.0,-0.14196,0.0,0.0,0.0,0.0,0.0,1.0,1.0,1.0,21.558936374324304,SH000300
2020-12-25,4985.7695,5042.0978,4973.6812,5042.0137,5000.0154,12100697900.0,243992268243.3,0.443463,1.0,0.839963,0.0,0.0,0.0,0.0,0.0,1.0,1.0,1.0,20.163487284754048,SH000300
2020-12-28,5042.9432,5089.3447,5037.8582,5064.4147,5042.0137,13691440700.0,281019254170.5,0.48339,1.0,0.444287,0.0,0.0,0.0,0.0,0.0,1.0,1.0,1.0,20.525177760913063,SH000300
2020-12-29,5071.449,5077.4167,5034.3078,5042.9361,5064.4147,14119866200.0,279035233253.8,0.0,1.0,-0.424108,0.0,0.0,0.0,0.0,0.0,1.0,1.0,1.0,19.76188933389468,SH000300
2020-12-30,5037.9848,5113.7105,5036.6288,5113.7105,5042.9361,14862644800.0,296577812603.0,0.543755,1.0,1.403436,0.0,0.0,0.0,0.0,0.0,1.0,1.0,1.0,19.954578515056756,SH000300
2020-12-31,5122.4799,5215.6178,5122.4799,5211.2885,5113.7105,17160250900.0,358731371834.7,0.627887,1.0,1.908164,0.0,0.0,0.0,0.0,0.0,1.0,1.0,1.0,20.904785945449085,SH000300
2021-01-04,5212.9313,5284.4343,5190.9372,5267.7181,5211.2885,21171138200.0,452796175554.0,0.774643,1.0,1.082834,0.0,0.0,0.0,0.0,0.0,1.0,1.0,1.0,21.38742713199992,SH000300
2021-01-05,5245.8355,5368.5049,5234.3775,5368.5049,5267.7181,22493115900.0,498041939761.0,0.822977,1.0,1.913291,0.0,0.0,0.0,0.0,0.0,1.0,1.0,1.0,22.141971880427647,SH000300
2021-01-06,5386.5144,5433.4694,5341.4304,5417.6677,5368.5049,19377344400.0,444434377137.3,0.708976,1.0,0.915763,0.0,0.0,0.0,0.0,0.0,1.0,1.0,1.0,22.935773239252537,SH000300
2021-01-07,5428.3944,5513.6568,5413.3526,5513.6568,5417.6677,21987208000.0,473385353695.8,0.804359,1.0,1.771779,0.0,0.0,0.0,0.0,0.0,1.0,1.0,1.0,21.53003481368803,SH000300
2021-01-08,5526.2876,5547.4733,5442.6939,5495.4306,5513.6568,20432495600.0,473567653978.6,0.747483,1.0,-0.330565,0.0,0.0,0.0,0.0,0.0,1.0,1.0,1.0,23.177181253307108,SH000300
2021-01-11,5504.2358,5555.6916,5412.5046,5441.1583,5495.4306,23183598300.0,522298482544.3,0.817218,1.0,-0.98759,0.0,0.0,0.0,0.0,0.0,1.0,1.0,1.0,22.52879280367362,SH000300
2021-01-12,5419.4996,5596.3525,5417.6272,5596.3525,5441.1583,22422018600.0,486233760739.8,0.820091,1.0,2.852227,0.0,0.0,0.0,0.0,0.0,1.0,1.0,1.0,21.68554800591415,SH000300
2021-01-13,5609.2637,5644.7195,5535.1435,5577.9711,5596.3525,26156988600.0,546959736365.5,0.956692,1.0,-0.328453,0.0,0.0,0.0,0.0,0.0,1.0,1.0,1.0,20.91065392617482,SH000300
2021-01-14,5556.2125,5568.0179,5458.6818,5470.4563,5577.9711,24368338000.0,501890111879.0,0.891558,1.0,-1.927489,0.0,0.0,0.0,0.0,0.0,1.0,1.0,1.0,20.595992713126353,SH000300
2021-01-15,5471.391,5500.6348,5390.2737,5458.0812,5470.4563,23863743500.0,475709920372.3,0.873076,1.0,-0.226217,0.0,0.0,0.0,0.0,0.0,1.0,1.0,1.0,19.934421452874734,SH000300
2021-01-18,5438.1618,5541.4613,5410.775,5518.5205,5458.0812,20705186900.0,422717209153.0,0.75752,1.0,1.107336,0.0,0.0,0.0,0.0,0.0,1.0,1.0,1.0,20.41600547701407,SH000300
2021-01-19,5525.969,5532.4793,5415.7166,5437.5234,5518.5205,21104342500.0,433205176449.9,0.771968,1.0,-1.467732,0.0,0.0,0.0,0.0,0.0,1.0,1.0,1.0,20.526826478953325,SH000300
2021-01-20,5439.9111,5496.0493,5426.5357,5476.4336,5437.5234,17091326000.0,373770384496.4,0.625177,1.0,0.715587,0.0,0.0,0.0,0.0,0.0,1.0,1.0,1.0,21.86901030946341,SH000300
2021-01-21,5492.9587,5593.1058,5490.5626,5564.9693,5476.4336,20995019700.0,453183684478.9,0.767342,1.0,1.616667,0.0,0.0,0.0,0.0,0.0,1.0,1.0,1.0,21.585294558161333,SH000300
2021-01-22,5562.379,5573.6594,5513.8769,5569.776,5564.9693,19930002000.0,456622193435.6,0.721999,1.0,0.086374,0.0,0.0,0.0,0.0,0.0,1.0,1.0,1.0,22.91129691986985,SH000300
2021-01-25,5564.1237,5655.4795,5543.2663,5625.9232,5569.776,19704701900.0,508166980802.0,0.713837,1.0,1.008069,0.0,0.0,0.0,0.0,0.0,1.0,1.0,1.0,25.78912299109686,SH000300
2021-01-26,5600.9017,5600.9017,5505.9962,5512.9678,5625.9232,17190459000.0,415008069865.0,0.622754,1.0,-2.007766,0.0,0.0,0.0,0.0,0.0,1.0,1.0,1.0,24.14176781812516,SH000300
2021-01-27,5505.7708,5534.9928,5449.6385,5528.0034,5512.9678,16019084100.0,376892605839.1,0.580319,1.0,0.272732,0.0,0.0,0.0,0.0,0.0,1.0,1.0,1.0,23.52772502387324,SH000300
2021-01-28,5450.3695,5462.2352,5360.3766,5377.1427,5528.0034,17048558500.0,376166523177.5,0.617612,1.0,-2.729027,0.0,0.0,0.0,0.0,0.0,1.0,1.0,1.0,22.06441812529194,SH000300
2021-01-29,5413.9684,5430.2015,5288.0955,5351.9646,5377.1427,18217878400.0,390287690019.0,0.659955,1.0,-0.468243,0.0,0.0,0.0,0.0,0.0,1.0,1.0,1.0,21.423333796047295,SH000300
2021-02-01,5356.8535,5422.299,5342.0458,5417.6484,5351.9646,16631370600.0,346859083730.0,0.602521,1.0,1.227284,0.0,0.0,0.0,0.0,0.0,1.0,1.0,1.0,20.855712500928817,SH000300
2021-02-02,5429.7032,5503.2145,5411.5173,5501.0915,5417.6484,16521056500.0,380016716111.9,0.597897,1.0,1.540209,0.0,0.0,0.0,0.0,0.0,1.0,1.0,1.0,23.001962139158596,SH000300
2021-02-03,5499.2961,5532.8864,5473.1237,5485.2008,5501.0915,18805431700.0,404343602637.7,0.680283,1.0,-0.288864,0.0,0.0,0.0,0.0,0.0,1.0,1.0,1.0,21.501426241531057,SH000300
2021-02-04,5453.9764,5510.0535,5411.5749,5473.9475,5485.2008,18057565400.0,397995205379.9,0.653223,1.0,-0.205157,0.0,0.0,0.0,0.0,0.0,1.0,1.0,1.0,22.04035796430786,SH000300
2021-02-05,5494.7011,5550.7714,5477.6517,5483.414,5473.9475,18969959800.0,395400134490.0,0.686032,1.0,0.172937,0.0,0.0,0.0,0.0,0.0,1.0,1.0,1.0,20.84348826558926,SH000300
2021-02-08,5506.1423,5576.4908,5479.8529,5564.5618,5483.414,16403377500.0,367582771658.8,0.571412,1.0,1.479877,0.0,0.0,0.0,0.0,0.0,1.0,1.0,1.0,22.408968619956468,SH000300
2021-02-09,5584.165,5686.2502,5555.0537,5686.2502,5564.5618,16488726000.0,378769121171.9,0.595711,1.0,2.186846,0.0,0.0,0.0,0.0,0.0,1.0,1.0,1.0,22.971400044606238,SH000300
2021-02-10,5709.684,5823.4219,5707.3295,5807.7191,5686.2502,17016978600.0,417056463360.9,0.614786,1.0,2.136186,0.0,0.0,0.0,0.0,0.0,1.0,1.0,1.0,24.508255734710744,SH000300
2021-02-18,5922.0714,5930.9122,5747.6631,5768.3814,5807.7191,21884868600.0,507481235977.7,0.761648,1.0,-0.677335,0.0,0.0,0.0,0.0,0.0,1.0,1.0,1.0,23.188680967346546,SH000300
2021-02-19,5734.0193,5787.8871,5667.3209,5778.842,5768.3814,21447578000.0,456433793702.1,0.774504,1.0,0.181344,0.0,0.0,0.0,0.0,0.0,1.0,1.0,1.0,21.281367700450836,SH000300
2021-02-22,5785.5097,5785.5097,5597.3327,5597.3327,5778.842,28212438200.0,543633153216.5,1.018702,1.0,-3.140929,0.0,0.0,0.0,0.0,0.0,1.0,1.0,1.0,19.26927227496771,SH000300
2021-02-23,5542.6841,5644.7551,5541.1092,5579.6681,5597.3327,23380772700.0,424904470814.2,0.844228,1.0,-0.31559,0.0,0.0,0.0,0.0,0.0,1.0,1.0,1.0,18.173243299790517,SH000300
2021-02-24,5591.4795,5598.8284,5379.7278,5437.5683,5579.6681,22542861000.0,472369211004.2,0.813972,1.0,-2.546743,0.0,0.0,0.0,0.0,0.0,1.0,1.0,1.0,20.954270667072826,SH000300
2021-02-25,5494.4706,5527.6296,5444.1646,5469.5584,5437.5683,23073602800.0,412206157140.7,0.833113,1.0,0.588316,0.0,0.0,0.0,0.0,0.0,1.0,1.0,1.0,17.864837178383777,SH000300
2021-02-26,5343.9041,5416.3197,5318.8579,5336.7609,5469.5584,21226454300.0,405717700127.9,0.766418,1.0,-2.427938,0.0,0.0,0.0,0.0,0.0,1.0,1.0,1.0,19.113776346900295,SH000300
2021-03-01,5389.2499,5421.555,5345.9449,5418.7837,5336.7609,17746352300.0,358146545967.0,0.640491,1.0,1.53694,0.0,0.0,0.0,0.0,0.0,1.0,1.0,1.0,20.18141756190651,SH000300
2021-03-02,5453.2847,5454.9687,5305.0545,5349.6301,5418.7837,19651111500.0,376444604695.3,0.708441,1.0,-1.276183,0.0,0.0,0.0,0.0,0.0,1.0,1.0,1.0,19.1564026643124,SH000300
2021-03-03,5327.3467,5452.396,5316.4809,5452.2125,5349.6301,19470905400.0,337610313596.0,0.70194,1.0,1.917561,0.0,0.0,0.0,0.0,0.0,1.0,1.0,1.0,17.339220065030975,SH000300
2021-03-04,5388.4785,5392.3725,5254.7771,5280.7058,5452.2125,21277521100.0,384382456961.0,0.76707,1.0,-3.145635,0.0,0.0,0.0,0.0,0.0,1.0,1.0,1.0,18.06518979135215,SH000300
2021-03-05,5191.9699,5307.8203,5174.2458,5262.7958,5280.7058,20262795600.0,352539774294.9,0.73047,1.0,-0.339159,0.0,0.0,0.0,0.0,0.0,1.0,1.0,1.0,17.39837785734265,SH000300
2021-03-08,5299.7907,5326.2602,5079.7984,5080.0246,5262.7958,23023163500.0,407133802141.7,0.799964,1.0,-3.472892,0.0,0.0,0.0,0.0,0.0,1.0,1.0,1.0,17.683660290285477,SH000300
2021-03-09,5066.1546,5094.311,4917.909,4970.9994,5080.0246,23071100400.0,414415213806.0,0.831712,1.0,-2.146155,0.0,0.0,0.0,0.0,0.0,1.0,1.0,1.0,17.962524830675175,SH000300
2021-03-10,5047.0589,5055.2785,4981.6161,5003.6121,4970.9994,16992849000.0,309577408714.9,0.612591,1.0,0.656059,0.0,0.0,0.0,0.0,0.0,1.0,1.0,1.0,18.21809919660323,SH000300
2021-03-11,5024.5586,5138.4146,5020.5784,5128.2156,5003.6121,18960076600.0,333859199678.6,0.683504,1.0,2.490271,0.0,0.0,0.0,0.0,0.0,1.0,1.0,1.0,17.60853643801207,SH000300
2021-03-12,5153.674,5153.674,5086.8234,5146.3786,5128.2156,20102058900.0,323237751413.4,0.724671,1.0,0.354178,0.0,0.0,0.0,0.0,0.0,1.0,1.0,1.0,16.079833066920326,SH000300
2021-03-15,5116.1228,5120.8757,4992.3989,5035.5441,5146.3786,20415308400.0,330740513807.9,0.709319,1.0,-2.153641,0.0,0.0,0.0,0.0,0.0,1.0,1.0,1.0,16.200613153994777,SH000300
2021-03-16,5054.4089,5084.3085,5009.951,5079.3624,5035.5441,16139005400.0,271755048563.6,0.581782,1.0,0.87018,0.0,0.0,0.0,0.0,0.0,1.0,1.0,1.0,16.838401241479232,SH000300
2021-03-17,5062.7706,5123.5452,5020.1255,5100.8581,5079.3624,14916237600.0,263492417709.0,0.537703,1.0,0.423197,0.0,0.0,0.0,0.0,0.0,1.0,1.0,1.0,17.664804274034896,SH000300
2021-03-18,5114.5872,5160.4566,5111.1294,5141.7681,5100.8581,14290151800.0,260930046844.7,0.515134,1.0,0.802022,0.0,0.0,0.0,0.0,0.0,1.0,1.0,1.0,18.259431424983184,SH000300
2021-03-19,5068.5319,5089.9175,4980.7609,5007.0907,5141.7681,16417484900.0,282974489237.2,0.59182,1.0,-2.619282,0.0,0.0,0.0,0.0,0.0,1.0,1.0,1.0,17.23616564661497,SH000300
2021-03-22,5008.3953,5071.3378,4996.541,5057.152,5007.0907,16740263200.0,264209098943.0,0.603455,1.0,0.999808,0.0,0.0,0.0,0.0,0.0,1.0,1.0,1.0,15.782852144343824,SH000300
2021-03-23,5057.0632,5064.02,4966.534,5009.2459,5057.152,15801396700.0,255755377659.6,0.569611,1.0,-0.947294,0.0,0.0,0.0,0.0,0.0,1.0,1.0,1.0,16.18561843078087,SH000300
2021-03-24,4985.4013,5024.3274,4919.8932,4928.6853,5009.2459,15938598200.0,265970020152.0,0.574556,1.0,-1.608238,0.0,0.0,0.0,0.0,0.0,1.0,1.0,1.0,16.68716513300398,SH000300
2021-03-25,4904.0683,4950.7608,4883.6615,4926.3469,4928.6853,13294518900.0,219782049461.7,0.479231,1.0,-0.047445,0.0,0.0,0.0,0.0,0.0,1.0,1.0,1.0,16.531779082408164,SH000300
2021-03-26,4953.9453,5050.8292,4953.9453,5037.9899,4926.3469,14592669700.0,273901922431.0,0.526022,1.0,2.266243,0.0,0.0,0.0,0.0,0.0,1.0,1.0,1.0,18.76982951454044,SH000300
2021-03-29,5052.2634,5086.6543,5010.3902,5046.8773,5037.9899,14338821500.0,266176599970.5,0.516871,1.0,0.176408,0.0,0.0,0.0,0.0,0.0,1.0,1.0,1.0,18.563352641672818,SH000300
2021-03-30,5043.0952,5106.0365,5032.795,5094.7291,5046.8773,13861856000.0,254928014461.3,0.499678,1.0,0.948147,0.0,0.0,0.0,0.0,0.0,1.0,1.0,1.0,18.390611939793633,SH000300
2021-03-31,5085.9497,5085.9497,5015.607,5048.3607,5094.7291,14133574300.0,241058485554.4,0.509322,1.0,-0.910125,0.0,0.0,0.0,0.0,0.0,1.0,1.0,1.0,17.055734129080143,SH000300
2021-04-01,5059.9359,5115.4286,5056.8718,5110.7768,5048.3607,12032489000.0,211493324391.1,0.433589,1.0,1.236364,0.0,0.0,0.0,0.0,0.0,1.0,1.0,1.0,17.576855826845136,SH000300
2021-04-02,5129.8545,5169.8312,5116.3472,5161.5569,5110.7768,12700225400.0,248060376224.1,0.457651,1.0,0.993589,0.0,0.0,0.0,0.0,0.0,1.0,1.0,1.0,19.531966434556352,SH000300
2021-04-06,5178.6401,5181.149,5125.3301,5140.3418,5161.5569,10983421000.0,213852444065.4,0.395777,1.0,-0.411021,0.0,0.0,0.0,0.0,0.0,1.0,1.0,1.0,19.47047682733822,SH000300
2021-04-07,5141.6556,5141.6556,5065.1932,5103.7428,5140.3418,14576374800.0,246271190296.5,0.525246,1.0,-0.711995,0.0,0.0,0.0,0.0,0.0,1.0,1.0,1.0,16.89522900416227,SH000300
2021-04-08,5078.2627,5129.1318,5062.0725,5112.2086,5103.7428,14177104700.0,228422004674.7,0.510867,1.0,0.165874,0.0,0.0,0.0,0.0,0.0,1.0,1.0,1.0,16.112034827160443,SH000300
2021-04-09,5100.0422,5100.0422,5022.0926,5035.3374,5112.2086,12841650900.0,221519791677.6,0.462744,1.0,-1.503679,0.0,0.0,0.0,0.0,0.0,1.0,1.0,1.0,17.25010229623981,SH000300
2021-04-12,5026.9791,5045.6018,4933.0126,4947.7459,5035.3374,15264431400.0,267218195772.7,0.550005,1.0,-1.739536,0.0,0.0,0.0,0.0,0.0,1.0,1.0,1.0,17.50593839824915,SH000300
2021-04-13,4949.8074,4994.5404,4924.1979,4939.6438,4947.7459,13291935800.0,225753230649.0,0.478854,1.0,-0.163753,0.0,0.0,0.0,0.0,0.0,1.0,1.0,1.0,16.98422517576409,SH000300
2021-04-14,4945.6857,4987.1191,4940.2686,4980.6279,4939.6438,12086083800.0,221036276090.0,0.435412,1.0,0.829697,0.0,0.0,0.0,0.0,0.0,1.0,1.0,1.0,18.28849441619791,SH000300
2021-04-15,4969.9099,4969.9099,4900.3033,4948.9741,4980.6279,10882938400.0,213820884103.5,0.392067,1.0,-0.635538,0.0,0.0,0.0,0.0,0.0,1.0,1.0,1.0,19.647348560155407,SH000300
2021-04-16,4966.8999,4979.1731,4917.9596,4966.1811,4948.9741,11123992400.0,213389173713.5,0.400745,1.0,0.347688,0.0,0.0,0.0,0.0,0.0,1.0,1.0,1.0,19.182786722642852,SH000300
2021-04-19,4966.409,5088.2106,4940.7473,5087.0165,4966.1811,15476982400.0,307899776737.5,0.55756,1.0,2.433165,0.0,0.0,0.0,0.0,0.0,1.0,1.0,1.0,19.8940445094452,SH000300
2021-04-20,5065.7757,5119.8586,5058.9247,5083.3654,5087.0165,13654170000.0,276640588159.1,0.491852,1.0,-0.071773,0.0,0.0,0.0,0.0,0.0,1.0,1.0,1.0,20.260520277622145,SH000300
2021-04-21,5055.2398,5110.5623,5047.9916,5098.7449,5083.3654,12463727700.0,242574995256.0,0.448816,1.0,0.302546,0.0,0.0,0.0,0.0,0.0,1.0,1.0,1.0,19.46247552054591,SH000300
2021-04-22,5114.2799,5119.2246,5067.1382,5089.2435,5098.7449,12116764500.0,241488845756.1,0.436322,1.0,-0.186348,0.0,0.0,0.0,0.0,0.0,1.0,1.0,1.0,19.930142717232805,SH000300
2021-04-23,5088.8263,5149.9825,5086.4914,5135.4534,5089.2435,12205699100.0,264345183118.9,0.439522,1.0,0.907992,0.0,0.0,0.0,0.0,0.0,1.0,1.0,1.0,21.657520880463128,SH000300
2021-04-26,5156.5941,5181.1066,5072.9585,5077.2372,5135.4534,15138196700.0,325760384278.3,0.544998,1.0,-1.133614,0.0,0.0,0.0,0.0,0.0,1.0,1.0,1.0,21.519101035217755,SH000300
2021-04-27,5076.6415,5095.9842,5042.6099,5090.5195,5077.2372,12396183700.0,254738009833.6,0.446281,1.0,0.261605,0.0,0.0,0.0,0.0,0.0,1.0,1.0,1.0,20.549712395243063,SH000300
2021-04-28,5073.9728,5119.4455,5059.2628,5119.2421,5090.5195,12062031800.0,272182521893.2,0.434245,1.0,0.564237,0.0,0.0,0.0,0.0,0.0,1.0,1.0,1.0,22.565230004881933,SH000300
2021-04-29,5128.2795,5170.5852,5113.6484,5164.1692,5119.2421,14009248000.0,294112454366.3,0.504335,1.0,0.877612,0.0,0.0,0.0,0.0,0.0,1.0,1.0,1.0,20.99416430962604,SH000300
2021-04-30,5156.3557,5163.2517,5094.9285,5123.489,5164.1692,16012162100.0,315075102884.9,0.57639,1.0,-0.787739,0.0,0.0,0.0,0.0,0.0,1.0,1.0,1.0,19.6772366478166,SH000300
2021-05-06,5098.8006,5132.8986,5037.4083,5061.1244,5123.489,15882263000.0,323258264641.5,0.571602,1.0,-1.217229,0.0,0.0,0.0,0.0,0.0,1.0,1.0,1.0,20.353413404720726,SH000300
2021-05-07,5073.4554,5093.7471,4996.037,4996.0527,5061.1244,17225832100.0,304638402155.0,0.619949,1.0,-1.285716,0.0,0.0,0.0,0.0,0.0,1.0,1.0,1.0,17.68497454210064,SH000300
2021-05-10,5001.4371,5019.3927,4953.6965,4992.422,4996.0527,17082058500.0,282656808853.4,0.614635,1.0,-0.072671,0.0,0.0,0.0,0.0,0.0,1.0,1.0,1.0,16.546999230414766,SH000300
2021-05-11,4956.0794,5033.4938,4925.9152,5023.0595,4992.422,15152649700.0,270931616512.9,0.545074,1.0,0.61368,0.0,0.0,0.0,0.0,0.0,1.0,1.0,1.0,17.88014782080655,SH000300
2021-05-12,5003.8171,5051.1682,4995.4048,5044.5481,5023.0595,12661908600.0,228344006493.0,0.45544,1.0,0.427799,0.0,0.0,0.0,0.0,0.0,1.0,1.0,1.0,18.033932616841035,SH000300
2021-05-13,4992.3519,5022.0836,4975.4462,4992.9738,5044.5481,13227940600.0,237821404345.3,0.475588,1.0,-1.022377,0.0,0.0,0.0,0.0,0.0,1.0,1.0,1.0,17.978717287655495,SH000300
2021-05-14,5007.6286,5112.9838,4981.2948,5110.5901,4992.9738,15942618000.0,318802786822.9,0.573187,1.0,2.355636,0.0,0.0,0.0,0.0,0.0,1.0,1.0,1.0,19.996890524686727,SH000300
2021-05-17,5115.3063,5206.6947,5115.3063,5184.9853,5110.5901,15388963400.0,335439913424.1,0.553281,1.0,1.455707,0.0,0.0,0.0,0.0,0.0,1.0,1.0,1.0,21.797433959983294,SH000300
2021-05-18,5190.9345,5201.6721,5156.7924,5187.6013,5184.9853,11840426100.0,238182265921.9,0.425253,1.0,0.050453,0.0,0.0,0.0,0.0,0.0,1.0,1.0,1.0,20.116021493677493,SH000300
2021-05-19,5173.1666,5193.5574,5151.6392,5172.272,5187.6013,11872998300.0,250736278155.8,0.426356,1.0,-0.295499,0.0,0.0,0.0,0.0,0.0,1.0,1.0,1.0,21.11819372161453,SH000300
2021-05-20,5167.0546,5201.5935,5152.0358,5186.412,5172.272,13845477500.0,277088462047.3,0.497182,1.0,0.273381,0.0,0.0,0.0,0.0,0.0,1.0,1.0,1.0,20.012922056844914,SH000300
2021-05-21,5199.1285,5216.1615,5123.1171,5134.1483,5186.412,12476848500.0,268053627530.6,0.448035,1.0,-1.007704,0.0,0.0,0.0,0.0,0.0,1.0,1.0,1.0,21.484081299103696,SH000300
2021-05-24,5138.8149,5155.5875,5092.3894,5155.5875,5134.1483,12674233600.0,278513133226.0,0.455013,1.0,0.41758,0.0,0.0,0.0,0.0,0.0,1.0,1.0,1.0,21.974751453689475,SH000300
2021-05-25,5165.0361,5324.3609,5161.5238,5318.478,5155.5875,18299683900.0,404683305641.1,0.65697,1.0,3.159494,0.0,0.0,0.0,0.0,0.0,1.0,1.0,1.0,22.114223822254107,SH000300
2021-05-26,5326.1169,5344.2837,5308.7389,5320.5927,5318.478,16960709600.0,346444644792.8,0.6089,1.0,0.039761,0.0,0.0,0.0,0.0,0.0,1.0,1.0,1.0,20.42630603101653,SH000300
2021-05-27,5311.3726,5378.4764,5286.05,5338.2329,5320.5927,14846285500.0,311893705935.1,0.532689,1.0,0.331546,0.0,0.0,0.0,0.0,0.0,1.0,1.0,1.0,21.00819803950961,SH000300
2021-05-28,5338.7278,5360.2774,5288.6515,5321.0886,5338.2329,16460580600.0,330711896344.2,0.590611,1.0,-0.321161,0.0,0.0,0.0,0.0,0.0,1.0,1.0,1.0,20.091144072050533,SH000300
2021-05-31,5318.0825,5331.6294,5281.6851,5331.5696,5321.0886,14460326900.0,321450798233.5,0.518841,1.0,0.196971,0.0,0.0,0.0,0.0,0.0,1.0,1.0,1.0,22.22984310496466,SH000300
2021-06-01,5320.4745,5343.7529,5269.259,5341.6798,5331.5696,14383147400.0,321845842153.4,0.515462,1.0,0.189629,0.0,0.0,0.0,0.0,0.0,1.0,1.0,1.0,22.376593467532707,SH000300
2021-06-02,5348.344,5352.6404,5266.7852,5289.9736,5341.6798,13775431900.0,296176177153.5,0.493668,1.0,-0.967976,0.0,0.0,0.0,0.0,0.0,1.0,1.0,1.0,21.500318777917954,SH000300
2021-06-03,5285.7098,5314.3691,5255.0719,5255.2855,5289.9736,14196887800.0,285448632488.9,0.508772,1.0,-0.655733,0.0,0.0,0.0,0.0,0.0,1.0,1.0,1.0,20.106423077380384,SH000300
2021-06-04,5228.2761,5334.4899,5221.2291,5282.2772,5255.2855,14473208700.0,292326048775.5,0.517986,1.0,0.513611,0.0,0.0,0.0,0.0,0.0,1.0,1.0,1.0,20.197736026255185,SH000300
2021-06-07,5284.8907,5286.8424,5242.9481,5277.6271,5282.2772,12770497100.0,280463260583.2,0.457045,1.0,-0.088032,0.0,0.0,0.0,0.0,0.0,1.0,1.0,1.0,21.961812323124054,SH000300
2021-06-08,5276.9711,5319.0406,5201.1404,5232.1165,5277.6271,13055953200.0,304042218266.2,0.467136,1.0,-0.862331,0.0,0.0,0.0,0.0,0.0,1.0,1.0,1.0,23.28763083083049,SH000300
2021-06-09,5224.9496,5253.3555,5215.3506,5236.4493,5232.1165,12182032100.0,255075448703.0,0.435848,1.0,0.082812,0.0,0.0,0.0,0.0,0.0,1.0,1.0,1.0,20.93866167886719,SH000300
2021-06-10,5236.4691,5299.5299,5229.5182,5271.4661,5236.4493,13899196700.0,301454334609.8,0.497096,1.0,0.668713,0.0,0.0,0.0,0.0,0.0,1.0,1.0,1.0,21.688615616886693,SH000300
2021-06-11,5275.7456,5276.1039,5213.5991,5224.703,5271.4661,18080717300.0,365363494541.8,0.646645,1.0,-0.887099,0.0,0.0,0.0,0.0,0.0,1.0,1.0,1.0,20.207356183916442,SH000300
2021-06-15,5218.5648,5225.5021,5137.409,5166.5597,5224.703,14288005800.0,330616618621.5,0.524419,1.0,-1.112854,0.0,0.0,0.0,0.0,0.0,1.0,1.0,1.0,23.139451596632192,SH000300
2021-06-16,5163.2493,5164.5192,5076.0222,5080.4909,5166.5597,12514798500.0,298286772933.4,0.459293,1.0,-1.665882,0.0,0.0,0.0,0.0,0.0,1.0,1.0,1.0,23.834724381171622,SH000300
2021-06-17,5074.3839,5123.3651,5073.8211,5101.8924,5080.4909,12045251800.0,281927280723.3,0.442058,1.0,0.421249,0.0,0.0,0.0,0.0,0.0,1.0,1.0,1.0,23.40567763998923,SH000300
2021-06-18,5104.9297,5128.0309,5064.9208,5102.4657,5101.8924,14858580500.0,356697096115.9,0.544866,1.0,0.011237,0.0,0.0,0.0,0.0,0.0,1.0,1.0,1.0,24.006135452568973,SH000300
2021-06-21,5088.0893,5123.7827,5058.5699,5090.3854,5102.4657,13218451600.0,331527114639.0,0.484722,1.0,-0.236754,0.0,0.0,0.0,0.0,0.0,1.0,1.0,1.0,25.080631580101258,SH000300
2021-06-22,5106.0743,5125.8186,5086.2776,5122.1583,5090.3854,13041675300.0,313690367125.4,0.477776,1.0,0.624175,0.0,0.0,0.0,0.0,0.0,1.0,1.0,1.0,24.052919575861548,SH000300
2021-06-23,5127.191,5171.033,5109.7571,5147.3938,5122.1583,13635605800.0,358765666329.7,0.498788,1.0,0.492673,0.0,0.0,0.0,0.0,0.0,1.0,1.0,1.0,26.31094441947713,SH000300
2021-06-24,5156.5638,5160.4346,5120.5844,5155.9738,5147.3938,12668562500.0,312607422609.3,0.462957,1.0,0.166686,0.0,0.0,0.0,0.0,0.0,1.0,1.0,1.0,24.67584010492903,SH000300
2021-06-25,5159.8017,5251.6076,5157.4758,5239.9684,5155.9738,15493106100.0,368265641241.1,0.566176,1.0,1.629073,0.0,0.0,0.0,0.0,0.0,1.0,1.0,1.0,23.769645600058208,SH000300
2021-06-28,5253.6081,5260.6372,5226.2201,5251.7604,5239.9684,13319378300.0,337452771675.6,0.486717,1.0,0.22504,0.0,0.0,0.0,0.0,0.0,1.0,1.0,1.0,25.335474680195844,SH000300
2021-06-29,5248.5249,5248.5249,5182.6771,5190.5445,5251.7604,12516299700.0,314896843024.3,0.457202,1.0,-1.165626,0.0,0.0,0.0,0.0,0.0,1.0,1.0,1.0,25.158940786972366,SH000300
2021-06-30,5189.3797,5231.4262,5186.625,5224.041,5190.5445,10375267100.0,281015504940.5,0.378993,1.0,0.645337,0.0,0.0,0.0,0.0,0.0,1.0,1.0,1.0,27.08513450612756,SH000300
2021-07-01,5241.2039,5252.2642,5190.8762,5229.6642,5224.041,12724062000.0,324097400267.5,0.464501,1.0,0.107641,0.0,0.0,0.0,0.0,0.0,1.0,1.0,1.0,25.471221396712778,SH000300
2021-07-02,5186.6613,5186.6613,5074.3621,5081.1172,5229.6642,13042642400.0,342578961248.3,0.476164,1.0,-2.840469,0.0,0.0,0.0,0.0,0.0,1.0,1.0,1.0,26.26607022885945,SH000300
2021-07-05,5073.7787,5098.2305,5048.004,5085.7924,5081.1172,13121158900.0,335197786629.8,0.47896,1.0,0.092011,0.0,0.0,0.0,0.0,0.0,1.0,1.0,1.0,25.546355255998005,SH000300
2021-07-06,5089.778,5092.2066,5028.5058,5083.1043,5085.7924,14065522000.0,362828901848.9,0.513432,1.0,-0.052855,0.0,0.0,0.0,0.0,0.0,1.0,1.0,1.0,25.795622931655153,SH000300
2021-07-07,5052.4204,5152.7711,5045.4056,5140.4899,5083.1043,14854906000.0,336731403375.7,0.542243,1.0,1.128948,0.0,0.0,0.0,0.0,0.0,1.0,1.0,1.0,22.668026534513245,SH000300
2021-07-08,5149.3095,5151.2171,5078.9295,5088.2566,5140.4899,17390100800.0,397879869879.7,0.63445,1.0,-1.016115,0.0,0.0,0.0,0.0,0.0,1.0,1.0,1.0,22.87967588317257,SH000300
2021-07-09,5063.148,5081.4086,5006.4115,5069.4361,5088.2566,16065322600.0,352845583768.9,0.586033,1.0,-0.369881,0.0,0.0,0.0,0.0,0.0,1.0,1.0,1.0,21.96318073120424,SH000300
2021-07-12,5108.3783,5159.4115,5070.3188,5132.7088,5069.4361,20621203900.0,437203145943.3,0.752222,1.0,1.248121,0.0,0.0,0.0,0.0,0.0,1.0,1.0,1.0,21.20163051892911,SH000300
2021-07-13,5128.6138,5154.0508,5114.943,5142.0991,5132.7088,16648220900.0,361328491653.3,0.607297,1.0,0.18295,0.0,0.0,0.0,0.0,0.0,1.0,1.0,1.0,21.70373001557782,SH000300
2021-07-14,5130.7522,5130.7522,5075.1252,5083.0849,5142.0991,18835272000.0,372568110291.6,0.686419,1.0,-1.147667,0.0,0.0,0.0,0.0,0.0,1.0,1.0,1.0,19.78034138777502,SH000300
2021-07-15,5073.2634,5153.8056,5067.6767,5151.4626,5083.0849,18107710300.0,372484081122.6,0.659904,1.0,1.345201,0.0,0.0,0.0,0.0,0.0,1.0,1.0,1.0,20.57046832269014,SH000300
2021-07-16,5140.904,5140.904,5090.6321,5094.7727,5151.4626,16995598200.0,362594258079.0,0.619238,1.0,-1.100462,0.0,0.0,0.0,0.0,0.0,1.0,1.0,1.0,21.33459815959876,SH000300
2021-07-19,5083.7276,5120.8235,5047.6234,5113.4945,5094.7727,15319958900.0,340322623792.1,0.558047,1.0,0.367471,0.0,0.0,0.0,0.0,0.0,1.0,1.0,1.0,22.21433007839858,SH000300
2021-07-20,5080.2158,5114.0033,5067.8619,5108.9941,5113.4945,12930004400.0,283543130755.2,0.470884,1.0,-0.08801,0.0,0.0,0.0,0.0,0.0,1.0,1.0,1.0,21.929082309917852,SH000300
2021-07-21,5122.7843,5160.5447,5122.3046,5144.0428,5108.9941,16797646900.0,390275519305.4,0.611733,1.0,0.68602,0.0,0.0,0.0,0.0,0.0,1.0,1.0,1.0,23.233939945802767,SH000300
2021-07-22,5150.3859,5171.2096,5137.8795,5151.7517,5144.0428,18555686400.0,418221654806.0,0.675747,1.0,0.149861,0.0,0.0,0.0,0.0,0.0,1.0,1.0,1.0,22.538732644565496,SH000300
2021-07-23,5145.4308,5145.4308,5079.9973,5089.2282,5151.7517,21653684700.0,435521169695.0,0.788566,1.0,-1.213636,0.0,0.0,0.0,0.0,0.0,1.0,1.0,1.0,20.113028139501818,SH000300
2021-07-26,5067.3072,5067.3072,4859.6031,4925.299,5089.2282,22811171000.0,495153655116.7,0.830721,1.0,-3.221101,0.0,0.0,0.0,0.0,0.0,1.0,1.0,1.0,21.706630278502583,SH000300
2021-07-27,4924.2816,4940.86,4749.0327,4751.313,4925.299,23663122500.0,521146117041.1,0.861561,1.0,-3.532496,0.0,0.0,0.0,0.0,0.0,1.0,1.0,1.0,22.023556571669694,SH000300
2021-07-28,4714.2948,4785.6567,4663.9009,4760.4826,4751.313,19263439300.0,419706155162.8,0.701354,1.0,0.192991,0.0,0.0,0.0,0.0,0.0,1.0,1.0,1.0,21.78770616329141,SH000300
2021-07-29,4845.7603,4857.9709,4800.0125,4850.2746,4760.4826,17332205400.0,415676120877.6,0.63111,1.0,1.886195,0.0,0.0,0.0,0.0,0.0,1.0,1.0,1.0,23.982875305504976,SH000300
2021-07-30,4825.7002,4825.7002,4761.0376,4811.1695,4850.2746,18234977600.0,420943935061.8,0.663978,1.0,-0.806245,0.0,0.0,0.0,0.0,0.0,1.0,1.0,1.0,23.0844229313339,SH000300
2021-08-02,4794.8192,4938.8154,4761.4593,4933.736,4811.1695,22719491800.0,524659449295.5,0.827024,1.0,2.547541,0.0,0.0,0.0,0.0,0.0,1.0,1.0,1.0,23.092921880211247,SH000300
2021-08-03,4909.2325,4957.0291,4890.8495,4934.4583,4933.736,20353336000.0,471194128401.9,0.740892,1.0,0.01464,0.0,0.0,0.0,0.0,0.0,1.0,1.0,1.0,23.15070750081952,SH000300
2021-08-04,4927.7358,4979.2911,4919.6569,4978.8479,4934.4583,17546646100.0,425801406611.8,0.638471,1.0,0.899584,0.0,0.0,0.0,0.0,0.0,1.0,1.0,1.0,24.266825932723403,SH000300
2021-08-05,4946.1668,4997.1397,4921.9382,4948.6703,4978.8479,16738182900.0,398772206808.2,0.609041,1.0,-0.606116,0.0,0.0,0.0,0.0,0.0,1.0,1.0,1.0,23.824103798519253,SH000300
2021-08-06,4943.0427,4944.3486,4891.7968,4921.5647,4948.6703,15417968800.0,371773603785.1,0.561002,1.0,-0.547735,0.0,0.0,0.0,0.0,0.0,1.0,1.0,1.0,24.113007920025105,SH000300
2021-08-09,4890.2573,5002.8944,4884.0392,4985.5627,4921.5647,18243687100.0,408897062935.4,0.6638,1.0,1.300359,0.0,0.0,0.0,0.0,0.0,1.0,1.0,1.0,22.413071474756876,SH000300
2021-08-10,4977.8164,5043.7608,4941.2399,5043.148,4985.5627,16705190200.0,410098755610.3,0.607695,1.0,1.155041,0.0,0.0,0.0,0.0,0.0,1.0,1.0,1.0,24.549182062608303,SH000300
2021-08-11,5037.0819,5059.7887,5009.9782,5015.3406,5043.148,18226607400.0,373386347207.4,0.66304,1.0,-0.55139,0.0,0.0,0.0,0.0,0.0,1.0,1.0,1.0,20.48578427203079,SH000300
2021-08-12,4998.0733,5016.2628,4962.985,4973.3509,5015.3406,16822373300.0,361828381964.4,0.611956,1.0,-0.837225,0.0,0.0,0.0,0.0,0.0,1.0,1.0,1.0,21.508759525886877,SH000300
2021-08-13,4958.7577,4993.7432,4921.2812,4945.9829,4973.3509,15831432100.0,352459069035.5,0.574981,1.0,-0.550293,0.0,0.0,0.0,0.0,0.0,1.0,1.0,1.0,22.263246104911758,SH000300
2021-08-16,4935.9229,4973.3761,4931.3691,4941.0676,4945.9829,16195337300.0,340735120174.7,0.588178,1.0,-0.09938,0.0,0.0,0.0,0.0,0.0,1.0,1.0,1.0,21.03908760052191,SH000300
2021-08-17,4935.0044,4967.5648,4823.3923,4837.4034,4941.0676,18757347200.0,388457131504.0,0.681223,1.0,-2.098012,0.0,0.0,0.0,0.0,0.0,1.0,1.0,1.0,20.70959861019153,SH000300
2021-08-18,4838.4706,4909.5409,4818.9013,4894.2384,4837.4034,19747437800.0,395792165759.8,0.717116,1.0,1.174907,0.0,0.0,0.0,0.0,0.0,1.0,1.0,1.0,20.04270983245229,SH000300
2021-08-19,4886.564,4893.467,4839.5681,4862.1394,4894.2384,20171171900.0,397424964846.0,0.732504,1.0,-0.655853,0.0,0.0,0.0,0.0,0.0,1.0,1.0,1.0,19.70262148457522,SH000300
2021-08-20,4817.4937,4835.153,4720.8257,4769.2678,4862.1394,17763581000.0,404938035667.4,0.645073,1.0,-1.910097,0.0,0.0,0.0,0.0,0.0,1.0,1.0,1.0,22.795968654484703,SH000300
2021-08-23,4777.7347,4843.8193,4764.0089,4835.8782,4769.2678,16757909300.0,389599126282.0,0.608549,1.0,1.396659,0.0,0.0,0.0,0.0,0.0,1.0,1.0,1.0,23.248671377043436,SH000300
2021-08-24,4844.5925,4906.2036,4842.7476,4888.3902,4835.8782,19788316300.0,417481426158.2,0.718596,1.0,1.085883,0.0,0.0,0.0,0.0,0.0,1.0,1.0,1.0,21.097369772596572,SH000300
2021-08-25,4890.5211,4899.7651,4865.7646,4898.1572,4888.3902,18944801600.0,371868197458.6,0.687964,1.0,0.1998,0.0,0.0,0.0,0.0,0.0,1.0,1.0,1.0,19.62903625544434,SH000300
2021-08-26,4892.2044,4892.2044,4798.6954,4801.6094,4898.1572,19761738700.0,368987718505.9,0.717631,1.0,-1.971105,0.0,0.0,0.0,0.0,0.0,1.0,1.0,1.0,18.671824585247656,SH000300
2021-08-27,4794.974,4863.4692,4793.5908,4827.0433,4801.6094,18331021100.0,368421410281.2,0.664411,1.0,0.529695,0.0,0.0,0.0,0.0,0.0,1.0,1.0,1.0,20.09824811566007,SH000300
2021-08-30,4847.0348,4849.1598,4787.1999,4813.2703,4827.0433,21963575700.0,477182071719.8,0.796051,1.0,-0.28533,0.0,0.0,0.0,0.0,0.0,1.0,1.0,1.0,21.726064928480657,SH000300
2021-08-31,4803.0854,4821.7564,4740.7524,4805.6099,4813.2703,23511865800.0,460805653996.0,0.852157,1.0,-0.159152,0.0,0.0,0.0,0.0,0.0,1.0,1.0,1.0,19.598855229770834,SH000300
2021-09-01,4804.6863,4906.4024,4763.2992,4869.4587,4805.6099,32672108000.0,568819748405.8,0.0,1.0,1.328631,0.0,0.0,0.0,0.0,0.0,1.0,1.0,1.0,17.409949440844162,SH000300
2021-09-02,4865.8218,4892.7049,4845.6246,4869.4113,4869.4587,26785801300.0,465954132797.1,0.969481,1.0,-0.000973,0.0,0.0,0.0,0.0,0.0,1.0,1.0,1.0,17.395564447687438,SH000300
2021-09-03,4875.0656,4886.5477,4828.6991,4843.0624,4869.4113,26809189600.0,466430119699.6,0.970328,1.0,-0.541111,0.0,0.0,0.0,0.0,0.0,1.0,1.0,1.0,17.398143198614253,SH000300
2021-09-06,4841.0623,4944.4497,4837.7859,4933.7262,4843.0624,24050724500.0,452756275291.9,0.870488,1.0,1.872035,0.0,0.0,0.0,0.0,0.0,1.0,1.0,1.0,18.825057652292347,SH000300
2021-09-07,4932.9759,5005.9606,4915.6119,4992.8294,4933.7262,24417851900.0,417759639120.9,0.883776,1.0,1.197942,0.0,0.0,0.0,0.0,0.0,1.0,1.0,1.0,17.108779299333044,SH000300
2021-09-08,4986.7953,5013.9764,4955.8876,4972.1324,4992.8294,26461531500.0,428591077708.1,0.957744,1.0,-0.414534,0.0,0.0,0.0,0.0,0.0,1.0,1.0,1.0,16.196760104686305,SH000300
2021-09-09,4952.4924,4970.147,4929.9501,4970.0133,4972.1324,25653021700.0,401675689275.8,0.928481,1.0,-0.04262,0.0,0.0,0.0,0.0,0.0,1.0,1.0,1.0,15.658026332071437,SH000300
2021-09-10,4967.9759,5042.7994,4962.3707,5013.5219,4970.0133,28830435200.0,472762533239.2,1.043443,1.0,0.875422,0.0,0.0,0.0,0.0,0.0,1.0,1.0,1.0,16.3980366567342,SH000300
2021-09-13,5006.7748,5029.7237,4964.9599,4991.6598,5013.5219,24991529800.0,433329627421.1,0.904504,1.0,-0.436063,0.0,0.0,0.0,0.0,0.0,1.0,1.0,1.0,17.339059708985882,SH000300
2021-09-14,4989.8348,5000.9772,4907.3159,4917.1617,4991.6598,24559040200.0,417245830782.2,0.88885,1.0,-1.492451,0.0,0.0,0.0,0.0,0.0,1.0,1.0,1.0,16.98950070460001,SH000300
2021-09-15,4903.8471,4903.8471,4843.1158,4867.3187,4917.1617,18798473000.0,363256653878.3,0.680361,1.0,-1.013654,0.0,0.0,0.0,0.0,0.0,1.0,1.0,1.0,19.323731979629407,SH000300
2021-09-16,4866.7936,4879.5306,4806.1442,4807.6978,4867.3187,21675209900.0,393517267165.6,0.784477,1.0,-1.224923,0.0,0.0,0.0,0.0,0.0,1.0,1.0,1.0,18.155176765582326,SH000300
2021-09-17,4797.1129,4857.958,4786.0876,4855.9402,4807.6978,20195812700.0,360397420086.7,0.73134,1.0,1.003441,0.0,0.0,0.0,0.0,0.0,1.0,1.0,1.0,17.84515559934362,SH000300
2021-09-22,4770.7323,4830.8496,4765.2301,4821.7675,4855.9402,19122037600.0,311952989432.1,0.692035,1.0,-0.70373,0.0,0.0,0.0,0.0,0.0,1.0,1.0,1.0,16.313794374721866,SH000300
2021-09-23,4848.2223,4877.3359,4837.5571,4853.1957,4821.7675,22815106400.0,362140919563.0,0.825688,1.0,0.651798,0.0,0.0,0.0,0.0,0.0,1.0,1.0,1.0,15.872856922683473,SH000300
2021-09-24,4845.638,4897.0596,4838.5352,4849.4277,4853.1957,20769329000.0,361849453197.3,0.75165,1.0,-0.07764,0.0,0.0,0.0,0.0,0.0,1.0,1.0,1.0,17.422298678849952,SH000300
2021-09-27,4870.8482,4922.5626,4852.1997,4877.3698,4849.4277,21596703000.0,426083025417.5,0.781392,1.0,0.576194,0.0,0.0,0.0,0.0,0.0,1.0,1.0,1.0,19.729077416006508,SH000300
2021-09-28,4869.0845,4901.3114,4846.6306,4883.828,4877.3698,17689088000.0,321272191534.0,0.640066,1.0,0.132412,0.0,0.0,0.0,0.0,0.0,1.0,1.0,1.0,18.162168198496158,SH000300
2021-09-29,4846.0212,4868.0678,4799.877,4833.9281,4883.828,18817136600.0,331841767748.9,0.680883,1.0,-1.021737,0.0,0.0,0.0,0.0,0.0,1.0,1.0,1.0,17.63508310551883,SH000300
2021-09-30,4843.9531,4876.0728,4843.9531,4866.3826,4833.9281,14611389600.0,283254685232.2,0.528777,1.0,0.67139,0.0,0.0,0.0,0.0,0.0,1.0,1.0,1.0,19.385882724816263,SH000300
2021-10-08,4915.7305,4937.0918,4891.6249,4929.9409,4866.3826,16896807700.0,343635835306.4,0.611416,1.0,1.306069,0.0,0.0,0.0,0.0,0.0,1.0,1.0,1.0,20.337322967012284,SH000300
2021-10-11,4941.2918,4983.7294,4930.7132,4936.1918,4929.9409,16351162400.0,315186321382.1,0.59169,1.0,0.126795,0.0,0.0,0.0,0.0,0.0,1.0,1.0,1.0,19.276080419952283,SH000300
2021-10-12,4920.6596,4925.4883,4840.77,4883.8369,4936.1918,16807933700.0,299424238601.1,0.608206,1.0,-1.060633,0.0,0.0,0.0,0.0,0.0,1.0,1.0,1.0,17.81445857328078,SH000300
2021-10-13,4880.144,4953.3749,4869.8307,4940.1089,4883.8369,13114281300.0,280044666628.4,0.474548,1.0,1.152209,0.0,0.0,0.0,0.0,0.0,1.0,1.0,1.0,21.354175667133205,SH000300
2021-10-14,4934.2575,4953.9231,4903.2498,4913.6123,4940.1089,11955701300.0,249151666554.2,0.432624,1.0,-0.536357,0.0,0.0,0.0,0.0,0.0,1.0,1.0,1.0,20.83956936547085,SH000300
2021-10-15,4896.5578,4939.8153,4881.0136,4932.1084,4913.6123,14282200100.0,300728491201.2,0.51681,1.0,0.376426,0.0,0.0,0.0,0.0,0.0,1.0,1.0,1.0,21.05617405550844,SH000300
2021-10-18,4922.5137,4922.5137,4844.9383,4874.7753,4932.1084,14124519900.0,302539444437.0,0.511104,1.0,-1.162446,0.0,0.0,0.0,0.0,0.0,1.0,1.0,1.0,21.419449763881886,SH000300
2021-10-19,4869.3907,4928.1433,4868.8106,4922.7232,4874.7753,13526649300.0,282928243806.8,0.48897,1.0,0.983592,0.0,0.0,0.0,0.0,0.0,1.0,1.0,1.0,20.91635833323482,SH000300
2021-10-20,4926.7727,4944.0216,4898.3651,4910.1846,4922.7232,14153318300.0,279747732455.1,0.511625,1.0,-0.254709,0.0,0.0,0.0,0.0,0.0,1.0,1.0,1.0,19.765522581026104,SH000300
2021-10-21,4914.7378,4946.1764,4893.8525,4928.0156,4910.1846,14889815400.0,274802962494.9,0.538253,1.0,0.363143,0.0,0.0,0.0,0.0,0.0,1.0,1.0,1.0,18.455766919373627,SH000300
2021-10-22,4934.8698,4989.887,4934.8698,4959.7254,4928.0156,14392622800.0,289252612199.9,0.52028,1.0,0.64346,0.0,0.0,0.0,0.0,0.0,1.0,1.0,1.0,20.097282908011735,SH000300
2021-10-25,4940.8962,4981.6499,4930.112,4979.5235,4959.7254,14186149000.0,299408232157.6,0.512786,1.0,0.399177,0.0,0.0,0.0,0.0,0.0,1.0,1.0,1.0,21.10567372143067,SH000300
2021-10-26,4983.2383,5002.5746,4953.4787,4963.0984,4979.5235,14088894300.0,301786229740.4,0.509271,1.0,-0.329853,0.0,0.0,0.0,0.0,0.0,1.0,1.0,1.0,21.420150035507046,SH000300
2021-10-27,4949.2269,4949.2269,4884.9418,4898.1644,4963.0984,14711159300.0,299460469414.7,0.53143,1.0,-1.308336,0.0,0.0,0.0,0.0,0.0,1.0,1.0,1.0,20.356007525164927,SH000300
2021-10-28,4882.5858,4898.6576,4846.2779,4864.138,4898.1644,15664947200.0,316631709566.3,0.56586,1.0,-0.694677,0.0,0.0,0.0,0.0,0.0,1.0,1.0,1.0,20.21275306732601,SH000300
2021-10-29,4861.2667,4908.7701,4855.7593,4908.7701,4864.138,15988735300.0,368731987310.2,0.577136,1.0,0.917575,0.0,0.0,0.0,0.0,0.0,1.0,1.0,1.0,23.06198585389052,SH000300
2021-11-01,4878.1276,4908.2056,4858.2485,4890.6851,4908.7701,17158397400.0,379730767559.0,0.619357,1.0,-0.368422,0.0,0.0,0.0,0.0,0.0,1.0,1.0,1.0,22.130899448627993,SH000300
2021-11-02,4886.1849,4911.2266,4797.899,4839.8457,4890.6851,18543768800.0,385731879817.5,0.669313,1.0,-1.039515,0.0,0.0,0.0,0.0,0.0,1.0,1.0,1.0,20.8011588139246,SH000300
2021-11-03,4835.8093,4858.7133,4804.3657,4821.1119,4839.8457,14276382000.0,302269934656.2,0.515288,1.0,-0.387074,0.0,0.0,0.0,0.0,0.0,1.0,1.0,1.0,21.172726721392017,SH000300
2021-11-04,4841.0912,4873.9394,4834.7433,4868.7419,4821.1119,13259297000.0,308688054573.6,0.478578,1.0,0.987946,0.0,0.0,0.0,0.0,0.0,1.0,1.0,1.0,23.280876397413827,SH000300
2021-11-05,4858.8999,4889.6835,4841.7442,4842.3458,4868.7419,14778935900.0,312070841453.0,0.533417,1.0,-0.542154,0.0,0.0,0.0,0.0,0.0,1.0,1.0,1.0,21.1159209001644,SH000300
2021-11-08,4841.1527,4866.0822,4827.6892,4848.1795,4842.3458,13739826400.0,295893824000.4,0.495911,1.0,0.120473,0.0,0.0,0.0,0.0,0.0,1.0,1.0,1.0,21.535484902516675,SH000300
2021-11-09,4858.2525,4870.7905,4818.5386,4846.7444,4848.1795,11837552600.0,261645065376.2,0.427252,1.0,-0.029601,0.0,0.0,0.0,0.0,0.0,1.0,1.0,1.0,22.10296961013715,SH000300
2021-11-10,4832.8006,4832.8006,4753.9959,4821.1925,4846.7444,13511817900.0,301058966270.5,0.487681,1.0,-0.527197,0.0,0.0,0.0,0.0,0.0,1.0,1.0,1.0,22.281159241385275,SH000300
2021-11-11,4814.7655,4898.6529,4809.1109,4898.6529,4821.1925,16048486300.0,323624626069.0,0.579152,1.0,1.606665,0.0,0.0,0.0,0.0,0.0,1.0,1.0,1.0,20.165429936466968,SH000300
2021-11-12,4902.9289,4909.0839,4875.3492,4888.3749,4898.6529,13266296900.0,271773244503.0,0.47875,1.0,-0.209813,0.0,0.0,0.0,0.0,0.0,1.0,1.0,1.0,20.485991422595102,SH000300
2021-11-15,4894.4119,4906.3301,4863.396,4882.3777,4888.3749,12182314900.0,272997748910.2,0.439619,1.0,-0.122683,0.0,0.0,0.0,0.0,0.0,1.0,1.0,1.0,22.40934922066413,SH000300
2021-11-16,4880.8964,4915.3717,4876.5004,4883.3206,4882.3777,12725440600.0,284094590893.0,0.459215,1.0,0.019312,0.0,0.0,0.0,0.0,0.0,1.0,1.0,1.0,22.324931593566983,SH000300
2021-11-17,4883.2481,4891.5232,4864.5198,4885.7544,4883.3206,10845922300.0,246177916948.6,0.38761,1.0,0.049839,0.0,0.0,0.0,0.0,0.0,1.0,1.0,1.0,22.697739310616306,SH000300
2021-11-18,4871.4216,4871.4216,4830.4123,4837.6185,4885.7544,11448056500.0,244484713797.1,0.409128,1.0,-0.98523,0.0,0.0,0.0,0.0,0.0,1.0,1.0,1.0,21.356001675664338,SH000300
2021-11-19,4832.0595,4892.8093,4829.5665,4890.0575,4837.6185,12719831200.0,266280681863.6,0.454579,1.0,1.083984,0.0,0.0,0.0,0.0,0.0,1.0,1.0,1.0,20.934293677073324,SH000300
2021-11-22,4895.3875,4918.9957,4893.2732,4912.399,4890.0575,13809283600.0,316148811480.0,0.493466,1.0,0.456876,0.0,0.0,0.0,0.0,0.0,1.0,1.0,1.0,22.893932852534075,SH000300
2021-11-23,4905.7587,4927.5211,4896.8781,4913.3457,4912.399,15430441100.0,301022146081.1,0.551397,1.0,0.019272,0.0,0.0,0.0,0.0,0.0,1.0,1.0,1.0,19.508330586939604,SH000300
2021-11-24,4914.0266,4935.4885,4899.6112,4916.6579,4913.3457,13715067300.0,289707337708.6,0.4901,1.0,0.067412,0.0,0.0,0.0,0.0,0.0,1.0,1.0,1.0,21.123289545112183,SH000300
2021-11-25,4917.6055,4921.3333,4891.728,4896.4416,4916.6579,11598403100.0,255450994352.1,0.414462,1.0,-0.41118,0.0,0.0,0.0,0.0,0.0,1.0,1.0,1.0,22.02466944368402,SH000300
2021-11-26,4886.9516,4886.9516,4850.8114,4860.1265,4896.4416,12036897400.0,243041335647.2,0.430131,1.0,-0.741663,0.0,0.0,0.0,0.0,0.0,1.0,1.0,1.0,20.191360578283238,SH000300
2021-11-29,4820.0053,4858.5322,4818.7058,4851.423,4860.1265,13362686200.0,285995221656.8,0.477499,1.0,-0.17908,0.0,0.0,0.0,0.0,0.0,1.0,1.0,1.0,21.402524715187877,SH000300
2021-11-30,4857.183,4871.2528,4810.2192,4832.026,4851.423,12963059600.0,279268234018.0,0.463219,1.0,-0.399821,0.0,0.0,0.0,0.0,0.0,1.0,1.0,1.0,21.54338887850211,SH000300
2021-12-01,4831.8885,4844.5242,4823.9254,4843.851,4832.026,12308678900.0,255968912362.1,0.43971,1.0,0.244721,0.0,0.0,0.0,0.0,0.0,1.0,1.0,1.0,20.795807124524146,SH000300
2021-12-02,4839.9137,4866.8505,4830.3228,4856.163,4843.851,14808852100.0,278051726155.7,0.529024,1.0,0.254178,0.0,0.0,0.0,0.0,0.0,1.0,1.0,1.0,18.77604856055656,SH000300
2021-12-03,4856.9802,4901.0175,4853.3505,4901.0175,4856.163,14405962600.0,300052698342.0,0.514491,1.0,0.923661,0.0,0.0,0.0,0.0,0.0,1.0,1.0,1.0,20.828368549422724,SH000300
2021-12-06,4909.4292,4943.9032,4888.6927,4892.6209,4901.0175,17361568300.0,333405791014.9,0.620011,1.0,-0.171324,0.0,0.0,0.0,0.0,0.0,1.0,1.0,1.0,19.203667851532746,SH000300
2021-12-07,4930.8261,4934.0973,4895.2178,4922.1015,4892.6209,17905346000.0,340617766237.8,0.63943,1.0,0.602552,0.0,0.0,0.0,0.0,0.0,1.0,1.0,1.0,19.023244020964466,SH000300
2021-12-08,4934.4056,4995.9298,4915.7898,4995.9298,4922.1015,15749055900.0,329064831238.9,0.559087,1.0,1.499935,0.0,0.0,0.0,0.0,0.0,1.0,1.0,1.0,20.894257619524993,SH000300
2021-12-09,5000.6871,5114.5012,4999.4097,5078.6901,4995.9298,22056877600.0,425680958779.1,0.783013,1.0,1.656555,0.0,0.0,0.0,0.0,0.0,1.0,1.0,1.0,19.29923928938609,SH000300
2021-12-10,5046.2677,5060.0554,5035.8087,5055.1172,5078.6901,19369515400.0,356917625379.5,0.687613,1.0,-0.464153,0.0,0.0,0.0,0.0,0.0,1.0,1.0,1.0,18.42677103731258,SH000300
2021-12-13,5090.0207,5143.841,5079.7276,5083.8007,5055.1172,21180159600.0,426376532477.1,0.751868,1.0,0.567415,0.0,0.0,0.0,0.0,0.0,1.0,1.0,1.0,20.130940490037666,SH000300
2021-12-14,5066.3497,5075.2138,5038.8583,5049.6953,5083.8007,15910779000.0,318685538073.5,0.572325,1.0,-0.670864,0.0,0.0,0.0,0.0,0.0,1.0,1.0,1.0,20.029537087624686,SH000300
2021-12-15,5036.284,5060.368,5003.7776,5005.8991,5049.6953,15052975200.0,291072568760.8,0.541465,1.0,-0.867304,0.0,0.0,0.0,0.0,0.0,1.0,1.0,1.0,19.336547419595828,SH000300
2021-12-16,5006.6105,5034.7321,4987.2247,5034.7321,5005.8991,14405386700.0,291474766866.2,0.518165,1.0,0.57598,0.0,0.0,0.0,0.0,0.0,1.0,1.0,1.0,20.233734292339406,SH000300
2021-12-17,5021.3385,5022.1067,4954.7592,4954.7599,5034.7321,14900539900.0,297943311186.6,0.535975,1.0,-1.58841,0.0,0.0,0.0,0.0,0.0,1.0,1.0,1.0,19.995470847777803,SH000300
2021-12-20,4934.9662,4971.6727,4872.6846,4880.4178,4954.7599,16967569000.0,317536919390.0,0.610326,1.0,-1.500418,0.0,0.0,0.0,0.0,0.0,1.0,1.0,1.0,18.71434378077378,SH000300
2021-12-21,4876.5141,4917.7994,4872.9491,4913.4853,4880.4178,14333989800.0,259023177322.6,0.515596,1.0,0.677555,0.0,0.0,0.0,0.0,0.0,1.0,1.0,1.0,18.070556832864497,SH000300
2021-12-22,4924.5771,4936.6731,4903.1652,4914.4544,4913.4853,13325674000.0,244642450513.7,0.479327,1.0,0.019723,0.0,0.0,0.0,0.0,0.0,1.0,1.0,1.0,18.35872996095357,SH000300
2021-12-23,4924.2912,4948.7389,4906.7473,4948.7389,4914.4544,13955540600.0,263359754800.7,0.501946,1.0,0.697626,0.0,0.0,0.0,0.0,0.0,1.0,1.0,1.0,18.87134023319025,SH000300
2021-12-24,4953.0616,4964.9064,4905.9785,4921.3449,4948.7389,14267332300.0,290483663506.4,0.513158,1.0,-0.553555,0.0,0.0,0.0,0.0,0.0,1.0,1.0,1.0,20.360054521643125,SH000300
2021-12-27,4918.1462,4939.689,4894.1598,4919.3238,4921.3449,12410095200.0,254421525172.7,0.446319,1.0,-0.041068,0.0,0.0,0.0,0.0,0.0,1.0,1.0,1.0,20.501174332063144,SH000300
2021-12-28,4923.6917,4959.1448,4913.5983,4955.9644,4919.3238,13045775700.0,276316732181.2,0.469181,1.0,0.74483,0.0,0.0,0.0,0.0,0.0,1.0,1.0,1.0,21.180552121649615,SH000300
2021-12-29,4958.6455,4958.6455,4883.4804,4883.4804,4955.9644,11358700200.0,273225467112.2,0.408472,1.0,-1.462561,0.0,0.0,0.0,0.0,0.0,1.0,1.0,1.0,24.054289866035905,SH000300
2021-12-30,4882.1561,4940.178,4878.6478,4921.5109,4883.4804,12161717800.0,268022477311.8,0.43735,1.0,0.778758,0.0,0.0,0.0,0.0,0.0,1.0,1.0,1.0,22.03820888787602,SH000300
2021-12-31,4937.463,4950.3639,4923.1392,4940.3733,4921.5109,12131373700.0,266975388723.2,0.436276,1.0,0.383264,0.0,0.0,0.0,0.0,0.0,1.0,1.0,1.0,22.00702041873461,SH000300
2022-01-04,4957.9835,4961.4527,4874.5337,4917.7653,4940.3733,15153477600.0,336516961627.0,0.544952,1.0,-0.457617,0.0,0.0,0.0,0.0,0.0,1.0,1.0,1.0,22.20724314971766,SH000300
2022-01-05,4907.9347,4916.2822,4851.9835,4868.1202,4917.7653,17881610000.0,363944528847.9,0.643041,1.0,-1.009505,0.0,0.0,0.0,0.0,0.0,1.0,1.0,1.0,20.353006739767842,SH000300
2022-01-06,4842.156,4857.5596,4786.433,4818.2318,4868.1202,15766582600.0,321750076549.2,0.566981,1.0,-1.024798,0.0,0.0,0.0,0.0,0.0,1.0,1.0,1.0,20.407090408367885,SH000300
2022-01-07,4824.3181,4856.6522,4818.1931,4822.3689,4818.2318,18713941300.0,332218950735.0,0.672991,1.0,0.085863,0.0,0.0,0.0,0.0,0.0,1.0,1.0,1.0,17.752484386332878,SH000300
2022-01-10,4812.23,4844.3928,4780.8191,4844.0451,4822.3689,15621169600.0,305033816783.5,0.0,1.0,0.449493,0.0,0.0,0.0,0.0,0.0,1.0,1.0,1.0,19.526951220317077,SH000300
2022-01-11,4840.0087,4850.879,4791.8854,4797.7735,4844.0451,14692800400.0,286445756033.7,0.528382,1.0,-0.955226,0.0,0.0,0.0,0.0,0.0,1.0,1.0,1.0,19.49565421399858,SH000300
2022-01-12,4818.8902,4852.7314,4810.919,4845.5787,4797.7735,14320020400.0,293153042845.2,0.514975,1.0,0.996404,0.0,0.0,0.0,0.0,0.0,1.0,1.0,1.0,20.471552040889552,SH000300
2022-01-13,4853.0314,4853.0632,4765.2416,4765.9191,4845.5787,14251965300.0,288799117043.3,0.512059,1.0,-1.643965,0.0,0.0,0.0,0.0,0.0,1.0,1.0,1.0,20.263810005438337,SH000300
2022-01-14,4743.9124,4764.0522,4723.9428,4726.7317,4765.9191,14686312600.0,281828448517.4,0.527665,1.0,-0.822242,0.0,0.0,0.0,0.0,0.0,1.0,1.0,1.0,19.189871289911125,SH000300
2022-01-17,4728.7595,4775.2385,4726.7083,4767.2762,4726.7317,11529569100.0,263788241676.0,0.414195,1.0,0.85777,0.0,0.0,0.0,0.0,0.0,1.0,1.0,1.0,22.879280169802705,SH000300
2022-01-18,4766.7811,4826.3003,4747.92,4813.3472,4767.2762,15087080200.0,282749393138.7,0.541992,1.0,0.966401,0.0,0.0,0.0,0.0,0.0,1.0,1.0,1.0,18.741160608313066,SH000300
2022-01-19,4815.8106,4828.7522,4755.9301,4780.3784,4813.3472,13392736000.0,275534557468.5,0.481122,1.0,-0.684945,0.0,0.0,0.0,0.0,0.0,1.0,1.0,1.0,20.573433051207758,SH000300
2022-01-20,4778.2616,4845.0048,4777.5683,4823.5091,4780.3784,16497131500.0,304344267970.5,0.592603,1.0,0.902244,0.0,0.0,0.0,0.0,0.0,1.0,1.0,1.0,18.44831436122698,SH000300
2022-01-21,4808.7733,4818.3052,4762.5641,4779.3142,4823.5091,13895258500.0,274699155293.8,0.499139,1.0,-0.91624,0.0,0.0,0.0,0.0,0.0,1.0,1.0,1.0,19.76927275543668,SH000300
2022-01-24,4753.9413,4801.0976,4746.4479,4786.7377,4779.3142,11446388000.0,246261594852.9,0.410957,1.0,0.155326,0.0,0.0,0.0,0.0,0.0,1.0,1.0,1.0,21.51434975407963,SH000300
2022-01-25,4761.95,4781.3908,4678.2472,4678.4511,4786.7377,13366758600.0,250555769168.0,0.479887,1.0,-2.262221,0.0,0.0,0.0,0.0,0.0,1.0,1.0,1.0,18.74469171366647,SH000300
2022-01-26,4697.0991,4718.9946,4648.1283,4712.3109,4678.4511,10707084200.0,226553448356.8,0.3844,1.0,0.72374,0.0,0.0,0.0,0.0,0.0,1.0,1.0,1.0,21.159210493254548,SH000300
2022-01-27,4708.0989,4708.4364,4616.0273,4619.8765,4712.3109,12126380400.0,250535654824.4,0.435354,1.0,-1.961551,0.0,0.0,0.0,0.0,0.0,1.0,1.0,1.0,20.660382287232224,SH000300
2022-01-28,4641.8137,4660.519,4559.8331,4563.772,4619.8765,12648011200.0,263967891828.3,0.453829,1.0,-1.214416,0.0,0.0,0.0,0.0,0.0,1.0,1.0,1.0,20.870308197410512,SH000300
2022-02-07,4638.5754,4672.6535,4615.0052,4634.0899,4563.772,14484972000.0,266031793985.3,0.512171,1.0,1.540785,0.0,0.0,0.0,0.0,0.0,1.0,1.0,1.0,18.36605510768678,SH000300
2022-02-08,4626.4365,4626.4365,4522.4709,4608.7729,4634.0899,15583070800.0,281364873762.5,0.558989,1.0,-0.546321,0.0,0.0,0.0,0.0,0.0,1.0,1.0,1.0,18.055804107782144,SH000300
2022-02-09,4608.1491,4659.4611,4595.2826,4652.0609,4608.7729,14833554700.0,273771960506.0,0.532102,1.0,0.939252,0.0,0.0,0.0,0.0,0.0,1.0,1.0,1.0,18.45626122954871,SH000300
2022-02-10,4657.2107,4657.2107,4608.0905,4639.8625,4652.0609,15157666600.0,287224388085.6,0.543717,1.0,-0.262215,0.0,0.0,0.0,0.0,0.0,1.0,1.0,1.0,18.94911635578526,SH000300
2022-02-11,4617.8741,4662.5963,4595.8751,4601.3953,4639.8625,15597458400.0,307938016714.5,0.559292,1.0,-0.829059,0.0,0.0,0.0,0.0,0.0,1.0,1.0,1.0,19.74283301916035,SH000300
2022-02-14,4579.4202,4593.6324,4530.0566,4551.6878,4601.3953,14367389400.0,275737553466.7,0.515096,1.0,-1.08027,0.0,0.0,0.0,0.0,0.0,1.0,1.0,1.0,19.19190367783169,SH000300
2022-02-15,4553.8112,4601.453,4550.543,4600.1025,4551.6878,11502560000.0,249977008675.0,0.41232,1.0,1.063665,0.0,0.0,0.0,0.0,0.0,1.0,1.0,1.0,21.73229339164499,SH000300
2022-02-16,4619.8458,4643.1003,4607.2178,4617.9893,4600.1025,10725895500.0,210190931035.5,0.38432,1.0,0.388835,0.0,0.0,0.0,0.0,0.0,1.0,1.0,1.0,19.596585761580467,SH000300
2022-02-17,4616.8955,4650.1591,4606.9522,4629.1649,4617.9893,11001464300.0,227946249306.5,0.394191,1.0,0.242001,0.0,0.0,0.0,0.0,0.0,1.0,1.0,1.0,20.719628141364783,SH000300
2022-02-18,4604.5669,4651.3415,4598.1003,4651.2358,4629.1649,10455022800.0,195825700477.9,0.374612,1.0,0.476779,0.0,0.0,0.0,0.0,0.0,1.0,1.0,1.0,18.73029874960196,SH000300
2022-02-21,4646.0522,4646.6724,4613.2971,4634.3141,4651.2358,11251651200.0,215039182297.2,0.40259,1.0,-0.363811,0.0,0.0,0.0,0.0,0.0,1.0,1.0,1.0,19.111788881013304,SH000300
2022-02-22,4601.9184,4602.066,4550.804,4574.1527,4634.3141,12331723700.0,246872960668.1,0.441235,1.0,-1.298173,0.0,0.0,0.0,0.0,0.0,1.0,1.0,1.0,20.019339280858198,SH000300
2022-02-23,4582.0064,4625.2979,4579.2945,4623.0465,4574.1527,12295291600.0,259050146194.4,0.439932,1.0,1.068915,0.0,0.0,0.0,0.0,0.0,1.0,1.0,1.0,21.0690526603208,SH000300
2022-02-24,4592.069,4610.8792,4488.4763,4529.3189,4623.0465,18440305800.0,342346666856.5,0.659802,1.0,-2.027399,0.0,0.0,0.0,0.0,0.0,1.0,1.0,1.0,18.565129590014717,SH000300
2022-02-25,4564.6321,4611.8602,4561.8964,4573.4247,4529.3189,14972258300.0,271727599672.0,0.535696,1.0,0.973784,0.0,0.0,0.0,0.0,0.0,1.0,1.0,1.0,18.148738435269983,SH000300
2022-02-28,4563.7427,4581.6459,4530.6764,4581.6459,4573.4247,13540697800.0,248363727482.7,0.484475,1.0,0.17976,0.0,0.0,0.0,0.0,0.0,1.0,1.0,1.0,18.34201834728931,SH000300
2022-03-01,4597.855,4623.4312,4583.917,4619.6862,4581.6459,12313922000.0,260431185063.7,0.440578,1.0,0.830276,0.0,0.0,0.0,0.0,0.0,1.0,1.0,1.0,21.149328789292316,SH000300
2022-03-02,4594.017,4594.017,4558.4416,4578.6007,4619.6862,11329832500.0,215299655365.1,0.405369,1.0,-0.889357,0.0,0.0,0.0,0.0,0.0,1.0,1.0,1.0,19.002898353978313,SH000300
2022-03-03,4595.0249,4599.3973,4544.4313,4551.6283,4578.6007,13828587700.0,242701771996.2,0.494769,1.0,-0.589097,0.0,0.0,0.0,0.0,0.0,1.0,1.0,1.0,17.550727323817746,SH000300
2022-03-04,4513.3636,4539.3925,4481.4927,4496.4301,4551.6283,12726680600.0,249970282271.0,0.455342,1.0,-1.212713,0.0,0.0,0.0,0.0,0.0,1.0,1.0,1.0,19.64143598221519,SH000300
2022-03-07,4462.5174,4462.5174,4338.3042,4352.7775,4496.4301,16219770600.0,306898527658.4,0.580322,1.0,-3.194814,0.0,0.0,0.0,0.0,0.0,1.0,1.0,1.0,18.921261910966855,SH000300
2022-03-08,4361.6424,4383.6467,4252.5386,4265.391,4352.7775,16786327700.0,315176698370.9,0.600597,1.0,-2.007603,0.0,0.0,0.0,0.0,0.0,1.0,1.0,1.0,18.77579801869947,SH000300
2022-03-09,4280.9789,4304.482,4068.193,4226.3463,4265.391,19423290000.0,341009391865.7,0.694783,1.0,-0.915384,0.0,0.0,0.0,0.0,0.0,1.0,1.0,1.0,17.556726582659273,SH000300
2022-03-10,4326.2035,4335.6731,4288.5078,4292.8374,4226.3463,14526638300.0,301636182195.2,0.519465,1.0,1.573253,0.0,0.0,0.0,0.0,0.0,1.0,1.0,1.0,20.764348637716132,SH000300
2022-03-11,4231.1961,4316.044,4176.4522,4306.5217,4292.8374,15239992100.0,295008832432.0,0.544892,1.0,0.318771,0.0,0.0,0.0,0.0,0.0,1.0,1.0,1.0,19.357544970905856,SH000300
2022-03-14,4248.1526,4280.3609,4174.7577,4174.7577,4306.5217,13018723600.0,260691659460.8,0.465472,1.0,-3.059639,0.0,0.0,0.0,0.0,0.0,1.0,1.0,1.0,20.024363944618962,SH000300
2022-03-15,4125.4866,4163.4176,3983.812,3983.812,4174.7577,20252469900.0,346988947367.8,0.724105,1.0,-4.573815,0.0,0.0,0.0,0.0,0.0,1.0,1.0,1.0,17.133166921423246,SH000300
2022-03-16,4053.099,4168.5853,3942.861,4156.081,3983.812,19602198200.0,378883588290.3,0.700855,1.0,4.324225,0.0,0.0,0.0,0.0,0.0,1.0,1.0,1.0,19.328627556183978,SH000300
2022-03-17,4237.6722,4302.7426,4217.8038,4237.6956,4156.081,17940734400.0,385039197285.7,0.64146,1.0,1.963739,0.0,0.0,0.0,0.0,0.0,1.0,1.0,1.0,21.461729977213196,SH000300
2022-03-18,4218.4736,4283.3679,4194.9402,4265.9017,4237.6956,14945830500.0,275791291072.6,0.534379,1.0,0.6656,0.0,0.0,0.0,0.0,0.0,1.0,1.0,1.0,18.452724395114743,SH000300
2022-03-21,4280.1397,4287.8166,4223.024,4258.7459,4265.9017,12703636000.0,251214543321.0,0.454195,1.0,-0.167744,0.0,0.0,0.0,0.0,0.0,1.0,1.0,1.0,19.775011132324636,SH000300
2022-03-22,4252.5658,4283.3344,4236.6888,4255.295,4258.7459,12638247000.0,226213533984.5,0.45185,1.0,-0.081031,0.0,0.0,0.0,0.0,0.0,1.0,1.0,1.0,17.899122717296155,SH000300
2022-03-23,4269.6088,4287.5771,4241.957,4276.5174,4255.295,11708907800.0,226390778403.3,0.41866,1.0,0.498729,0.0,0.0,0.0,0.0,0.0,1.0,1.0,1.0,19.334918531282653,SH000300
2022-03-24,4249.5328,4273.9568,4216.8506,4251.3061,4276.5174,10891827200.0,219594430540.4,0.389205,1.0,-0.589529,0.0,0.0,0.0,0.0,0.0,1.0,1.0,1.0,20.16139500821313,SH000300
2022-03-25,4249.0731,4254.8449,4173.93,4174.5742,4251.3061,10880804600.0,217013187264.8,0.388811,1.0,-1.804902,0.0,0.0,0.0,0.0,0.0,1.0,1.0,1.0,19.94459005952556,SH000300
2022-03-28,4128.8379,4174.1206,4091.2978,4148.4663,4174.5742,11844902100.0,213468973997.5,0.423222,1.0,-0.625403,0.0,0.0,0.0,0.0,0.0,1.0,1.0,1.0,18.022012524485113,SH000300
2022-03-29,4155.4182,4177.2134,4124.7179,4134.1441,4148.4663,10026697200.0,199463853668.2,0.358217,1.0,-0.345241,0.0,0.0,0.0,0.0,0.0,1.0,1.0,1.0,19.89327589031012,SH000300
2022-03-30,4162.1666,4254.0989,4160.7351,4254.0989,4134.1441,13834602400.0,268869181171.3,0.494262,1.0,2.901563,0.0,0.0,0.0,0.0,0.0,1.0,1.0,1.0,19.434543429401337,SH000300
2022-03-31,4234.7159,4247.3602,4214.5352,4222.5968,4254.0989,13402918500.0,238877216805.6,0.478837,1.0,-0.740512,0.0,0.0,0.0,0.0,0.0,1.0,1.0,1.0,17.822776196512724,SH000300
2022-04-01,4198.8191,4290.671,4190.0835,4276.158,4222.5968,13380305300.0,244758870755.2,0.478029,1.0,1.268442,0.0,0.0,0.0,0.0,0.0,1.0,1.0,1.0,18.29247279994426,SH000300
2022-04-06,4258.8325,4277.5238,4236.7283,4263.8411,4276.158,15906219500.0,253690929897.9,0.568263,1.0,-0.288037,0.0,0.0,0.0,0.0,0.0,1.0,1.0,1.0,15.949165664279937,SH000300
2022-04-07,4240.0237,4278.1127,4205.743,4209.0998,4263.8411,13488035300.0,216996185503.7,0.48187,1.0,-1.283849,0.0,0.0,0.0,0.0,0.0,1.0,1.0,1.0,16.08804994035714,SH000300
2022-04-08,4213.2107,4237.8126,4175.5287,4230.7669,4209.0998,14284379300.0,229081764759.3,0.510109,1.0,0.514768,0.0,0.0,0.0,0.0,0.0,1.0,1.0,1.0,16.03722219552795,SH000300
2022-04-11,4203.7902,4203.7902,4089.0934,4100.0703,4230.7669,14819707100.0,265224932471.5,0.529189,1.0,-3.089194,0.0,0.0,0.0,0.0,0.0,1.0,1.0,1.0,17.896772903932764,SH000300
2022-04-12,4102.9711,4179.9727,4075.796,4179.9727,4100.0703,14428568400.0,252830412756.4,0.515028,1.0,1.948806,0.0,0.0,0.0,0.0,0.0,1.0,1.0,1.0,17.52290357208273,SH000300
2022-04-13,4154.4121,4194.0374,4139.737,4139.737,4179.9727,12509748900.0,221281029559.7,0.446535,1.0,-0.962583,0.0,0.0,0.0,0.0,0.0,1.0,1.0,1.0,17.688686745718773,SH000300
2022-04-14,4172.6443,4217.0612,4155.5509,4191.5684,4139.737,12479131600.0,245993822040.5,0.445439,1.0,1.252046,0.0,0.0,0.0,0.0,0.0,1.0,1.0,1.0,19.712415088282263,SH000300
2022-04-15,4162.3718,4211.3174,4152.974,4188.7472,4191.5684,12476226300.0,226229740275.2,0.445335,1.0,-0.067307,0.0,0.0,0.0,0.0,0.0,1.0,1.0,1.0,18.132866047420126,SH000300
2022-04-18,4152.9306,4171.7427,4119.9941,4166.3844,4188.7472,11750461000.0,212855328186.8,0.419429,1.0,-0.533878,0.0,0.0,0.0,0.0,0.0,1.0,1.0,1.0,18.11463636931351,SH000300
2022-04-19,4161.9328,4186.9389,4115.4184,4134.9017,4166.3844,11021747100.0,208570579128.8,0.393418,1.0,-0.755636,0.0,0.0,0.0,0.0,0.0,1.0,1.0,1.0,18.92354970917451,SH000300
2022-04-20,4130.5427,4136.1661,4060.5044,4070.7889,4134.9017,11733165800.0,216536635695.2,0.418535,1.0,-1.550528,0.0,0.0,0.0,0.0,0.0,1.0,1.0,1.0,18.455090415171668,SH000300
2022-04-21,4048.7338,4086.4393,3978.3669,3995.83,4070.7889,13278382800.0,227026679682.4,0.473643,1.0,-1.841385,0.0,0.0,0.0,0.0,0.0,1.0,1.0,1.0,17.09746458600365,SH000300
2022-04-22,3967.2016,4037.084,3953.7217,4013.2498,3995.83,12210181100.0,206371766715.6,0.435536,1.0,0.435949,0.0,0.0,0.0,0.0,0.0,1.0,1.0,1.0,16.9016139093629,SH000300
2022-04-25,3933.4459,3958.2102,3814.9127,3814.9127,4013.2498,16836450200.0,272889272275.2,0.60055,1.0,-4.942057,0.0,0.0,0.0,0.0,0.0,1.0,1.0,1.0,16.2082427728857,SH000300
2022-04-26,3822.4887,3871.8498,3773.8986,3784.1198,3814.9127,15757761100.0,259626354225.4,0.562076,1.0,-0.807172,0.0,0.0,0.0,0.0,0.0,1.0,1.0,1.0,16.476094070584683,SH000300
2022-04-27,3758.0835,3895.731,3757.0859,3895.5361,3784.1198,17273404600.0,296924102939.0,0.616135,1.0,2.944312,0.0,0.0,0.0,0.0,0.0,1.0,1.0,1.0,17.189668731490258,SH000300
2022-04-28,3883.4196,3943.4349,3873.5781,3921.1073,3895.5361,15305658600.0,268502242452.9,0.545947,1.0,0.656423,0.0,0.0,0.0,0.0,0.0,1.0,1.0,1.0,17.542678134275125,SH000300
2022-04-29,3939.6238,4017.4281,3898.5701,4016.241,3921.1073,17945837700.0,321414877428.2,0.639684,1.0,2.426195,0.0,0.0,0.0,0.0,0.0,1.0,1.0,1.0,17.91027439349906,SH000300
2022-05-05,3995.3533,4039.7,3988.9312,4010.2102,4016.241,15417071600.0,290538230662.9,0.549487,1.0,-0.15016,0.0,0.0,0.0,0.0,0.0,1.0,1.0,1.0,18.8452280822838,SH000300
2022-05-06,3928.8548,3947.2378,3902.051,3908.815,4010.2102,12300555100.0,214825174047.3,0.43841,1.0,-2.528426,0.0,0.0,0.0,0.0,0.0,1.0,1.0,1.0,17.464673122540624,SH000300
2022-05-09,3883.9514,3914.1116,3854.9353,3877.4364,3908.815,9293669400.0,171756502863.8,0.33124,1.0,-0.802765,0.0,0.0,0.0,0.0,0.0,1.0,1.0,1.0,18.481021378251306,SH000300
2022-05-10,3820.6278,3932.6823,3808.5699,3919.8684,3877.4364,13641691800.0,239060211932.9,0.48621,1.0,1.094331,0.0,0.0,0.0,0.0,0.0,1.0,1.0,1.0,17.52423492905037,SH000300
2022-05-11,3917.9322,4033.3026,3916.5249,3976.4231,3919.8684,16563225600.0,309294912796.8,0.590344,1.0,1.44277,0.0,0.0,0.0,0.0,0.0,1.0,1.0,1.0,18.673591742709824,SH000300
2022-05-12,3949.949,3985.9268,3935.5886,3958.74,3976.4231,11337606600.0,202029156415.1,0.404093,1.0,-0.444699,0.0,0.0,0.0,0.0,0.0,1.0,1.0,1.0,17.819383185786318,SH000300
2022-05-13,3983.8201,4003.8539,3957.1392,3988.6002,3958.74,10996835700.0,195727044922.1,0.391947,1.0,0.754285,0.0,0.0,0.0,0.0,0.0,1.0,1.0,1.0,17.798487697883857,SH000300
2022-05-16,4014.9955,4018.0283,3947.7461,3956.5378,3988.6002,11242529400.0,199717909541.0,0.400565,1.0,-0.803851,0.0,0.0,0.0,0.0,0.0,1.0,1.0,1.0,17.764499645515716,SH000300
2022-05-17,3961.7605,4005.8934,3955.1018,4005.8934,3956.5378,10966145400.0,210117539690.9,0.390717,1.0,1.247444,0.0,0.0,0.0,0.0,0.0,1.0,1.0,1.0,19.160564813494084,SH000300
2022-05-18,4015.0134,4017.341,3964.7503,3991.9069,4005.8934,10807423300.0,201800666052.1,0.384678,1.0,-0.349148,0.0,0.0,0.0,0.0,0.0,1.0,1.0,1.0,18.6724125122498,SH000300
2022-05-19,3938.2964,3999.5984,3933.7452,3999.5984,3991.9069,11629342000.0,210206681641.5,0.413835,1.0,0.192677,0.0,0.0,0.0,0.0,0.0,1.0,1.0,1.0,18.075543882147418,SH000300
2022-05-20,4020.8162,4077.6016,4020.8162,4077.5998,3999.5984,14706917300.0,265609089942.6,0.523352,1.0,1.950231,0.0,0.0,0.0,0.0,0.0,1.0,1.0,1.0,18.06014710795987,SH000300
2022-05-23,4080.9694,4080.9694,4029.0846,4053.9823,4077.5998,13047781000.0,225981540919.1,0.464307,1.0,-0.579201,0.0,0.0,0.0,0.0,0.0,1.0,1.0,1.0,17.319538158948255,SH000300
2022-05-24,4052.8675,4055.783,3959.1541,3959.1541,4053.9823,14555433600.0,247713039712.6,0.517957,1.0,-2.339137,0.0,0.0,0.0,0.0,0.0,1.0,1.0,1.0,17.01859570247361,SH000300
2022-05-25,3959.7672,3983.6236,3946.8083,3983.1784,3959.1541,10773401500.0,188700537391.3,0.383265,1.0,0.606804,0.0,0.0,0.0,0.0,0.0,1.0,1.0,1.0,17.515409352496516,SH000300
2022-05-26,3987.6815,4015.7468,3938.2389,3993.0446,3983.1784,12626368900.0,216987025401.0,0.449065,1.0,0.247697,0.0,0.0,0.0,0.0,0.0,1.0,1.0,1.0,17.185227765759322,SH000300
2022-05-27,4022.7095,4051.1428,3983.3838,4001.2988,3993.0446,11276933700.0,206944426227.2,0.401066,1.0,0.206714,0.0,0.0,0.0,0.0,0.0,1.0,1.0,1.0,18.35112555704748,SH000300
2022-05-30,4020.8584,4040.819,4003.3768,4029.0179,4001.2988,11115224100.0,211144721615.5,0.395315,1.0,0.692753,0.0,0.0,0.0,0.0,0.0,1.0,1.0,1.0,18.995993217581642,SH000300
2022-05-31,4031.7621,4096.1971,4020.3781,4091.5176,4029.0179,13541551300.0,267770088726.0,0.481606,1.0,1.551239,0.0,0.0,0.0,0.0,0.0,1.0,1.0,1.0,19.773959629425914,SH000300
2022-06-01,4086.6177,4094.9008,4058.8468,4083.1772,4091.5176,11485087900.0,225416237873.3,0.408368,1.0,-0.203846,0.0,0.0,0.0,0.0,0.0,1.0,1.0,1.0,19.62686222656598,SH000300
2022-06-02,4063.9996,4091.152,4057.9135,4089.5682,4083.1772,11389363800.0,222657537906.0,0.404918,1.0,0.15652,0.0,0.0,0.0,0.0,0.0,1.0,1.0,1.0,19.549602753579617,SH000300
2022-06-06,4090.5286,4166.6151,4063.9057,4166.085,4089.5682,16787101100.0,324075626903.1,0.596359,1.0,1.871024,0.0,0.0,0.0,0.0,0.0,1.0,1.0,1.0,19.305038134493632,SH000300
2022-06-07,4165.6899,4198.0863,4155.1683,4179.1285,4166.085,14299288100.0,285733722332.6,0.50798,1.0,0.313088,0.0,0.0,0.0,0.0,0.0,1.0,1.0,1.0,19.98237397095314,SH000300
2022-06-08,4187.1483,4224.8096,4158.0329,4219.8122,4179.1285,15737405700.0,319480252836.5,0.558992,1.0,0.973497,0.0,0.0,0.0,0.0,0.0,1.0,1.0,1.0,20.300693705602317,SH000300
2022-06-09,4211.7225,4227.4484,4160.8814,4175.6747,4219.8122,16844915400.0,285172804211.6,0.598263,1.0,-1.045959,0.0,0.0,0.0,0.0,0.0,1.0,1.0,1.0,16.92931056285388,SH000300
2022-06-10,4145.6505,4241.3541,4140.2203,4238.9936,4175.6747,18479621400.0,324091440663.3,0.65628,1.0,1.516375,0.0,0.0,0.0,0.0,0.0,1.0,1.0,1.0,17.53777491693093,SH000300
2022-06-13,4194.4574,4218.2327,4156.7146,4189.3527,4238.9936,16847562200.0,336585670508.0,0.603981,1.0,-1.171054,0.0,0.0,0.0,0.0,0.0,1.0,1.0,1.0,19.978301104476706,SH000300
2022-06-14,4143.2232,4224.0857,4102.929,4222.3114,4189.3527,17138590400.0,335418557931.6,0.614345,1.0,0.786725,0.0,0.0,0.0,0.0,0.0,1.0,1.0,1.0,19.57095362589446,SH000300
2022-06-15,4228.2926,4348.4226,4228.2926,4278.2178,4222.3114,25704659000.0,459766820664.8,0.921405,1.0,1.324071,0.0,0.0,0.0,0.0,0.0,1.0,1.0,1.0,17.88651701875524,SH000300
2022-06-16,4282.0827,4302.9212,4241.075,4250.0614,4278.2178,18407441600.0,337235911542.4,0.659775,1.0,-0.658134,0.0,0.0,0.0,0.0,0.0,1.0,1.0,1.0,18.32062917110654,SH000300
2022-06-17,4219.2339,4318.7655,4218.6817,4309.0444,4250.0614,15864909800.0,346675726828.8,0.568562,1.0,1.387815,0.0,0.0,0.0,0.0,0.0,1.0,1.0,1.0,21.851730088550518,SH000300
2022-06-20,4322.8324,4368.3555,4297.8912,4330.4328,4309.0444,16566638200.0,359569296859.8,0.593674,1.0,0.496361,0.0,0.0,0.0,0.0,0.0,1.0,1.0,1.0,21.70442141120701,SH000300
2022-06-21,4327.9159,4357.3396,4287.1406,4325.5657,4330.4328,16466761500.0,317163317740.3,0.590094,1.0,-0.112393,0.0,0.0,0.0,0.0,0.0,1.0,1.0,1.0,19.26081930197993,SH000300
2022-06-22,4331.902,4333.1827,4269.2456,4270.6227,4325.5657,15856585400.0,298656263311.3,0.568048,1.0,-1.270192,0.0,0.0,0.0,0.0,0.0,1.0,1.0,1.0,18.834840905362892,SH000300
2022-06-23,4277.9555,4343.8781,4260.9002,4343.8781,4270.6227,17088236000.0,327144780543.7,0.612171,1.0,1.715333,0.0,0.0,0.0,0.0,0.0,1.0,1.0,1.0,19.144444197967537,SH000300
2022-06-24,4354.553,4400.6852,4346.1221,4394.7723,4343.8781,16897219900.0,356054750521.5,0.605328,1.0,1.17163,0.0,0.0,0.0,0.0,0.0,1.0,1.0,1.0,21.071794805812996,SH000300
2022-06-27,4414.3321,4472.6948,4414.3321,4444.2639,4394.7723,17738567600.0,381432966327.9,0.635069,1.0,1.126147,0.0,0.0,0.0,0.0,0.0,1.0,1.0,1.0,21.503030849452582,SH000300
2022-06-28,4442.5811,4497.8949,4407.3519,4490.5166,4444.2639,17475648900.0,361685970663.6,0.624813,1.0,1.040728,0.0,0.0,0.0,0.0,0.0,1.0,1.0,1.0,20.696568850361828,SH000300
2022-06-29,4472.7346,4503.1307,4413.9961,4421.357,4490.5166,18727668800.0,395926107698.5,0.669577,1.0,-1.540126,0.0,0.0,0.0,0.0,0.0,1.0,1.0,1.0,21.141238235615315,SH000300
2022-06-30,4418.0656,4514.9968,4418.0656,4485.0108,4421.357,15666628900.0,354343886760.3,0.560103,1.0,1.439689,0.0,0.0,0.0,0.0,0.0,1.0,1.0,1.0,22.617749422806586,SH000300
2022-07-01,4489.5204,4500.9853,4449.2914,4466.7179,4485.0108,14477959900.0,318492130199.6,0.517526,1.0,-0.407867,0.0,0.0,0.0,0.0,0.0,1.0,1.0,1.0,21.998412234834273,SH000300
2022-07-04,4447.2159,4496.0338,4427.8232,4496.0303,4466.7179,14634565100.0,356968521261.0,0.522813,1.0,0.65624,0.0,0.0,0.0,0.0,0.0,1.0,1.0,1.0,24.39215096736971,SH000300
2022-07-05,4505.4572,4530.3245,4439.4511,4489.5383,4496.0303,15496241500.0,361891850839.3,0.553155,1.0,-0.144394,0.0,0.0,0.0,0.0,0.0,1.0,1.0,1.0,23.353524197419095,SH000300
2022-07-06,4475.4815,4484.3615,4393.4165,4423.9698,4489.5383,14980023500.0,344672707728.0,0.534727,1.0,-1.460473,0.0,0.0,0.0,0.0,0.0,1.0,1.0,1.0,23.00882289857556,SH000300
2022-07-07,4425.2814,4457.3431,4391.1938,4443.4736,4423.9698,13266090600.0,328133133656.5,0.473595,1.0,0.440866,0.0,0.0,0.0,0.0,0.0,1.0,1.0,1.0,24.734727324755344,SH000300
2022-07-08,4468.0627,4479.4937,4426.8856,4428.781,4443.4736,12319573900.0,304031107302.5,0.439796,1.0,-0.330656,0.0,0.0,0.0,0.0,0.0,1.0,1.0,1.0,24.678703157298322,SH000300
2022-07-11,4406.1476,4406.1476,4330.5819,4354.6167,4428.781,13444857800.0,299195233430.3,0.479737,1.0,-1.674598,0.0,0.0,0.0,0.0,0.0,1.0,1.0,1.0,22.253506722123902,SH000300
2022-07-12,4352.6456,4370.3411,4296.6215,4313.6184,4354.6167,13018783800.0,291072311850.2,0.464489,1.0,-0.94149,0.0,0.0,0.0,0.0,0.0,1.0,1.0,1.0,22.35787277227847,SH000300
2022-07-13,4313.3589,4341.4663,4284.9419,4321.4617,4313.6184,13111317900.0,286075545406.5,0.467791,1.0,0.181826,0.0,0.0,0.0,0.0,0.0,1.0,1.0,1.0,21.81897713017087,SH000300
2022-07-14,4308.8229,4352.0978,4292.7595,4322.0742,4321.4617,14525092600.0,301569861036.8,0.518232,1.0,0.014173,0.0,0.0,0.0,0.0,0.0,1.0,1.0,1.0,20.76199232194912,SH000300
2022-07-15,4299.4714,4344.8572,4248.5273,4248.5273,4322.0742,15021445300.0,316793192669.9,0.535941,1.0,-1.701658,0.0,0.0,0.0,0.0,0.0,1.0,1.0,1.0,21.089394951223504,SH000300
2022-07-18,4262.1539,4300.7777,4217.5064,4292.5858,4248.5273,12260119200.0,281055128639.5,0.43731,1.0,1.03703,0.0,0.0,0.0,0.0,0.0,1.0,1.0,1.0,22.9243389933354,SH000300
2022-07-19,4288.4441,4288.4441,4238.8238,4269.3401,4292.5858,10380573000.0,231117731807.1,0.370271,1.0,-0.541531,0.0,0.0,0.0,0.0,0.0,1.0,1.0,1.0,22.264448389034015,SH000300
2022-07-20,4291.2808,4303.3668,4269.9717,4283.8027,4269.3401,9449014400.0,212301881407.6,0.337035,1.0,0.338755,0.0,0.0,0.0,0.0,0.0,1.0,1.0,1.0,22.46815090128342,SH000300
2022-07-21,4270.3624,4283.1471,4236.0499,4236.0578,4283.8027,11715634400.0,239228146811.6,0.417869,1.0,-1.114545,0.0,0.0,0.0,0.0,0.0,1.0,1.0,1.0,20.419564032452225,SH000300
2022-07-22,4251.7867,4275.4696,4207.3135,4238.2341,4236.0578,10384062400.0,224295333457.3,0.370259,1.0,0.051376,0.0,0.0,0.0,0.0,0.0,1.0,1.0,1.0,21.599960094355747,SH000300
2022-07-25,4233.9277,4234.8448,4201.919,4212.6441,4238.2341,8363666400.0,188136426672.8,0.0,1.0,-0.603789,0.0,0.0,0.0,0.0,0.0,1.0,1.0,1.0,22.494491969789706,SH000300
2022-07-26,4220.0911,4259.9854,4214.5343,4245.9758,4212.6441,8582327400.0,197601406373.7,0.306015,1.0,0.79123,0.0,0.0,0.0,0.0,0.0,1.0,1.0,1.0,23.024221422000284,SH000300
2022-07-27,4236.154,4242.0951,4217.2809,4225.0357,4245.9758,7890494000.0,194245303807.0,0.281318,1.0,-0.493175,0.0,0.0,0.0,0.0,0.0,1.0,1.0,1.0,24.617635322579297,SH000300
2022-07-28,4242.2743,4267.9181,4223.029,4225.6733,4225.0357,10753193000.0,243871486472.0,0.383343,1.0,0.015091,0.0,0.0,0.0,0.0,0.0,1.0,1.0,1.0,22.6789834863003,SH000300
2022-07-29,4226.4245,4243.5143,4160.8735,4170.1019,4225.6733,11417928600.0,253198574647.5,0.40704,1.0,-1.31509,0.0,0.0,0.0,0.0,0.0,1.0,1.0,1.0,22.175526184977194,SH000300
2022-08-01,4160.6478,4196.5743,4129.4528,4188.6784,4170.1019,10774902900.0,251125308597.5,0.0,1.0,0.445469,0.0,0.0,0.0,0.0,0.0,1.0,1.0,1.0,23.306503170204902,SH000300
2022-08-02,4144.3765,4144.3765,4071.431,4107.024,4188.6784,14222442500.0,281013555279.9,0.50677,1.0,-1.949407,0.0,0.0,0.0,0.0,0.0,1.0,1.0,1.0,19.758459581038913,SH000300
2022-08-03,4114.8251,4150.9804,4058.1792,4066.9754,4107.024,11666612400.0,268695834765.4,0.415701,1.0,-0.975125,0.0,0.0,0.0,0.0,0.0,1.0,1.0,1.0,23.03117867920254,SH000300
2022-08-04,4089.4419,4108.1591,4064.6594,4101.5367,4066.9754,8953264400.0,216898674902.2,0.31902,1.0,0.849804,0.0,0.0,0.0,0.0,0.0,1.0,1.0,1.0,24.22565281353693,SH000300
2022-08-05,4109.6287,4159.485,4097.8625,4156.9111,4101.5367,10257100400.0,247325902015.1,0.365475,1.0,1.350089,0.0,0.0,0.0,0.0,0.0,1.0,1.0,1.0,24.112652930169233,SH000300
2022-08-08,4142.1111,4155.7301,4135.0809,4148.0746,4156.9111,9020813800.0,224080812054.7,0.321425,1.0,-0.212574,0.0,0.0,0.0,0.0,0.0,1.0,1.0,1.0,24.84042094458263,SH000300
2022-08-09,4143.666,4161.8086,4131.4252,4156.2907,4148.0746,8413695900.0,214223692260.1,0.299766,1.0,0.19807,0.0,0.0,0.0,0.0,0.0,1.0,1.0,1.0,25.46130675582178,SH000300
2022-08-10,4149.2071,4160.7871,4092.5455,4109.7373,4156.2907,8556583900.0,217447368470.0,0.304857,1.0,-1.120071,0.0,0.0,0.0,0.0,0.0,1.0,1.0,1.0,25.412871656643254,SH000300
2022-08-11,4130.741,4193.8115,4116.0558,4193.5428,4109.7373,12138505100.0,269630998406.8,0.432475,1.0,2.039194,0.0,0.0,0.0,0.0,0.0,1.0,1.0,1.0,22.21286692105109,SH000300
2022-08-12,4185.4203,4202.4663,4175.0501,4191.152,4193.5428,10680829500.0,219208055254.9,0.38054,1.0,-0.057011,0.0,0.0,0.0,0.0,0.0,1.0,1.0,1.0,20.523504776000777,SH000300
2022-08-15,4180.0006,4219.9183,4174.3,4185.6794,4191.152,10589849500.0,245539800985.4,0.37727,1.0,-0.130575,0.0,0.0,0.0,0.0,0.0,1.0,1.0,1.0,23.186335271846875,SH000300
2022-08-16,4190.5269,4208.8006,4170.5197,4177.837,4185.6794,9390613900.0,233818584731.5,0.334547,1.0,-0.187363,0.0,0.0,0.0,0.0,0.0,1.0,1.0,1.0,24.899179885513128,SH000300
2022-08-17,4182.5668,4222.7866,4155.1734,4216.9586,4177.837,11286465900.0,252044325051.7,0.402088,1.0,0.936408,0.0,0.0,0.0,0.0,0.0,1.0,1.0,1.0,22.331554207034817,SH000300
2022-08-18,4205.7851,4211.9141,4173.541,4180.0996,4216.9586,10105265000.0,233115491389.8,0.35995,1.0,-0.874066,0.0,0.0,0.0,0.0,0.0,1.0,1.0,1.0,23.068716296880883,SH000300
2022-08-19,4174.5458,4185.6579,4151.0738,4151.0738,4180.0996,11740297800.0,262494128152.3,0.417646,1.0,-0.694381,0.0,0.0,0.0,0.0,0.0,1.0,1.0,1.0,22.358387548934235,SH000300
2022-08-22,4135.1623,4183.6498,4134.2008,4181.3965,4151.0738,11244272000.0,259747163698.2,0.400009,1.0,0.730478,0.0,0.0,0.0,0.0,0.0,1.0,1.0,1.0,23.10039846938957,SH000300
2022-08-23,4175.5314,4187.3875,4147.4127,4161.0823,4181.3965,10315351200.0,239101330833.1,0.365127,1.0,-0.485823,0.0,0.0,0.0,0.0,0.0,1.0,1.0,1.0,23.179175017628097,SH000300
2022-08-24,4168.5764,4174.1565,4079.0934,4082.4195,4161.0823,11906967900.0,262844309316.1,0.421432,1.0,-1.890441,0.0,0.0,0.0,0.0,0.0,1.0,1.0,1.0,22.074831436817764,SH000300
2022-08-25,4093.2949,4119.6196,4058.7454,4116.2396,4082.4195,11132074500.0,242149581477.5,0.393728,1.0,0.828433,0.0,0.0,0.0,0.0,0.0,1.0,1.0,1.0,21.752421929758015,SH000300
2022-08-26,4127.8142,4139.7879,4102.6818,4107.5455,4116.2396,9900049300.0,225519196800.4,0.350179,1.0,-0.211215,0.0,0.0,0.0,0.0,0.0,1.0,1.0,1.0,22.779603410702208,SH000300
2022-08-29,4063.8825,4092.9474,4059.5963,4089.5205,4107.5455,9435443200.0,203086114712.3,0.330625,1.0,-0.438827,0.0,0.0,0.0,0.0,0.0,1.0,1.0,1.0,21.523749378545354,SH000300
2022-08-30,4088.5262,4093.1356,4048.5244,4075.7937,4089.5205,9330166200.0,192649001277.8,0.326776,1.0,-0.335658,0.0,0.0,0.0,0.0,0.0,1.0,1.0,1.0,20.6479710166149,SH000300
2022-08-31,4057.1443,4112.8485,4046.6225,4078.8402,4075.7937,13244976500.0,292974665546.2,0.46388,1.0,0.074746,0.0,0.0,0.0,0.0,0.0,1.0,1.0,1.0,22.119681793788008,SH000300
2022-09-01,4066.1869,4090.8852,4041.1281,4043.7395,4078.8402,9738707100.0,210898503453.9,0.341068,1.0,-0.860556,0.0,0.0,0.0,0.0,0.0,1.0,1.0,1.0,21.655698368205364,SH000300
2022-09-02,4054.8423,4056.1805,4004.911,4023.6131,4043.7395,8678927800.0,184468327005.7,0.303953,1.0,-0.497718,0.0,0.0,0.0,0.0,0.0,1.0,1.0,1.0,21.254736904908924,SH000300
2022-09-05,4010.4052,4016.9986,3982.7395,4015.4264,4023.6131,9376710900.0,201118696559.4,0.328337,1.0,-0.203466,0.0,0.0,0.0,0.0,0.0,1.0,1.0,1.0,21.44874665586629,SH000300
2022-09-06,4024.4726,4054.004,4009.5826,4052.2802,4015.4264,11350626500.0,235921838118.4,0.397478,1.0,0.917805,0.0,0.0,0.0,0.0,0.0,1.0,1.0,1.0,20.784917741624216,SH000300
2022-09-07,4032.7231,4067.5437,4028.374,4054.983,4052.2802,10767805900.0,215147152182.0,0.377069,1.0,0.066698,0.0,0.0,0.0,0.0,0.0,1.0,1.0,1.0,19.980593463520734,SH000300
2022-09-08,4059.1689,4067.758,4036.0226,4037.6839,4054.983,10088604900.0,186889047980.8,0.353284,1.0,-0.426613,0.0,0.0,0.0,0.0,0.0,1.0,1.0,1.0,18.524766291600933,SH000300
2022-09-09,4050.5853,4099.0081,4042.2498,4093.7874,4037.6839,11842711400.0,221442547204.1,0.414709,1.0,1.389497,0.0,0.0,0.0,0.0,0.0,1.0,1.0,1.0,18.698635787417736,SH000300
2022-09-13,4112.0123,4128.1113,4097.1408,4111.1145,4093.7874,11178973700.0,218521062135.8,0.391466,1.0,0.423254,0.0,0.0,0.0,0.0,0.0,1.0,1.0,1.0,19.54750659586935,SH000300
2022-09-14,4058.0441,4089.0583,4047.9187,4065.359,4111.1145,9079368100.0,185484965110.5,0.317942,1.0,-1.112971,0.0,0.0,0.0,0.0,0.0,1.0,1.0,1.0,20.42928131865256,SH000300
2022-09-15,4078.6495,4088.8078,3998.8564,4027.1186,4065.359,12395119600.0,254367492776.0,0.434054,1.0,-0.94064,0.0,0.0,0.0,0.0,0.0,1.0,1.0,1.0,20.521584380355637,SH000300
2022-09-16,4013.5829,4019.4104,3932.6826,3932.6826,4027.1186,13719365500.0,241251840050.3,0.480426,1.0,-2.345002,0.0,0.0,0.0,0.0,0.0,1.0,1.0,1.0,17.58476658780612,SH000300
2022-09-19,3928.4239,3953.6494,3910.3106,3928.0001,3932.6826,9771957500.0,183574440581.8,0.341741,1.0,-0.119066,0.0,0.0,0.0,0.0,0.0,1.0,1.0,1.0,18.78584107450324,SH000300
2022-09-20,3945.6467,3957.5538,3921.6884,3932.8361,3928.0001,8482413400.0,179248153537.9,0.296643,1.0,0.123116,0.0,0.0,0.0,0.0,0.0,1.0,1.0,1.0,21.131739881706306,SH000300
2022-09-21,3921.3177,3924.3914,3884.2268,3903.7348,3932.8361,8645839100.0,168939074342.6,0.302349,1.0,-0.739957,0.0,0.0,0.0,0.0,0.0,1.0,1.0,1.0,19.539928095886033,SH000300
2022-09-22,3875.1771,3900.2736,3860.2308,3869.344,3903.7348,8094691900.0,161134102784.4,0.283075,1.0,-0.880972,0.0,0.0,0.0,0.0,0.0,1.0,1.0,1.0,19.906144023146823,SH000300
2022-09-23,3865.1049,3888.3958,3829.6913,3856.0212,3869.344,9434246200.0,172904807364.4,0.32992,1.0,-0.344317,0.0,0.0,0.0,0.0,0.0,1.0,1.0,1.0,18.327357978467848,SH000300
2022-09-26,3829.5958,3893.3186,3827.9498,3836.6773,3856.0212,10452603100.0,192906200253.8,0.365146,1.0,-0.501654,0.0,0.0,0.0,0.0,0.0,1.0,1.0,1.0,18.455326238666807,SH000300
2022-09-27,3844.0692,3893.0283,3827.9265,3892.295,3836.6773,8886016000.0,185955247353.4,0.310404,1.0,1.449632,0.0,0.0,0.0,0.0,0.0,1.0,1.0,1.0,20.926728846020534,SH000300
2022-09-28,3879.4398,3879.4398,3828.0545,3828.7098,3892.295,8659221300.0,172438042788.2,0.302212,1.0,-1.633617,0.0,0.0,0.0,0.0,0.0,1.0,1.0,1.0,19.913804811548125,SH000300
2022-09-29,3864.316,3873.1823,3808.6496,3827.1434,3828.7098,8565414200.0,171635940007.5,0.298701,1.0,-0.040912,0.0,0.0,0.0,0.0,0.0,1.0,1.0,1.0,20.03825337570949,SH000300
2022-09-30,3833.3504,3848.6018,3801.2798,3804.8853,3827.1434,7855996600.0,158692748773.3,0.273923,1.0,-0.581585,0.0,0.0,0.0,0.0,0.0,1.0,1.0,1.0,20.200205887729126,SH000300
2022-10-10,3806.5596,3807.4574,3715.7142,3720.9365,3804.8853,10264759500.0,194635904094.3,0.357901,1.0,-2.206342,0.0,0.0,0.0,0.0,0.0,1.0,1.0,1.0,18.96156496353373,SH000300
2022-10-11,3732.0191,3739.8084,3706.0629,3727.6867,3720.9365,8394462500.0,166800394853.2,0.29268,1.0,0.181411,0.0,0.0,0.0,0.0,0.0,1.0,1.0,1.0,19.870288878317105,SH000300
2022-10-12,3722.8659,3784.3064,3661.5255,3784.3064,3727.6867,10808931900.0,210931362291.5,0.376862,1.0,1.518896,0.0,0.0,0.0,0.0,0.0,1.0,1.0,1.0,19.51454262483604,SH000300
2022-10-13,3756.4176,3783.596,3749.6393,3752.6729,3784.3064,9901891500.0,198368891548.5,0.345122,1.0,-0.835913,0.0,0.0,0.0,0.0,0.0,1.0,1.0,1.0,20.033434172501284,SH000300
2022-10-14,3783.316,3863.2265,3780.8415,3842.4698,3752.6729,11624229300.0,256551271975.0,0.405152,1.0,2.392878,0.0,0.0,0.0,0.0,0.0,1.0,1.0,1.0,22.070389817155448,SH000300
2022-10-17,3822.2428,3849.6207,3809.1196,3846.4119,3842.4698,10419201900.0,220488874406.8,0.363138,1.0,0.102593,0.0,0.0,0.0,0.0,0.0,1.0,1.0,1.0,21.161781537873836,SH000300
2022-10-18,3865.8258,3870.2155,3831.1723,3838.2667,3846.4119,8834690700.0,186556295765.5,0.307913,1.0,-0.211761,0.0,0.0,0.0,0.0,0.0,1.0,1.0,1.0,21.116335828881933,SH000300
2022-10-19,3827.4658,3840.487,3776.5335,3776.5335,3838.2667,8157484400.0,186736408229.7,0.28431,1.0,-1.608361,0.0,0.0,0.0,0.0,0.0,1.0,1.0,1.0,22.89142081959728,SH000300
2022-10-20,3746.5793,3804.2468,3726.7925,3754.9269,3776.5335,9029089500.0,203781618922.2,0.314688,1.0,-0.572128,0.0,0.0,0.0,0.0,0.0,1.0,1.0,1.0,22.569453865996124,SH000300
2022-10-21,3753.8903,3768.6895,3724.69,3742.8929,3754.9269,9875003800.0,180686357677.0,0.0,1.0,-0.320486,0.0,0.0,0.0,0.0,0.0,1.0,1.0,1.0,18.29734563514801,SH000300
2022-10-24,3727.915,3762.158,3619.9876,3633.3733,3742.8929,13005686400.0,259450743134.0,0.453278,1.0,-2.926068,0.0,0.0,0.0,0.0,0.0,1.0,1.0,1.0,19.94902346207579,SH000300
2022-10-25,3621.9356,3670.7327,3594.7011,3627.4542,3633.3733,11095388200.0,219302759596.7,0.386699,1.0,-0.162909,0.0,0.0,0.0,0.0,0.0,1.0,1.0,1.0,19.765217371727474,SH000300
2022-10-26,3633.3107,3700.8797,3633.3107,3656.9027,3627.4542,12130154800.0,242453810571.9,0.422762,1.0,0.811823,0.0,0.0,0.0,0.0,0.0,1.0,1.0,1.0,19.987693031905906,SH000300
2022-10-27,3667.6645,3685.0837,3631.0639,3631.1448,3656.9027,11799867500.0,257473315676.0,0.41125,1.0,-0.704364,0.0,0.0,0.0,0.0,0.0,1.0,1.0,1.0,21.820017527823936,SH000300
2022-10-28,3605.1598,3618.864,3533.4993,3541.3295,3631.1448,11877216200.0,245816451977.6,0.413941,1.0,-2.473471,0.0,0.0,0.0,0.0,0.0,1.0,1.0,1.0,20.696470270331528,SH000300
2022-10-31,3504.507,3553.3871,3495.9509,3508.7034,3541.3295,13846565500.0,256574822102.2,0.482516,1.0,-0.921295,0.0,0.0,0.0,0.0,0.0,1.0,1.0,1.0,18.529852915670677,SH000300
2022-11-01,3519.8174,3634.1732,3517.6209,3634.1732,3508.7034,14928669800.0,295089928407.3,0.520224,1.0,3.575959,0.0,0.0,0.0,0.0,0.0,1.0,1.0,1.0,19.76665921080926,SH000300
2022-11-02,3620.3693,3703.465,3610.8029,3677.8051,3634.1732,14159291900.0,291648245712.0,0.492896,1.0,1.2006,0.0,0.0,0.0,0.0,0.0,1.0,1.0,1.0,20.5976575503751,SH000300
2022-11-03,3645.0604,3670.1574,3628.4987,3647.8966,3677.8051,11056603500.0,215379297964.4,0.384886,1.0,-0.813216,0.0,0.0,0.0,0.0,0.0,1.0,1.0,1.0,19.479698079468978,SH000300
2022-11-04,3646.7709,3782.8823,3646.7709,3767.1746,3647.8966,14973494900.0,311145477555.0,0.521234,1.0,3.269775,0.0,0.0,0.0,0.0,0.0,1.0,1.0,1.0,20.77974979341663,SH000300
2022-11-07,3754.5227,3792.7942,3746.3715,3775.2971,3767.1746,12982637100.0,251195699936.5,0.451914,1.0,0.215613,0.0,0.0,0.0,0.0,0.0,1.0,1.0,1.0,19.34858827229331,SH000300
2022-11-08,3773.6612,3779.1156,3723.3415,3749.3251,3775.2971,9901645100.0,193351324896.7,0.344668,1.0,-0.687946,0.0,0.0,0.0,0.0,0.0,1.0,1.0,1.0,19.527191991227802,SH000300
2022-11-09,3750.7821,3760.4068,3711.268,3714.2704,3749.3251,8943452500.0,172029529943.6,0.311314,1.0,-0.93496,0.0,0.0,0.0,0.0,0.0,1.0,1.0,1.0,19.235248349963285,SH000300
2022-11-10,3685.8274,3701.5306,3665.0585,3685.6885,3714.2704,10350930200.0,183155308702.9,0.360296,1.0,-0.769516,0.0,0.0,0.0,0.0,0.0,1.0,1.0,1.0,17.694574802842357,SH000300
2022-11-11,3787.7568,3828.9004,3747.0902,3788.4387,3685.6885,18968558600.0,344471326267.1,0.66026,1.0,2.787816,0.0,0.0,0.0,0.0,0.0,1.0,1.0,1.0,18.160121363523107,SH000300
2022-11-14,3818.1447,3848.4116,3781.7778,3794.0171,3788.4387,16966504800.0,315536856084.6,0.590528,1.0,0.147248,0.0,0.0,0.0,0.0,0.0,1.0,1.0,1.0,18.59763456316589,SH000300
2022-11-15,3788.926,3871.6424,3775.4988,3865.9726,3794.0171,15151565000.0,296268142768.9,0.527358,1.0,1.896552,0.0,0.0,0.0,0.0,0.0,1.0,1.0,1.0,19.553633091294532,SH000300
2022-11-16,3860.811,3877.6781,3829.3126,3834.3899,3865.9726,12061096400.0,235844588244.6,0.419779,1.0,-0.816941,0.0,0.0,0.0,0.0,0.0,1.0,1.0,1.0,19.5541582973004,SH000300
2022-11-17,3821.2709,3821.7419,3776.5739,3818.664,3834.3899,10594063200.0,219540811334.9,0.368719,1.0,-0.410128,0.0,0.0,0.0,0.0,0.0,1.0,1.0,1.0,20.723003741840994,SH000300
2022-11-18,3823.8207,3840.3018,3801.5686,3801.5686,3818.664,11507877700.0,224276131007.5,0.400524,1.0,-0.44768,0.0,0.0,0.0,0.0,0.0,1.0,1.0,1.0,19.488922011006427,SH000300
2022-11-21,3769.627,3769.8731,3733.9954,3769.1269,3801.5686,9586696600.0,188230373665.4,0.333658,1.0,-0.853377,0.0,0.0,0.0,0.0,0.0,1.0,1.0,1.0,19.634539562397332,SH000300
2022-11-22,3766.0817,3809.8582,3751.0448,3769.5727,3769.1269,14448633400.0,203490828432.2,0.502874,1.0,0.011828,0.0,0.0,0.0,0.0,0.0,1.0,1.0,1.0,14.083742233518086,SH000300
2022-11-23,3760.2157,3791.1782,3753.2136,3773.5287,3769.5727,14452791100.0,201070601177.9,0.503019,1.0,0.104946,0.0,0.0,0.0,0.0,0.0,1.0,1.0,1.0,13.912233269454783,SH000300
2022-11-24,3791.5399,3804.8987,3751.3818,3756.8082,3773.5287,10107344700.0,160698921546.2,0.351778,1.0,-0.4431,0.0,0.0,0.0,0.0,0.0,1.0,1.0,1.0,15.8992224284386,SH000300
2022-11-25,3751.2822,3790.566,3743.4138,3775.7764,3756.8082,14292971100.0,191711040706.5,0.497456,1.0,0.504902,0.0,0.0,0.0,0.0,0.0,1.0,1.0,1.0,13.412959374590773,SH000300
2022-11-28,3701.902,3736.0813,3672.1306,3733.2424,3775.7764,12782574800.0,196305561705.9,0.44339,1.0,-1.126497,0.0,0.0,0.0,0.0,0.0,1.0,1.0,1.0,15.357278543435552,SH000300
2022-11-29,3766.5702,3854.7742,3766.5702,3848.4224,3733.2424,17870139200.0,289062336430.7,0.619612,1.0,3.085254,0.0,0.0,0.0,0.0,0.0,1.0,1.0,1.0,16.17571823003483,SH000300
2022-11-30,3836.5598,3867.6591,3833.8272,3853.0365,3848.4224,15751140000.0,250051468093.3,0.54594,1.0,0.119896,0.0,0.0,0.0,0.0,0.0,1.0,1.0,1.0,15.875134631099716,SH000300
2022-12-01,3921.2954,3944.5645,3893.8718,3894.7687,3853.0365,16996458500.0,306678195716.4,0.589103,1.0,1.083099,0.0,0.0,0.0,0.0,0.0,1.0,1.0,1.0,18.043652783101845,SH000300
2022-12-02,3886.4034,3898.1146,3865.8844,3870.9478,3894.7687,11678635000.0,201253166362.9,0.404785,1.0,-0.611613,0.0,0.0,0.0,0.0,0.0,1.0,1.0,1.0,17.232593223685814,SH000300
2022-12-05,3907.6375,3947.476,3900.6742,3946.8759,3870.9478,20174722100.0,296615512326.6,0.699261,1.0,1.961486,0.0,0.0,0.0,0.0,0.0,1.0,1.0,1.0,14.702334478580003,SH000300
2022-12-06,3929.0063,3988.9007,3922.9969,3968.1979,3946.8759,15510832300.0,275583430840.8,0.537606,1.0,0.540225,0.0,0.0,0.0,0.0,0.0,1.0,1.0,1.0,17.76715946060483,SH000300
2022-12-07,3956.6722,3999.5864,3944.1831,3958.4409,3968.1979,14300135600.0,255490829027.1,0.495645,1.0,-0.24588,0.0,0.0,0.0,0.0,0.0,1.0,1.0,1.0,17.866322122644767,SH000300
2022-12-08,3953.199,3971.4927,3941.2966,3959.1798,3958.4409,11519998600.0,198037690481.4,0.399285,1.0,0.018666,0.0,0.0,0.0,0.0,0.0,1.0,1.0,1.0,17.190773832333626,SH000300
2022-12-09,3961.9919,4003.3178,3944.4396,3998.2442,3959.1798,15377495400.0,268166789656.9,0.532984,1.0,0.986679,0.0,0.0,0.0,0.0,0.0,1.0,1.0,1.0,17.43891203875112,SH000300
2022-12-12,3976.1722,3983.4332,3950.3203,3953.4433,3998.2442,12593536800.0,227606300936.9,0.440213,1.0,-1.120514,0.0,0.0,0.0,0.0,0.0,1.0,1.0,1.0,18.073262861065366,SH000300
2022-12-13,3953.5482,3964.3957,3939.9795,3945.6813,3953.4433,10099410000.0,184020700110.0,0.35303,1.0,-0.196335,0.0,0.0,0.0,0.0,0.0,1.0,1.0,1.0,18.220935689312544,SH000300
2022-12-14,3952.7885,3972.7381,3935.7668,3954.8857,3945.6813,9852800600.0,196175108617.2,0.344409,1.0,0.233278,0.0,0.0,0.0,0.0,0.0,1.0,1.0,1.0,19.910593604949238,SH000300
2022-12-15,3954.672,3963.5002,3926.4997,3951.9885,3954.8857,8886472500.0,181994889123.4,0.310629,1.0,-0.073256,0.0,0.0,0.0,0.0,0.0,1.0,1.0,1.0,20.479992384312222,SH000300
2022-12-16,3931.2318,3960.4705,3929.4873,3954.227,3951.9885,9317856700.0,167488442588.9,0.32568,1.0,0.056642,0.0,0.0,0.0,0.0,0.0,1.0,1.0,1.0,17.974996609349013,SH000300
2022-12-19,3952.7707,3966.5679,3878.4367,3893.2207,3954.227,10691907500.0,180801387702.4,0.373346,1.0,-1.542812,0.0,0.0,0.0,0.0,0.0,1.0,1.0,1.0,16.9101152158677,SH000300
2022-12-20,3881.2257,3881.2729,3811.4759,3829.0173,3893.2207,8309682200.0,164046440873.7,0.290161,1.0,-1.649108,0.0,0.0,0.0,0.0,0.0,1.0,1.0,1.0,19.74160225690701,SH000300
2022-12-21,3839.0009,3853.7272,3821.4037,3830.5384,3829.0173,6483921500.0,123450040359.8,0.226403,1.0,0.039726,0.0,0.0,0.0,0.0,0.0,1.0,1.0,1.0,19.039410079193587,SH000300
2022-12-22,3859.2041,3882.1263,3821.3418,3836.028,3830.5384,8370517300.0,163970306950.9,0.292278,1.0,0.143311,0.0,0.0,0.0,0.0,0.0,1.0,1.0,1.0,19.589029097508703,SH000300
2022-12-23,3811.6164,3848.3436,3805.9487,3828.2188,3836.028,6527814800.0,130559415565.7,0.227935,1.0,-0.203575,0.0,0.0,0.0,0.0,0.0,1.0,1.0,1.0,20.000477888205406,SH000300
2022-12-26,3830.5682,3856.8066,3827.5186,3843.4887,3828.2188,7300571200.0,148692832422.1,0.254918,1.0,0.398877,0.0,0.0,0.0,0.0,0.0,1.0,1.0,1.0,20.36728748321775,SH000300
2022-12-27,3860.9054,3891.8497,3856.58,3887.854,3843.4887,7751535000.0,152032206630.9,0.270665,1.0,1.154298,0.0,0.0,0.0,0.0,0.0,1.0,1.0,1.0,19.61317424624929,SH000300
2022-12-28,3874.9132,3884.7205,3854.9406,3871.2644,3887.854,8442465600.0,160671122030.7,0.294663,1.0,-0.426703,0.0,0.0,0.0,0.0,0.0,1.0,1.0,1.0,19.031303133849903,SH000300
2022-12-29,3854.2363,3868.2933,3838.4803,3856.7007,3871.2644,7939481500.0,149011372437.3,0.277108,1.0,-0.3762,0.0,0.0,0.0,0.0,0.0,1.0,1.0,1.0,18.768400989069626,SH000300
2022-12-30,3873.9358,3887.5527,3868.7569,3871.6338,3856.7007,7877327200.0,148295049381.5,0.274978,1.0,0.387199,0.0,0.0,0.0,0.0,0.0,1.0,1.0,1.0,18.825554101840535,SH000300
2023-01-03,3864.8356,3893.9904,3831.245,3887.8992,3871.6338,11505187500.0,207540165953.2,0.401618,1.0,0.420117,0.0,0.0,0.0,0.0,0.0,1.0,1.0,1.0,18.038833869782653,SH000300
2023-01-04,3886.2504,3905.9032,3873.6549,3892.9477,3887.8992,11066074300.0,198997711686.0,0.386153,1.0,0.129852,0.0,0.0,0.0,0.0,0.0,1.0,1.0,1.0,17.982683496531376,SH000300
2023-01-05,3913.4928,3974.875,3912.26,3968.5782,3892.9477,11650239500.0,256312608292.0,0.406498,1.0,1.942757,0.0,0.0,0.0,0.0,0.0,1.0,1.0,1.0,22.000629969195053,SH000300
2023-01-06,3969.5493,4000.4143,3966.4696,3980.8888,3968.5782,11095303800.0,235744305582.2,0.387132,1.0,0.310202,0.0,0.0,0.0,0.0,0.0,1.0,1.0,1.0,21.247215022827948,SH000300
2023-01-09,3998.5278,4023.0898,3990.7073,4013.1196,3980.8888,11705442500.0,233212426458.1,0.408421,1.0,0.809638,0.0,0.0,0.0,0.0,0.0,1.0,1.0,1.0,19.923418226871817,SH000300
2023-01-10,4014.7125,4030.4574,4002.2297,4017.4737,4013.1196,10175114100.0,214871166239.5,0.355025,1.0,0.108497,0.0,0.0,0.0,0.0,0.0,1.0,1.0,1.0,21.117322531007293,SH000300
2023-01-11,4019.8844,4043.3991,4008.0153,4010.0309,4017.4737,9999788900.0,203000262960.6,0.348907,1.0,-0.185261,0.0,0.0,0.0,0.0,0.0,1.0,1.0,1.0,20.300454838661643,SH000300
2023-01-12,4021.7547,4030.2876,4003.5079,4017.8692,4010.0309,9055262700.0,183686268106.8,0.315384,1.0,0.195467,0.0,0.0,0.0,0.0,0.0,1.0,1.0,1.0,20.285029180522834,SH000300
2023-01-13,4032.2906,4074.3772,4027.8864,4074.3772,4017.8692,9587189600.0,212173997498.4,0.333907,1.0,1.406417,0.0,0.0,0.0,0.0,0.0,1.0,1.0,1.0,22.13099003470214,SH000300
2023-01-16,4077.8793,4177.1035,4076.6394,4137.9643,4074.3772,15139545500.0,319007749371.3,0.523262,1.0,1.560658,0.0,0.0,0.0,0.0,0.0,1.0,1.0,1.0,21.07115760980407,SH000300
2023-01-17,4138.8433,4148.5838,4118.157,4137.2422,4137.9643,9547904000.0,204381576523.4,0.330004,1.0,-0.017451,0.0,0.0,0.0,0.0,0.0,1.0,1.0,1.0,21.405910294385027,SH000300
2023-01-18,4140.1019,4151.4577,4125.7687,4130.3143,4137.2422,8420064500.0,172126171819.2,0.291023,1.0,-0.167452,0.0,0.0,0.0,0.0,0.0,1.0,1.0,1.0,20.442381625366412,SH000300
2023-01-19,4125.5772,4156.0077,4105.9797,4156.0077,4130.3143,9460839800.0,192699589774.1,0.326965,1.0,0.622069,0.0,0.0,0.0,0.0,0.0,1.0,1.0,1.0,20.368127338346856,SH000300
2023-01-20,4166.8444,4189.831,4161.6698,4181.5267,4156.0077,12355380900.0,222342455100.7,0.42696,1.0,0.614027,0.0,0.0,0.0,0.0,0.0,1.0,1.0,1.0,17.99559697108974,SH000300
2023-01-30,4267.6248,4268.1522,4197.8596,4201.345,4181.5267,16460706400.0,330193322092.2,0.568751,1.0,0.473949,0.0,0.0,0.0,0.0,0.0,1.0,1.0,1.0,20.05948676007003,SH000300
2023-01-31,4200.5813,4212.7347,4153.0484,4156.8578,4201.345,12455083500.0,249365321627.1,0.430348,1.0,-1.05888,0.0,0.0,0.0,0.0,0.0,1.0,1.0,1.0,20.02116819426381,SH000300
2023-02-01,4170.1322,4195.9332,4137.7659,4195.9332,4156.8578,14100895400.0,265553944709.3,0.487214,1.0,0.940023,0.0,0.0,0.0,0.0,0.0,1.0,1.0,1.0,18.83241717467814,SH000300
2023-02-02,4207.4123,4207.4123,4170.5565,4181.1493,4195.9332,13382373600.0,262497434837.0,0.462389,1.0,-0.352339,0.0,0.0,0.0,0.0,0.0,1.0,1.0,1.0,19.61516265223682,SH000300
2023-02-03,4162.0258,4162.0258,4103.1654,4141.6319,4181.1493,11704122100.0,226914770043.9,0.404401,1.0,-0.945132,0.0,0.0,0.0,0.0,0.0,1.0,1.0,1.0,19.387594225789904,SH000300
2023-02-06,4103.8307,4105.9445,4065.2224,4086.8779,4141.6319,11019271700.0,226345113968.7,0.380657,1.0,-1.322039,0.0,0.0,0.0,0.0,0.0,1.0,1.0,1.0,20.540841548421028,SH000300
2023-02-07,4098.3117,4107.3438,4077.9623,4094.2335,4086.8779,9136007200.0,183537351577.1,0.3156,1.0,0.179981,0.0,0.0,0.0,0.0,0.0,1.0,1.0,1.0,20.089449095125495,SH000300
2023-02-08,4099.8573,4111.4745,4072.6474,4076.1411,4094.2335,8478609900.0,170591751817.3,0.29289,1.0,-0.4419,0.0,0.0,0.0,0.0,0.0,1.0,1.0,1.0,20.120250115210514,SH000300
2023-02-09,4067.5631,4130.8565,4064.7489,4130.8565,4076.1411,10228996100.0,211722604859.2,0.353357,1.0,1.342333,0.0,0.0,0.0,0.0,0.0,1.0,1.0,1.0,20.698277992226433,SH000300
2023-02-10,4124.0986,4125.2893,4092.3472,4106.3097,4130.8565,9671673300.0,195348320573.4,0.334104,1.0,-0.59423,0.0,0.0,0.0,0.0,0.0,1.0,1.0,1.0,20.197985861805318,SH000300
2023-02-13,4098.8795,4146.45,4092.2729,4143.574,4106.3097,12889257700.0,251990181553.9,0.445249,1.0,0.907489,0.0,0.0,0.0,0.0,0.0,1.0,1.0,1.0,19.55040293390208,SH000300
2023-02-14,4151.247,4152.0487,4125.2583,4145.2902,4143.574,10249989000.0,204915435749.9,0.354078,1.0,0.041418,0.0,0.0,0.0,0.0,0.0,1.0,1.0,1.0,19.991771283842354,SH000300
2023-02-15,4146.8547,4153.7159,4115.9671,4123.6893,4145.2902,12166450800.0,219855528966.4,0.42028,1.0,-0.521095,0.0,0.0,0.0,0.0,0.0,1.0,1.0,1.0,18.070638066970197,SH000300
2023-02-16,4125.4087,4167.9003,4068.8591,4093.4876,4123.6893,15931058500.0,281315625588.6,0.550324,1.0,-0.732395,0.0,0.0,0.0,0.0,0.0,1.0,1.0,1.0,17.658313513103977,SH000300
2023-02-17,4086.2237,4104.6398,4032.9285,4034.507,4093.4876,11614258900.0,225737746955.0,0.0,1.0,-1.44084,0.0,0.0,0.0,0.0,0.0,1.0,1.0,1.0,19.43625924810407,SH000300
2023-02-20,4039.9623,4134.8623,4035.4762,4133.4896,4034.507,16179448100.0,280122962150.4,0.558764,1.0,2.4534,0.0,0.0,0.0,0.0,0.0,1.0,1.0,1.0,17.313505406306167,SH000300
2023-02-21,4130.0632,4151.7994,4116.2716,4144.3536,4133.4896,14577617300.0,249674201048.2,0.503441,1.0,0.262829,0.0,0.0,0.0,0.0,0.0,1.0,1.0,1.0,17.12722977356526,SH000300
2023-02-22,4118.9669,4134.8759,4101.8596,4106.9506,4144.3536,10429029500.0,191586158991.2,0.360166,1.0,-0.902505,0.0,0.0,0.0,0.0,0.0,1.0,1.0,1.0,18.370468603161974,SH000300
2023-02-23,4106.2136,4132.3896,4088.2073,4103.6463,4106.9506,10356490600.0,197193582430.1,0.357661,1.0,-0.080456,0.0,0.0,0.0,0.0,0.0,1.0,1.0,1.0,19.040579482600023,SH000300
2023-02-24,4100.9897,4102.6094,4048.2374,4061.0457,4103.6463,10098942500.0,191210465053.2,0.348767,1.0,-1.038116,0.0,0.0,0.0,0.0,0.0,1.0,1.0,1.0,18.933711629034427,SH000300
2023-02-27,4040.4571,4067.0296,4034.5237,4043.8444,4061.0457,9378763000.0,187959491145.3,0.323797,1.0,-0.423568,0.0,0.0,0.0,0.0,0.0,1.0,1.0,1.0,20.04096821140485,SH000300
2023-02-28,4058.1298,4074.2639,4026.4476,4069.4587,4043.8444,11032359100.0,198799712379.1,0.380886,1.0,0.633415,0.0,0.0,0.0,0.0,0.0,1.0,1.0,1.0,18.019691942324467,SH000300
2023-03-01,4068.7331,4135.4812,4061.2167,4126.9415,4069.4587,15601579400.0,255374791015.7,0.53863,1.0,1.412542,0.0,0.0,0.0,0.0,0.0,1.0,1.0,1.0,16.368521703366778,SH000300
2023-03-02,4119.9919,4137.2525,4113.8264,4117.7377,4126.9415,14821763700.0,235953764969.5,0.511573,1.0,-0.223017,0.0,0.0,0.0,0.0,0.0,1.0,1.0,1.0,15.919412139157231,SH000300
2023-03-03,4126.0183,4135.2116,4100.3827,4130.5513,4117.7377,16033174100.0,226914545628.4,0.553384,1.0,0.311181,0.0,0.0,0.0,0.0,0.0,1.0,1.0,1.0,14.152814920683733,SH000300
2023-03-06,4131.1525,4132.8367,4088.4484,4109.0102,4130.5513,16297180700.0,283079861971.5,0.562487,1.0,-0.521507,0.0,0.0,0.0,0.0,0.0,1.0,1.0,1.0,17.36986704525526,SH000300
2023-03-07,4103.6419,4124.9609,4046.5679,4048.8519,4109.0102,19591206800.0,272491994009.2,0.676096,1.0,-1.464058,0.0,0.0,0.0,0.0,0.0,1.0,1.0,1.0,13.90889273902208,SH000300
2023-03-08,4030.7387,4037.287,4011.5231,4034.1077,4048.8519,11793649300.0,191659655190.9,0.407001,1.0,-0.364158,0.0,0.0,0.0,0.0,0.0,1.0,1.0,1.0,16.251089914204925,SH000300
2023-03-09,4035.8433,4043.8493,4000.8901,4019.8505,4034.1077,11653962900.0,201737990686.8,0.402181,1.0,-0.353416,0.0,0.0,0.0,0.0,0.0,1.0,1.0,1.0,17.310677270716212,SH000300
2023-03-10,3991.7959,4004.3612,3966.428,3967.1352,4019.8505,12385540900.0,218286956131.0,0.427418,1.0,-1.311375,0.0,0.0,0.0,0.0,0.0,1.0,1.0,1.0,17.624337757505607,SH000300
2023-03-13,3962.6426,4008.686,3962.6426,4008.686,3967.1352,14356137000.0,242865516757.6,0.49542,1.0,1.047375,0.0,0.0,0.0,0.0,0.0,1.0,1.0,1.0,16.917191355696872,SH000300
2023-03-14,3999.8803,4001.9415,3946.9405,3984.6956,4008.686,15054417400.0,267224848810.5,0.519517,1.0,-0.59846,0.0,0.0,0.0,0.0,0.0,1.0,1.0,1.0,17.75059384300717,SH000300
2023-03-15,4011.8444,4018.7495,3986.902,3986.902,3984.6956,14202600700.0,232101093978.6,0.490121,1.0,0.055372,0.0,0.0,0.0,0.0,0.0,1.0,1.0,1.0,16.342154432223108,SH000300
2023-03-16,3958.1962,3981.321,3936.4758,3939.1505,3986.902,15251564400.0,246264286428.0,0.52632,1.0,-1.197709,0.0,0.0,0.0,0.0,0.0,1.0,1.0,1.0,16.14682139938379,SH000300
2023-03-17,3971.1585,4004.2153,3945.2501,3958.8194,3939.1505,17743381800.0,305541015556.1,0.61231,1.0,0.499318,0.0,0.0,0.0,0.0,0.0,1.0,1.0,1.0,17.219998926929474,SH000300
2023-03-20,3962.6625,3979.5485,3935.0161,3939.077,3958.8194,20526497000.0,319760032638.0,0.70712,1.0,-0.498694,0.0,0.0,0.0,0.0,0.0,1.0,1.0,1.0,15.577915347075539,SH000300
2023-03-21,3948.1573,3982.7047,3948.1573,3982.3782,3939.077,14509067900.0,251631985016.9,0.499825,1.0,1.099273,0.0,0.0,0.0,0.0,0.0,1.0,1.0,1.0,17.343084114790035,SH000300
2023-03-22,3993.7849,4016.4495,3986.7093,3999.4427,3982.3782,14922897000.0,265180992104.1,0.514081,1.0,0.4285,0.0,0.0,0.0,0.0,0.0,1.0,1.0,1.0,17.770074544111644,SH000300
2023-03-23,3985.9928,4039.0895,3983.9986,4039.0895,3999.4427,15888742100.0,296479529467.0,0.546412,1.0,0.991308,0.0,0.0,0.0,0.0,0.0,1.0,1.0,1.0,18.65972319275042,SH000300
2023-03-24,4035.1564,4037.8417,4017.0028,4027.0457,4039.0895,15944233000.0,295785588943.1,0.548315,1.0,-0.298181,0.0,0.0,0.0,0.0,0.0,1.0,1.0,1.0,18.55125856120517,SH000300
2023-03-27,4023.3028,4023.3028,3987.0297,4012.4771,4027.0457,16848227900.0,315474696948.0,0.579397,1.0,-0.361769,0.0,0.0,0.0,0.0,0.0,1.0,1.0,1.0,18.724503183388208,SH000300
2023-03-28,4015.6973,4023.7834,3994.5999,3999.5147,4012.4771,13189511700.0,248736920971.8,0.453577,1.0,-0.323052,0.0,0.0,0.0,0.0,0.0,1.0,1.0,1.0,18.85869064976833,SH000300
2023-03-29,4013.5926,4017.7572,3992.6662,4006.144,3999.5147,13374351000.0,263866922733.1,0.459934,1.0,0.165753,0.0,0.0,0.0,0.0,0.0,1.0,1.0,1.0,19.729325388058083,SH000300
2023-03-30,4009.5573,4040.5023,3983.8958,4038.5257,4006.144,14990103700.0,280004715991.0,0.515139,1.0,0.808301,0.0,0.0,0.0,0.0,0.0,1.0,1.0,1.0,18.6793047996726,SH000300
2023-03-31,4045.4538,4063.5675,4039.9587,4050.9257,4038.5257,13884254600.0,279863685781.0,0.476845,1.0,0.307043,0.0,0.0,0.0,0.0,0.0,1.0,1.0,1.0,20.156911108573304,SH000300
2023-04-03,4059.6227,4094.9376,4059.0607,4090.5676,4050.9257,18212431300.0,382895558426.0,0.625494,1.0,0.978589,0.0,0.0,0.0,0.0,0.0,1.0,1.0,1.0,21.023857392724935,SH000300
2023-04-04,4089.2932,4103.1583,4080.0682,4103.1052,4090.5676,19714663100.0,394443175146.2,0.677071,1.0,0.3065,0.0,0.0,0.0,0.0,0.0,1.0,1.0,1.0,20.007604144460373,SH000300
2023-04-06,4084.132,4098.8332,4078.4048,4096.64,4103.1052,15070337400.0,328981851588.3,0.517563,1.0,-0.157568,0.0,0.0,0.0,0.0,0.0,1.0,1.0,1.0,21.829760200876457,SH000300
2023-04-07,4096.9009,4131.3126,4092.1848,4123.2799,4096.64,12867673800.0,286567771883.1,0.441916,1.0,0.650287,0.0,0.0,0.0,0.0,0.0,1.0,1.0,1.0,22.270363418996524,SH000300
2023-04-10,4132.0096,4132.2952,4099.0519,4104.8118,4123.2799,15245300200.0,340822557207.6,0.522997,1.0,-0.447898,0.0,0.0,0.0,0.0,0.0,1.0,1.0,1.0,22.355909869692166,SH000300
2023-04-11,4108.5062,4116.1247,4083.4946,4100.1479,4104.8118,15390133300.0,324192951998.7,0.527947,1.0,-0.11362,0.0,0.0,0.0,0.0,0.0,1.0,1.0,1.0,21.064986617023,SH000300
2023-04-12,4102.3968,4108.2451,4090.2784,4097.2876,4100.1479,16596527800.0,325425226403.2,0.569331,1.0,-0.069761,0.0,0.0,0.0,0.0,0.0,1.0,1.0,1.0,19.608030687189885,SH000300
2023-04-13,4081.3871,4088.8809,4059.5744,4068.9786,4097.2876,15644429500.0,300291020752.9,0.53667,1.0,-0.690921,0.0,0.0,0.0,0.0,0.0,1.0,1.0,1.0,19.194756878344464,SH000300
2023-04-14,4078.9703,4098.2151,4075.2049,4091.9988,4068.9786,15069568200.0,306201501438.7,0.516947,1.0,0.565749,0.0,0.0,0.0,0.0,0.0,1.0,1.0,1.0,20.31919543910356,SH000300
2023-04-17,4090.0719,4149.3836,4089.509,4149.3836,4091.9988,18877309500.0,341831272792.7,0.647568,1.0,1.402366,0.0,0.0,0.0,0.0,0.0,1.0,1.0,1.0,18.108050450340926,SH000300
2023-04-18,4139.3088,4169.6678,4138.4618,4162.032,4149.3836,17018413000.0,331545662315.6,0.5838,1.0,0.304826,0.0,0.0,0.0,0.0,0.0,1.0,1.0,1.0,19.481585169874535,SH000300
2023-04-19,4159.3938,4159.3938,4118.6261,4124.5589,4162.032,16255459200.0,312219504522.6,0.557165,1.0,-0.900356,0.0,0.0,0.0,0.0,0.0,1.0,1.0,1.0,19.207055345603525,SH000300
2023-04-20,4122.9461,4125.8231,4094.0022,4113.0192,4124.5589,16270667700.0,332172409512.0,0.557465,1.0,-0.27978,0.0,0.0,0.0,0.0,0.0,1.0,1.0,1.0,20.4154135304478,SH000300
2023-04-21,4114.2642,4114.2642,4031.9123,4032.5672,4113.0192,18080243500.0,347852011602.5,0.619445,1.0,-1.956033,0.0,0.0,0.0,0.0,0.0,1.0,1.0,1.0,19.239343297699502,SH000300
2023-04-24,4031.303,4033.6367,3967.907,3982.6429,4032.5672,17009921700.0,328375614674.3,0.58259,1.0,-1.238028,0.0,0.0,0.0,0.0,0.0,1.0,1.0,1.0,19.304945693800576,SH000300
2023-04-25,3985.1055,3991.6868,3925.436,3962.6658,3982.6429,17255540900.0,331110619767.7,0.590811,1.0,-0.501604,0.0,0.0,0.0,0.0,0.0,1.0,1.0,1.0,19.188654918820887,SH000300
2023-04-26,3950.2553,3975.6562,3934.6625,3959.2323,3962.6658,16270200600.0,322062811333.5,0.556745,1.0,-0.086646,0.0,0.0,0.0,0.0,0.0,1.0,1.0,1.0,19.794642933505074,SH000300
2023-04-27,3948.0313,3999.1302,3942.8152,3988.4185,3959.2323,15382819500.0,304804002557.4,0.526379,1.0,0.737168,0.0,0.0,0.0,0.0,0.0,1.0,1.0,1.0,19.814573170893674,SH000300
2023-04-28,3993.2561,4030.4469,3993.2561,4029.0858,3988.4185,17950848800.0,328936294025.2,0.614253,1.0,1.019635,0.0,0.0,0.0,0.0,0.0,1.0,1.0,1.0,18.324275230105,SH000300
2023-05-04,4013.4713,4035.7832,4001.1259,4030.2471,4029.0858,22758284600.0,345492506049.3,0.778534,1.0,0.028823,0.0,0.0,0.0,0.0,0.0,1.0,1.0,1.0,15.180955512319237,SH000300
2023-05-05,4031.0946,4047.6015,3998.392,4016.8774,4030.2471,20662692400.0,307694489937.0,0.706846,1.0,-0.331734,0.0,0.0,0.0,0.0,0.0,1.0,1.0,1.0,14.891306707784121,SH000300
2023-05-08,4028.1056,4070.7724,4018.9608,4062.6624,4016.8774,25558308500.0,359539954170.1,0.873923,1.0,1.139816,0.0,0.0,0.0,0.0,0.0,1.0,1.0,1.0,14.067439328784218,SH000300
2023-05-09,4065.439,4092.8501,4026.3886,4027.8754,4062.6624,27930604800.0,396422120420.6,0.954894,1.0,-0.856261,0.0,0.0,0.0,0.0,0.0,1.0,1.0,1.0,14.193109073692524,SH000300
2023-05-10,4017.9358,4019.0587,3984.6287,3996.8695,4027.8754,20755270900.0,309484851741.1,0.709583,1.0,-0.769783,0.0,0.0,0.0,0.0,0.0,1.0,1.0,1.0,14.911144895781629,SH000300
2023-05-11,4005.7823,4018.0579,3988.4816,3990.6637,3996.8695,14480461900.0,241052071431.6,0.494978,1.0,-0.155267,0.0,0.0,0.0,0.0,0.0,1.0,1.0,1.0,16.64671148588154,SH000300
2023-05-12,3987.769,3999.3831,3937.5274,3937.7622,3990.6637,14442172800.0,228992923388.1,0.493669,1.0,-1.325632,0.0,0.0,0.0,0.0,0.0,1.0,1.0,1.0,15.85584984747586,SH000300
2023-05-15,3938.83,3998.8872,3923.0317,3998.8872,3937.7622,17625736200.0,279531163508.4,0.602411,1.0,1.552278,0.0,0.0,0.0,0.0,0.0,1.0,1.0,1.0,15.85926172595276,SH000300
2023-05-16,4002.5237,4005.015,3966.9921,3978.2054,3998.8872,13683327100.0,234840652671.0,0.467599,1.0,-0.517189,0.0,0.0,0.0,0.0,0.0,1.0,1.0,1.0,17.16254029116939,SH000300
2023-05-17,3971.7017,3982.6044,3945.7137,3960.165,3978.2054,11844818500.0,205195685976.4,0.404772,1.0,-0.453481,0.0,0.0,0.0,0.0,0.0,1.0,1.0,1.0,17.323666544692095,SH000300
2023-05-18,3965.5162,3982.7178,3939.5526,3956.0701,3960.165,13653394700.0,229134184412.9,0.466576,1.0,-0.103402,0.0,0.0,0.0,0.0,0.0,1.0,1.0,1.0,16.782213467607438,SH000300
2023-05-19,3946.2215,3967.2816,3928.316,3944.5403,3956.0701,12021247900.0,207094944781.3,0.4108,1.0,-0.291446,0.0,0.0,0.0,0.0,0.0,1.0,1.0,1.0,17.22740821119744,SH000300
2023-05-22,3941.0015,3985.4031,3935.8015,3969.3277,3944.5403,10911660500.0,202185550245.9,0.372882,1.0,0.628398,0.0,0.0,0.0,0.0,0.0,1.0,1.0,1.0,18.529310937221698,SH000300
2023-05-23,3968.2346,3971.939,3913.1882,3913.1882,3969.3277,11868507700.0,189955815340.0,0.405571,1.0,-1.414333,0.0,0.0,0.0,0.0,0.0,1.0,1.0,1.0,16.005029456230627,SH000300
2023-05-24,3903.7818,3903.7818,3859.0935,3859.0935,3913.1882,13725826500.0,211768410520.2,0.469057,1.0,-1.382369,0.0,0.0,0.0,0.0,0.0,1.0,1.0,1.0,15.42846330748826,SH000300
2023-05-25,3851.4053,3861.3815,3817.8365,3850.4996,3859.0935,12415077000.0,213313620055.3,0.424252,1.0,-0.222692,0.0,0.0,0.0,0.0,0.0,1.0,1.0,1.0,17.181820141373265,SH000300
2023-05-26,3848.4174,3859.6291,3815.5701,3850.9511,3850.4996,10032643900.0,191537814872.5,0.342775,1.0,0.011726,0.0,0.0,0.0,0.0,0.0,1.0,1.0,1.0,19.091459517714966,SH000300
2023-05-29,3862.0838,3866.7238,3819.1822,3833.9416,3850.9511,13185996700.0,230095604813.4,0.450513,1.0,-0.441696,0.0,0.0,0.0,0.0,0.0,1.0,1.0,1.0,17.44999714836877,SH000300
2023-05-30,3827.7924,3844.0052,3789.2736,3837.7531,3833.9416,13761962900.0,244566265534.9,0.470183,1.0,0.099415,0.0,0.0,0.0,0.0,0.0,1.0,1.0,1.0,17.771176053301232,SH000300
2023-05-31,3827.1634,3827.1634,3781.4034,3798.5434,3837.7531,12638736800.0,235606123947.6,0.431807,1.0,-1.021684,0.0,0.0,0.0,0.0,0.0,1.0,1.0,1.0,18.641587974804573,SH000300
2023-06-01,3788.5902,3832.2051,3786.7344,3806.8679,3798.5434,13456188100.0,241829546409.4,0.459566,1.0,0.21915,0.0,0.0,0.0,0.0,0.0,1.0,1.0,1.0,17.97162350973676,SH000300
2023-06-02,3821.6198,3865.2843,3821.6198,3861.8337,3806.8679,12501511000.0,232696547130.8,0.426929,1.0,1.443859,0.0,0.0,0.0,0.0,0.0,1.0,1.0,1.0,18.613473773754226,SH000300
2023-06-05,3860.5557,3860.5557,3832.4578,3844.2492,3861.8337,11616398900.0,211144360143.7,0.396457,1.0,-0.455341,0.0,0.0,0.0,0.0,0.0,1.0,1.0,1.0,18.176404061305092,SH000300
2023-06-06,3840.4587,3867.8452,3802.8449,3808.1629,3844.2492,12578125800.0,222091722592.2,0.429275,1.0,-0.938709,0.0,0.0,0.0,0.0,0.0,1.0,1.0,1.0,17.65698054889863,SH000300
2023-06-07,3815.4823,3823.1124,3780.1021,3789.3418,3808.1629,9886243200.0,189879792179.6,0.337428,1.0,-0.49423,0.0,0.0,0.0,0.0,0.0,1.0,1.0,1.0,19.206465827140487,SH000300
2023-06-08,3791.0826,3834.3888,3777.7752,3820.1867,3789.3418,11870093400.0,199119300649.7,0.404853,1.0,0.813991,0.0,0.0,0.0,0.0,0.0,1.0,1.0,1.0,16.774872272673104,SH000300
2023-06-09,3822.4088,3836.7026,3811.2189,3836.7026,3820.1867,13431986300.0,247296087070.9,0.458079,1.0,0.432332,0.0,0.0,0.0,0.0,0.0,1.0,1.0,1.0,18.410984164784324,SH000300
2023-06-12,3827.3253,3859.7156,3813.8577,3844.4324,3836.7026,12675854300.0,240791270473.5,0.421684,1.0,0.20147,0.0,0.0,0.0,0.0,0.0,1.0,1.0,1.0,18.996058551532894,SH000300
2023-06-13,3838.1287,3867.3034,3833.4598,3864.9074,3844.4324,11092494600.0,225435215314.9,0.36901,1.0,0.532588,0.0,0.0,0.0,0.0,0.0,1.0,1.0,1.0,20.32322065001501,SH000300
2023-06-14,3872.7155,3891.6656,3862.0609,3864.0247,3864.9074,12495575900.0,243932581183.9,0.415686,1.0,-0.022839,0.0,0.0,0.0,0.0,0.0,1.0,1.0,1.0,19.521515705722695,SH000300
2023-06-15,3871.7746,3925.4994,3871.7746,3925.4994,3864.0247,12836993800.0,282635910894.2,0.426773,1.0,1.59095,0.0,0.0,0.0,0.0,0.0,1.0,1.0,1.0,22.017297452788362,SH000300
2023-06-16,3932.2114,3968.0128,3928.5419,3963.3509,3925.4994,13976007600.0,280374762837.8,0.464356,1.0,0.964247,0.0,0.0,0.0,0.0,0.0,1.0,1.0,1.0,20.06114842394619,SH000300
2023-06-19,3957.0327,3957.0327,3922.4742,3930.9079,3963.3509,13490584800.0,268213068579.8,0.447863,1.0,-0.818575,0.0,0.0,0.0,0.0,0.0,1.0,1.0,1.0,19.881500509881526,SH000300
2023-06-20,3926.094,3937.4945,3918.473,3924.2377,3930.9079,12252031800.0,266274081286.8,0.406639,1.0,-0.169686,0.0,0.0,0.0,0.0,0.0,1.0,1.0,1.0,21.733055025763154,SH000300
2023-06-21,3909.1044,3920.1276,3864.0323,3864.0323,3924.2377,11834657500.0,243630705591.5,0.392613,1.0,-1.534194,0.0,0.0,0.0,0.0,0.0,1.0,1.0,1.0,20.586206706150982,SH000300
2023-06-26,3833.4436,3841.2862,3801.0537,3809.6962,3864.0323,13399041900.0,247713845779.5,0.444056,1.0,-1.406202,0.0,0.0,0.0,0.0,0.0,1.0,1.0,1.0,18.48742974521932,SH000300
2023-06-27,3811.6872,3851.8957,3806.3242,3845.4334,3809.6962,11699268100.0,210097713687.6,0.38761,1.0,0.938059,0.0,0.0,0.0,0.0,0.0,1.0,1.0,1.0,17.95819293068427,SH000300
2023-06-28,3836.6086,3846.8516,3808.1607,3840.7986,3845.4334,10702154100.0,206187959876.8,0.354575,1.0,-0.120527,0.0,0.0,0.0,0.0,0.0,1.0,1.0,1.0,19.266024199445976,SH000300
2023-06-29,3836.7305,3840.7132,3817.3759,3821.8435,3840.7986,9828927400.0,204110031407.8,0.325642,1.0,-0.49352,0.0,0.0,0.0,0.0,0.0,1.0,1.0,1.0,20.76625689673931,SH000300
2023-06-30,3816.3345,3860.0311,3813.552,3842.4516,3821.8435,10126842900.0,208146272909.0,0.335512,1.0,0.539219,0.0,0.0,0.0,0.0,0.0,1.0,1.0,1.0,20.553915466487584,SH000300
2023-07-03,3853.2919,3897.3273,3853.2919,3892.8821,3842.4516,13315805100.0,256876520211.7,0.438266,1.0,1.312456,0.0,0.0,0.0,0.0,0.0,1.0,1.0,1.0,19.29109943278608,SH000300
2023-07-04,3888.0328,3899.9755,3878.3978,3899.0133,3892.8821,10949452700.0,216335611421.8,0.360279,1.0,0.157498,0.0,0.0,0.0,0.0,0.0,1.0,1.0,1.0,19.75766436452116,SH000300
2023-07-05,3895.1945,3899.5188,3864.1301,3868.8054,3899.0133,9763638400.0,188400265050.6,0.321257,1.0,-0.774758,0.0,0.0,0.0,0.0,0.0,1.0,1.0,1.0,19.29611250766927,SH000300
2023-07-06,3857.0304,3876.8901,3836.4573,3842.7547,3868.8054,10012184200.0,184742420862.3,0.32942,1.0,-0.673353,0.0,0.0,0.0,0.0,0.0,1.0,1.0,1.0,18.451760092697853,SH000300
2023-07-07,3831.5955,3844.8438,3819.0772,3825.6988,3842.7547,10090692000.0,173918560673.0,0.331981,1.0,-0.443846,0.0,0.0,0.0,0.0,0.0,1.0,1.0,1.0,17.235543476403798,SH000300
2023-07-10,3841.5591,3865.4566,3831.92,3844.3269,3825.6988,9203344100.0,185360813110.7,0.302771,1.0,0.48692,0.0,0.0,0.0,0.0,0.0,1.0,1.0,1.0,20.140593581706895,SH000300
2023-07-11,3853.7955,3870.6549,3844.5244,3869.4861,3844.3269,8651071600.0,177585694368.3,0.284602,1.0,0.65445,0.0,0.0,0.0,0.0,0.0,1.0,1.0,1.0,20.52759502860894,SH000300
2023-07-12,3864.6013,3874.0403,3838.5632,3843.4369,3869.4861,11152202400.0,214046519056.1,0.366609,1.0,-0.673195,0.0,0.0,0.0,0.0,0.0,1.0,1.0,1.0,19.19320609318389,SH000300
2023-07-13,3855.662,3901.1023,3855.662,3898.4229,3843.4369,12030023200.0,235278706834.5,0.395195,1.0,1.430647,0.0,0.0,0.0,0.0,0.0,1.0,1.0,1.0,19.557627023902995,SH000300
2023-07-14,3904.6033,3908.4871,3893.7862,3899.1027,3898.4229,12236484600.0,220230466522.9,0.401977,1.0,0.017438,0.0,0.0,0.0,0.0,0.0,1.0,1.0,1.0,17.997854263053622,SH000300
2023-07-17,3881.6225,3881.6225,3852.2626,3867.1749,3899.1027,9834014400.0,174623552807.4,0.322785,1.0,-0.81885,0.0,0.0,0.0,0.0,0.0,1.0,1.0,1.0,17.757097529509412,SH000300
2023-07-18,3871.0444,3871.0444,3844.5129,3854.9393,3867.1749,9143861500.0,167104315117.1,0.300017,1.0,-0.316396,0.0,0.0,0.0,0.0,0.0,1.0,1.0,1.0,18.2750269256703,SH000300
2023-07-19,3848.4826,3860.0092,3830.4073,3850.8663,3854.9393,7958570000.0,151311481029.8,0.26112,1.0,-0.105657,0.0,0.0,0.0,0.0,0.0,1.0,1.0,1.0,19.01239557229502,SH000300
2023-07-20,3857.7725,3875.6241,3818.7134,3823.6946,3850.8663,9204207600.0,174320872139.8,0.30199,1.0,-0.7056,0.0,0.0,0.0,0.0,0.0,1.0,1.0,1.0,18.939259055803998,SH000300
2023-07-21,3816.9835,3849.5109,3808.803,3821.91,3823.6946,7950756300.0,157144211209.3,0.260864,1.0,-0.046672,0.0,0.0,0.0,0.0,0.0,1.0,1.0,1.0,19.764687191997066,SH000300
2023-07-24,3803.3492,3828.7853,3798.8048,3805.221,3821.91,7548354500.0,151448369566.2,0.24766,1.0,-0.436666,0.0,0.0,0.0,0.0,0.0,1.0,1.0,1.0,20.063759534107735,SH000300
2023-07-25,3866.6445,3915.8148,3866.6445,3915.1153,3805.221,16306632000.0,299853562168.1,0.535001,1.0,2.887987,0.0,0.0,0.0,0.0,0.0,1.0,1.0,1.0,18.38844233242646,SH000300
2023-07-26,3908.174,3912.9834,3893.3987,3907.0128,3915.1153,10788171700.0,192912604792.0,0.353945,1.0,-0.206954,0.0,0.0,0.0,0.0,0.0,1.0,1.0,1.0,17.8818626692788,SH000300
2023-07-27,3914.2298,3935.3578,3894.6923,3902.3458,3907.0128,11066710900.0,196845425513.0,0.363027,1.0,-0.119452,0.0,0.0,0.0,0.0,0.0,1.0,1.0,1.0,17.787166150061804,SH000300
2023-07-28,3889.7929,4000.919,3886.5535,3992.7376,3902.3458,17973548100.0,310092467404.5,0.589595,1.0,2.316345,0.0,0.0,0.0,0.0,0.0,1.0,1.0,1.0,17.252713024675412,SH000300
2023-07-31,4018.8895,4064.3621,4002.0784,4014.6301,3992.7376,19960683000.0,366544120003.6,0.654776,1.0,0.548308,0.0,0.0,0.0,0.0,0.0,1.0,1.0,1.0,18.36330550430564,SH000300
2023-08-01,4009.1831,4031.7008,3983.0273,3998.001,4014.6301,14228685900.0,255620773637.6,0.466748,1.0,-0.414213,0.0,0.0,0.0,0.0,0.0,1.0,1.0,1.0,17.965170883250718,SH000300
2023-08-02,3985.6951,4008.3343,3958.5127,3969.895,3998.001,12585569000.0,204875690923.8,0.412848,1.0,-0.703001,0.0,0.0,0.0,0.0,0.0,1.0,1.0,1.0,16.278619657466418,SH000300
2023-08-03,3962.1296,4004.9996,3962.1296,4004.9839,3969.895,12900664000.0,224809824820.3,0.423184,1.0,0.883875,0.0,0.0,0.0,0.0,0.0,1.0,1.0,1.0,17.426221225535368,SH000300
2023-08-04,4033.7239,4058.2431,4011.6202,4020.5792,4004.9839,17826718900.0,316529733837.7,0.584767,1.0,0.389397,0.0,0.0,0.0,0.0,0.0,1.0,1.0,1.0,17.755916588649413,SH000300
2023-08-07,4002.9677,4002.9677,3977.0173,3990.1531,4020.5792,12131066200.0,227090572750.9,0.397885,1.0,-0.756759,0.0,0.0,0.0,0.0,0.0,1.0,1.0,1.0,18.719753812809955,SH000300
2023-08-08,3980.0423,4002.2904,3963.4632,3979.7322,3990.1531,10987169900.0,202611335313.8,0.360365,1.0,-0.261165,0.0,0.0,0.0,0.0,0.0,1.0,1.0,1.0,18.440721055364765,SH000300
2023-08-09,3967.3566,3982.1091,3961.8434,3967.5652,3979.7322,9464026900.0,174394242765.3,0.310401,1.0,-0.305724,0.0,0.0,0.0,0.0,0.0,1.0,1.0,1.0,18.427065413909588,SH000300
2023-08-10,3962.8569,3976.4637,3945.3869,3975.7166,3967.5652,9717684900.0,175646730198.2,0.318717,1.0,0.205451,0.0,0.0,0.0,0.0,0.0,1.0,1.0,1.0,18.07495633020577,SH000300
2023-08-11,3977.9834,3977.9834,3884.2538,3884.2538,3975.7166,12608293100.0,203546314647.4,0.4135,1.0,-2.300536,0.0,0.0,0.0,0.0,0.0,1.0,1.0,1.0,16.14384382033441,SH000300
2023-08-14,3840.8872,3859.4718,3814.0711,3855.9061,3884.2538,11596633600.0,197623765246.4,0.380265,1.0,-0.729811,0.0,0.0,0.0,0.0,0.0,1.0,1.0,1.0,17.041477040923326,SH000300
2023-08-15,3858.3662,3865.284,3811.6839,3846.5357,3855.9061,10309711100.0,177437071692.5,0.338063,1.0,-0.243014,0.0,0.0,0.0,0.0,0.0,1.0,1.0,1.0,17.210673506893905,SH000300
2023-08-16,3830.8274,3852.4198,3817.6324,3818.3338,3846.5357,9461694600.0,169323869027.6,0.310256,1.0,-0.733177,0.0,0.0,0.0,0.0,0.0,1.0,1.0,1.0,17.895723354630366,SH000300
2023-08-17,3801.1969,3836.1507,3782.4967,3831.1008,3818.3338,9841549300.0,174093848242.9,0.322709,1.0,0.334361,0.0,0.0,0.0,0.0,0.0,1.0,1.0,1.0,17.689679026746326,SH000300
2023-08-18,3832.4554,3844.195,3784.0038,3784.0038,3831.1008,9554963800.0,168445686988.2,0.313312,1.0,-1.229333,0.0,0.0,0.0,0.0,0.0,1.0,1.0,1.0,17.629128745438052,SH000300
2023-08-21,3773.225,3782.1112,3729.555,3729.555,3784.0038,9870836900.0,173379942906.6,0.32367,1.0,-1.43892,0.0,0.0,0.0,0.0,0.0,1.0,1.0,1.0,17.564867565241606,SH000300
2023-08-22,3748.0675,3770.0556,3704.6785,3758.2271,3729.555,12031832700.0,203463879671.8,0.39453,1.0,0.768781,0.0,0.0,0.0,0.0,0.0,1.0,1.0,1.0,16.91046449405833,SH000300
2023-08-23,3751.7736,3756.1659,3695.0309,3696.6339,3758.2271,9708163800.0,160476231586.9,0.318336,1.0,-1.63889,0.0,0.0,0.0,0.0,0.0,1.0,1.0,1.0,16.530029250938266,SH000300
2023-08-24,3711.5403,3748.8567,3701.5717,3723.4293,3696.6339,11961452100.0,196257391083.7,0.39222,1.0,0.724859,0.0,0.0,0.0,0.0,0.0,1.0,1.0,1.0,16.407488776692926,SH000300
2023-08-25,3703.5136,3734.2185,3695.8442,3709.1517,3723.4293,10518261000.0,175601437172.9,0.344883,1.0,-0.383453,0.0,0.0,0.0,0.0,0.0,1.0,1.0,1.0,16.694911561226707,SH000300
2023-08-28,3911.5485,3911.5485,3740.5279,3752.6194,3709.1517,19799037900.0,335047670966.8,0.649191,1.0,1.171904,0.0,0.0,0.0,0.0,0.0,1.0,1.0,1.0,16.922421819638014,SH000300
2023-08-29,3743.0534,3810.3772,3742.0758,3790.1067,3752.6194,15248614600.0,262134936751.0,0.499423,1.0,0.998964,0.0,0.0,0.0,0.0,0.0,1.0,1.0,1.0,17.190737888476768,SH000300
2023-08-30,3803.1191,3813.7032,3780.2411,3788.5097,3790.1067,12967166100.0,226727480838.7,0.424695,1.0,-0.042136,0.0,0.0,0.0,0.0,0.0,1.0,1.0,1.0,17.48473637880678,SH000300
2023-08-31,3786.9261,3793.9972,3762.0046,3765.2678,3788.5097,11896164600.0,193577001342.0,0.389625,1.0,-0.613484,0.0,0.0,0.0,0.0,0.0,1.0,1.0,1.0,16.2722194800499,SH000300
2023-09-01,3778.9129,3808.5306,3778.9129,3791.4912,3765.2678,10531904500.0,172219141586.1,0.344943,1.0,0.696455,0.0,0.0,0.0,0.0,0.0,1.0,1.0,1.0,16.352136651647385,SH000300
2023-09-04,3812.9873,3854.2605,3804.5886,3848.9517,3791.4912,14238520100.0,237934727924.3,0.46634,1.0,1.515512,0.0,0.0,0.0,0.0,0.0,1.0,1.0,1.0,16.71063609513042,SH000300
2023-09-05,3839.5779,3839.5779,3814.3338,3820.3174,3848.9517,10405233300.0,181377877955.3,0.340792,1.0,-0.743951,0.0,0.0,0.0,0.0,0.0,1.0,1.0,1.0,17.431409054067053,SH000300
2023-09-06,3808.1,3817.5239,3790.8949,3812.0283,3820.3174,9344239300.0,166081524007.0,0.306042,1.0,-0.216974,0.0,0.0,0.0,0.0,0.0,1.0,1.0,1.0,17.773680518541514,SH000300
2023-09-07,3802.2272,3802.2272,3756.853,3758.4748,3812.0283,9510390300.0,164405748827.5,0.311479,1.0,-1.404856,0.0,0.0,0.0,0.0,0.0,1.0,1.0,1.0,17.286961275132946,SH000300
2023-09-08,3747.6509,3753.263,3724.987,3739.9927,3758.4748,7163816600.0,129197657303.1,0.234614,1.0,-0.491745,0.0,0.0,0.0,0.0,0.0,1.0,1.0,1.0,18.034752216172034,SH000300
2023-09-11,3740.5846,3788.3219,3734.7228,3767.537,3739.9927,10535801600.0,186871759441.3,0.345046,1.0,0.73648,0.0,0.0,0.0,0.0,0.0,1.0,1.0,1.0,17.73683356388374,SH000300
2023-09-12,3764.3331,3775.093,3755.4162,3760.6048,3767.537,7938537800.0,140117510233.3,0.259986,1.0,-0.183998,0.0,0.0,0.0,0.0,0.0,1.0,1.0,1.0,17.65029200129273,SH000300
2023-09-13,3759.6091,3768.8162,3719.1114,3736.6513,3760.6048,8157690100.0,138238089912.5,0.267164,1.0,-0.636959,0.0,0.0,0.0,0.0,0.0,1.0,1.0,1.0,16.945739323010077,SH000300
2023-09-14,3736.9355,3748.8177,3717.3107,3733.5077,3736.6513,10038607500.0,151578100463.9,0.328763,1.0,-0.084129,0.0,0.0,0.0,0.0,0.0,1.0,1.0,1.0,15.099514595415748,SH000300
2023-09-15,3740.7853,3749.0247,3699.3806,3708.7766,3733.5077,10939568900.0,180398970938.3,0.35827,1.0,-0.662409,0.0,0.0,0.0,0.0,0.0,1.0,1.0,1.0,16.49050091345921,SH000300
2023-09-18,3698.9344,3737.5306,3691.1107,3727.711,3708.7766,8672774100.0,156966973910.5,0.283905,1.0,0.51053,0.0,0.0,0.0,0.0,0.0,1.0,1.0,1.0,18.098819604963538,SH000300
2023-09-19,3723.4244,3724.0717,3702.6934,3720.5021,3727.711,8319903800.0,135216895229.4,0.272353,1.0,-0.193387,0.0,0.0,0.0,0.0,0.0,1.0,1.0,1.0,16.252218592888056,SH000300
2023-09-20,3715.9578,3718.5207,3705.1274,3705.6898,3720.5021,7544820900.0,117691805957.0,0.246981,1.0,-0.398126,0.0,0.0,0.0,0.0,0.0,1.0,1.0,1.0,15.599019183742321,SH000300
2023-09-21,3698.313,3708.4557,3672.4448,3672.4448,3705.6898,8303100500.0,135011796555.2,0.271803,1.0,-0.897134,0.0,0.0,0.0,0.0,0.0,1.0,1.0,1.0,16.26040736893405,SH000300
2023-09-22,3672.6402,3740.4183,3664.7661,3738.9327,3672.4448,11023116600.0,192236467362.8,0.360843,1.0,1.810453,0.0,0.0,0.0,0.0,0.0,1.0,1.0,1.0,17.43939344366547,SH000300
2023-09-25,3738.0622,3738.0622,3711.2049,3714.6037,3738.9327,9259647900.0,155793827361.5,0.303096,1.0,-0.650694,0.0,0.0,0.0,0.0,0.0,1.0,1.0,1.0,16.825027154812226,SH000300
2023-09-26,3711.7106,3723.8481,3692.6172,3692.8928,3714.6037,7804452500.0,137808437774.8,0.255463,1.0,-0.584474,0.0,0.0,0.0,0.0,0.0,1.0,1.0,1.0,17.65766884670001,SH000300
2023-09-27,3694.9607,3731.1405,3694.3938,3700.495,3692.8928,9162921000.0,164790435265.8,0.29993,1.0,0.20586,0.0,0.0,0.0,0.0,0.0,1.0,1.0,1.0,17.984487181085594,SH000300
2023-09-28,3711.2117,3716.0569,3685.3001,3689.5172,3700.495,8522171900.0,153500421344.0,0.278956,1.0,-0.296658,0.0,0.0,0.0,0.0,0.0,1.0,1.0,1.0,18.011889826348142,SH000300
2023-10-09,3678.929,3694.1713,3641.9966,3684.7272,3689.5172,10214805800.0,178072374748.1,0.334135,1.0,-0.129827,0.0,0.0,0.0,0.0,0.0,1.0,1.0,1.0,17.43277143341286,SH000300
2023-10-10,3696.2542,3701.2562,3655.589,3657.1259,3684.7272,9916373000.0,161938958924.8,0.324343,1.0,-0.749073,0.0,0.0,0.0,0.0,0.0,1.0,1.0,1.0,16.330462652504096,SH000300
2023-10-11,3674.7514,3689.5347,3658.355,3667.5483,3657.1259,10209158700.0,187667554127.0,0.33392,1.0,0.284989,0.0,0.0,0.0,0.0,0.0,1.0,1.0,1.0,18.382274156145698,SH000300
2023-10-12,3697.9337,3711.4985,3682.8418,3702.3824,3667.5483,11436322500.0,194598219817.3,0.374058,1.0,0.949793,0.0,0.0,0.0,0.0,0.0,1.0,1.0,1.0,17.015803796832415,SH000300
2023-10-13,3677.9585,3678.1913,3652.3094,3663.4104,3702.3824,9828798700.0,170152309003.0,0.321479,1.0,-1.05262,0.0,0.0,0.0,0.0,0.0,1.0,1.0,1.0,17.311607877674817,SH000300
2023-10-16,3664.039,3664.039,3615.7686,3626.5972,3663.4104,9185311800.0,159537973598.4,0.300431,1.0,-1.004889,0.0,0.0,0.0,0.0,0.0,1.0,1.0,1.0,17.368814153744893,SH000300
2023-10-17,3635.2994,3645.5654,3619.1277,3639.4018,3626.5972,9074518800.0,147056233347.4,0.296808,1.0,0.353075,0.0,0.0,0.0,0.0,0.0,1.0,1.0,1.0,16.205402907689166,SH000300
2023-10-18,3631.0671,3632.0579,3608.9768,3610.5767,3639.4018,9454587900.0,158982356667.4,0.309239,1.0,-0.792029,0.0,0.0,0.0,0.0,0.0,1.0,1.0,1.0,16.81536607929786,SH000300
2023-10-19,3588.5154,3588.5154,3532.3059,3533.5445,3610.5767,11173752000.0,189194781843.9,0.365469,1.0,-2.133515,0.0,0.0,0.0,0.0,0.0,1.0,1.0,1.0,16.93207275800465,SH000300
2023-10-20,3518.3464,3535.6623,3501.725,3510.5889,3533.5445,9851860500.0,169591289145.3,0.322233,1.0,-0.649648,0.0,0.0,0.0,0.0,0.0,1.0,1.0,1.0,17.21413829857822,SH000300
2023-10-23,3500.199,3505.3468,3450.6456,3474.2438,3510.5889,9656165200.0,152054894179.0,0.315793,1.0,-1.035299,0.0,0.0,0.0,0.0,0.0,1.0,1.0,1.0,15.746923445240974,SH000300
2023-10-24,3481.7644,3495.0039,3453.1016,3487.1302,3474.2438,11554728900.0,186529203442.0,0.377883,1.0,0.370912,0.0,0.0,0.0,0.0,0.0,1.0,1.0,1.0,16.143105135248998,SH000300
2023-10-25,3524.2965,3531.8314,3500.9154,3504.4576,3487.1302,12800961700.0,203691741119.2,0.418635,1.0,0.496896,0.0,0.0,0.0,0.0,0.0,1.0,1.0,1.0,15.912221744964677,SH000300
2023-10-26,3484.7807,3515.5716,3478.0503,3514.1448,3504.4576,10514356600.0,176088467225.8,0.343855,1.0,0.276425,0.0,0.0,0.0,0.0,0.0,1.0,1.0,1.0,16.747431528601567,SH000300
2023-10-27,3501.171,3576.5861,3494.5488,3562.3851,3514.1448,12022510800.0,224301960437.0,0.393169,1.0,1.372747,0.0,0.0,0.0,0.0,0.0,1.0,1.0,1.0,18.656831685857167,SH000300
2023-10-30,3554.1055,3592.7188,3554.0238,3583.7718,3562.3851,14401042600.0,242973328094.4,0.470659,1.0,0.600348,0.0,0.0,0.0,0.0,0.0,1.0,1.0,1.0,16.871926210009267,SH000300
2023-10-31,3581.6759,3581.6759,3554.5822,3572.5056,3583.7718,11258726700.0,196317658324.1,0.36796,1.0,-0.314367,0.0,0.0,0.0,0.0,0.0,1.0,1.0,1.0,17.436932572854797,SH000300
2023-11-01,3605.7576,3606.4126,3564.6421,3571.0268,3572.5056,9764553800.0,182943566435.3,0.319127,1.0,-0.041394,0.0,0.0,0.0,0.0,0.0,1.0,1.0,1.0,18.735476313858804,SH000300
2023-11-02,3580.0672,3597.1699,3553.7406,3554.1889,3571.0268,9035964300.0,149465055433.9,0.295315,1.0,-0.471514,0.0,0.0,0.0,0.0,0.0,1.0,1.0,1.0,16.54112947678423,SH000300
2023-11-03,3558.5303,3596.101,3558.5303,3584.1364,3554.1889,9754210100.0,165865989200.0,0.318789,1.0,0.842597,0.0,0.0,0.0,0.0,0.0,1.0,1.0,1.0,17.004553674725543,SH000300
2023-11-06,3608.3187,3635.7897,3600.6304,3632.6084,3584.1364,15298246300.0,254465948110.4,0.499976,1.0,1.352404,0.0,0.0,0.0,0.0,0.0,1.0,1.0,1.0,16.633667880638058,SH000300
2023-11-07,3623.7849,3628.4615,3606.2975,3619.7593,3632.6084,11028859100.0,190433605311.0,0.360383,1.0,-0.353716,0.0,0.0,0.0,0.0,0.0,1.0,1.0,1.0,17.266845426559126,SH000300
2023-11-08,3610.6434,3627.0479,3591.8248,3611.0723,3619.7593,11059423000.0,192594372352.5,0.361382,1.0,-0.239988,0.0,0.0,0.0,0.0,0.0,1.0,1.0,1.0,17.414504567959828,SH000300
2023-11-09,3603.1082,3624.4141,3601.3744,3612.8263,3611.0723,11187205700.0,189355228591.7,0.365554,1.0,0.048573,0.0,0.0,0.0,0.0,0.0,1.0,1.0,1.0,16.926052284146344,SH000300
2023-11-10,3596.0688,3599.4519,3576.1011,3586.4893,3612.8263,10210703400.0,166924677328.0,0.333646,1.0,-0.728986,0.0,0.0,0.0,0.0,0.0,1.0,1.0,1.0,16.348009611952886,SH000300
2023-11-13,3593.9109,3599.3897,3562.7682,3579.4141,3586.4893,9670764900.0,164821249625.0,0.316002,1.0,-0.197274,0.0,0.0,0.0,0.0,0.0,1.0,1.0,1.0,17.043248525770696,SH000300
2023-11-14,3581.1034,3600.1483,3568.882,3582.0584,3579.4141,10088415800.0,165935163426.0,0.329649,1.0,0.073875,0.0,0.0,0.0,0.0,0.0,1.0,1.0,1.0,16.448089245687118,SH000300
2023-11-15,3616.8765,3620.6007,3596.9158,3607.2454,3582.0584,10492921800.0,188932150501.0,0.342867,1.0,0.703143,0.0,0.0,0.0,0.0,0.0,1.0,1.0,1.0,18.00567602638571,SH000300
2023-11-16,3600.9813,3605.2898,3572.3636,3572.3641,3607.2454,8746478000.0,146629217157.8,0.2858,1.0,-0.966979,0.0,0.0,0.0,0.0,0.0,1.0,1.0,1.0,16.764372717544134,SH000300
2023-11-17,3561.3112,3573.6819,3547.0287,3568.0685,3572.3641,8731920700.0,139621898705.2,0.28528,1.0,-0.120245,0.0,0.0,0.0,0.0,0.0,1.0,1.0,1.0,15.989826694738538,SH000300
2023-11-20,3569.7314,3586.9731,3545.1038,3576.3233,3568.0685,9108044500.0,157449634694.0,0.297568,1.0,0.231352,0.0,0.0,0.0,0.0,0.0,1.0,1.0,1.0,17.286875870446174,SH000300
2023-11-21,3587.8779,3615.0569,3575.682,3581.0674,3576.3233,10859431400.0,175922105929.9,0.354788,1.0,0.132653,0.0,0.0,0.0,0.0,0.0,1.0,1.0,1.0,16.19993712837488,SH000300
2023-11-22,3569.4389,3574.3782,3544.4162,3544.4162,3581.0674,8478438100.0,136041195538.9,0.276999,1.0,-1.023471,0.0,0.0,0.0,0.0,0.0,1.0,1.0,1.0,16.045549184218256,SH000300
2023-11-23,3541.4416,3562.0675,3529.939,3561.5204,3544.4162,8480016700.0,141499811491.0,0.27705,1.0,0.482567,0.0,0.0,0.0,0.0,0.0,1.0,1.0,1.0,16.68626566395795,SH000300
2023-11-24,3560.6462,3560.6462,3533.9955,3538.0087,3561.5204,8501840300.0,140101998555.3,0.277771,1.0,-0.660159,0.0,0.0,0.0,0.0,0.0,1.0,1.0,1.0,16.479020260507596,SH000300
2023-11-27,3534.4445,3534.4445,3492.8623,3511.9424,3538.0087,9910231400.0,155975437035.7,0.323758,1.0,-0.736751,0.0,0.0,0.0,0.0,0.0,1.0,1.0,1.0,15.738828967777685,SH000300
2023-11-28,3510.6554,3521.0463,3501.1093,3518.5232,3511.9424,8933578900.0,147740535862.4,0.291852,1.0,0.187383,0.0,0.0,0.0,0.0,0.0,1.0,1.0,1.0,16.53766508542282,SH000300
2023-11-29,3518.8836,3519.198,3482.2444,3488.3073,3518.5232,9884141200.0,155948235975.9,0.322912,1.0,-0.858767,0.0,0.0,0.0,0.0,0.0,1.0,1.0,1.0,15.7776212237741,SH000300
2023-11-30,3485.5171,3505.1273,3481.4515,3496.2028,3488.3073,10135082000.0,153790180653.3,0.330893,1.0,0.226342,0.0,0.0,0.0,0.0,0.0,1.0,1.0,1.0,15.174044043580505,SH000300
2023-12-01,3494.2234,3494.2234,3452.1728,3482.8813,3496.2028,10853094100.0,176078323469.4,0.354335,1.0,-0.381028,0.0,0.0,0.0,0.0,0.0,1.0,1.0,1.0,16.223790363100232,SH000300
2023-12-04,3481.0449,3488.133,3459.611,3460.138,3482.8813,9715682600.0,164664395292.9,0.3172,1.0,-0.653002,0.0,0.0,0.0,0.0,0.0,1.0,1.0,1.0,16.94830945721714,SH000300
2023-12-05,3450.0898,3450.0898,3393.8139,3394.2571,3460.138,10047200700.0,164840691112.1,0.328027,1.0,-1.903996,0.0,0.0,0.0,0.0,0.0,1.0,1.0,1.0,16.406628675398114,SH000300
2023-12-06,3387.8798,3420.2773,3382.9457,3399.598,3394.2571,10580551900.0,172142987724.9,0.345416,1.0,0.157351,0.0,0.0,0.0,0.0,0.0,1.0,1.0,1.0,16.26975505170954,SH000300
2023-12-07,3394.3064,3404.4074,3369.7675,3391.2823,3399.598,9771324800.0,160949948197.3,0.0,1.0,-0.244608,0.0,0.0,0.0,0.0,0.0,1.0,1.0,1.0,16.471660853736026,SH000300
2023-12-08,3391.8585,3409.3845,3383.4479,3399.4618,3391.2823,12952205400.0,203034222561.1,0.422835,1.0,0.241192,0.0,0.0,0.0,0.0,0.0,1.0,1.0,1.0,15.675648763344967,SH000300
2023-12-11,3378.0517,3426.6106,3346.8902,3419.4548,3399.4618,13962624900.0,219761181423.1,0.45177,1.0,0.588123,0.0,0.0,0.0,0.0,0.0,1.0,1.0,1.0,15.739245521313117,SH000300
2023-12-12,3409.9976,3427.5456,3406.1013,3426.803,3419.4548,10559001300.0,166979964779.7,0.280559,1.0,0.214894,0.0,0.0,0.0,0.0,0.0,1.0,1.0,1.0,15.8139922550914,SH000300
2023-12-13,3418.6413,3418.6413,3369.605,3369.605,3426.803,9528536700.0,165455928375.6,0.308301,1.0,-1.669136,0.0,0.0,0.0,0.0,0.0,1.0,1.0,1.0,17.364253671353335,SH000300
2023-12-14,3387.3847,3399.1394,3350.7648,3351.9639,3369.605,8365513500.0,150245775736.4,0.27067,1.0,-0.523536,0.0,0.0,0.0,0.0,0.0,1.0,1.0,1.0,17.960137860801968,SH000300
2023-12-15,3365.9388,3388.5047,3339.519,3341.5517,3351.9639,9778778300.0,164907019372.1,0.316394,1.0,-0.31063,0.0,0.0,0.0,0.0,0.0,1.0,1.0,1.0,16.86376501368274,SH000300
2023-12-18,3329.191,3352.3458,3314.9095,3329.3657,3341.5517,9052682600.0,142303319418.9,0.292901,1.0,-0.364681,0.0,0.0,0.0,0.0,0.0,1.0,1.0,1.0,15.719464130875416,SH000300
2023-12-19,3325.6596,3345.7795,3313.1874,3334.0412,3329.3657,8380811800.0,135293655396.1,0.271162,1.0,0.140432,0.0,0.0,0.0,0.0,0.0,1.0,1.0,1.0,16.143263758303224,SH000300
2023-12-20,3334.332,3338.5434,3297.3652,3297.5022,3334.0412,9241286800.0,141290542802.3,0.29898,1.0,-1.095937,0.0,0.0,0.0,0.0,0.0,1.0,1.0,1.0,15.28905506993896,SH000300
2023-12-21,3285.6049,3339.3552,3283.9883,3330.8698,3297.5022,10254619800.0,171120780579.5,0.331773,1.0,1.011905,0.0,0.0,0.0,0.0,0.0,1.0,1.0,1.0,16.687189180772943,SH000300
2023-12-22,3329.4668,3359.0601,3315.8976,3337.2281,3330.8698,10522013300.0,167336342309.2,0.340424,1.0,0.19089,0.0,0.0,0.0,0.0,0.0,1.0,1.0,1.0,15.903452841026157,SH000300
2023-12-25,3330.3333,3348.882,3330.3333,3347.4508,3337.2281,7454269300.0,121838327071.1,0.241154,1.0,0.306323,0.0,0.0,0.0,0.0,0.0,1.0,1.0,1.0,16.344771320657816,SH000300
2023-12-26,3345.3952,3345.4171,3315.937,3324.7902,3347.4508,7473293500.0,121689997434.6,0.241769,1.0,-0.676951,0.0,0.0,0.0,0.0,0.0,1.0,1.0,1.0,16.28331570740531,SH000300
2023-12-27,3326.9267,3341.2659,3309.6731,3336.3572,3324.7902,9440392800.0,140924923674.8,0.305455,1.0,0.347902,0.0,0.0,0.0,0.0,0.0,1.0,1.0,1.0,14.927866526358944,SH000300
2023-12-28,3335.5572,3423.4018,3331.2082,3414.5403,3336.3572,14806485100.0,245855634464.3,0.479081,1.0,2.343367,0.0,0.0,0.0,0.0,0.0,1.0,1.0,1.0,16.604591353305047,SH000300
2023-12-29,3411.1094,3432.5412,3409.5795,3431.1099,3414.5403,11492893200.0,193573180515.1,0.371867,1.0,0.485266,0.0,0.0,0.0,0.0,0.0,1.0,1.0,1.0,16.842859073562085,SH000300
2024-01-02,3426.2684,3426.2684,3386.3522,3386.3522,3431.1099,11618072600.0,184096097448.7,0.375897,1.0,-1.304467,0.0,0.0,0.0,0.0,0.0,1.0,1.0,1.0,15.845665953981042,SH000300
2024-01-03,3379.7501,3392.8504,3362.6617,3378.2971,3386.3522,10561385100.0,165099018642.5,0.341667,1.0,-0.23787,0.0,0.0,0.0,0.0,0.0,1.0,1.0,1.0,15.632326354854724,SH000300
2024-01-04,3375.0207,3375.0207,3323.8647,3347.0519,3378.2971,10672101300.0,165512262698.6,0.345235,1.0,-0.92488,0.0,0.0,0.0,0.0,0.0,1.0,1.0,1.0,15.508872905713517,SH000300
2024-01-05,3341.3061,3372.5444,3313.5542,3329.1114,3347.0519,12640057400.0,182251664948.1,0.408897,1.0,-0.536009,0.0,0.0,0.0,0.0,0.0,1.0,1.0,1.0,14.418578902030935,SH000300
2024-01-08,3322.6051,3333.516,3283.3421,3286.0564,3329.1114,11742948500.0,170761644873.4,0.379561,1.0,-1.293288,0.0,0.0,0.0,0.0,0.0,1.0,1.0,1.0,14.541632782720626,SH000300
2024-01-09,3286.7083,3304.6008,3273.8431,3292.4994,3286.0564,10933046500.0,172276323045.2,0.353382,1.0,0.196071,0.0,0.0,0.0,0.0,0.0,1.0,1.0,1.0,15.75739415772173,SH000300
2024-01-10,3281.6692,3312.9161,3268.2471,3277.129,3292.4994,9419936600.0,159777649838.1,0.30448,1.0,-0.466831,0.0,0.0,0.0,0.0,0.0,1.0,1.0,1.0,16.961648111103,SH000300
2024-01-11,3275.3086,3311.1137,3266.7911,3295.6717,3277.129,10878973500.0,180978533555.5,0.351652,1.0,0.565821,0.0,0.0,0.0,0.0,0.0,1.0,1.0,1.0,16.635625921462168,SH000300
2024-01-12,3284.358,3310.4704,3279.6987,3284.1667,3295.6717,9685355500.0,156536022291.9,0.313069,1.0,-0.349094,0.0,0.0,0.0,0.0,0.0,1.0,1.0,1.0,16.16213491512005,SH000300
2024-01-15,3270.1029,3306.9217,3261.2687,3280.9195,3284.1667,8885153000.0,144331722430.6,0.2872,1.0,-0.098874,0.0,0.0,0.0,0.0,0.0,1.0,1.0,1.0,16.24414598494815,SH000300
2024-01-16,3272.571,3300.8762,3260.4362,3300.8762,3280.9195,11327666500.0,175650587488.9,0.366149,1.0,0.608265,0.0,0.0,0.0,0.0,0.0,1.0,1.0,1.0,15.506334644377109,SH000300
2024-01-17,3291.1392,3291.1392,3229.082,3229.082,3300.8762,10876972800.0,173516385174.7,0.351579,1.0,-2.175004,0.0,0.0,0.0,0.0,0.0,1.0,1.0,1.0,15.952635753092993,SH000300
2024-01-18,3214.2844,3279.2538,3171.6329,3274.7286,3229.082,17490916800.0,256784536828.0,0.565314,1.0,1.413609,0.0,0.0,0.0,0.0,0.0,1.0,1.0,1.0,14.681022142189825,SH000300
2024-01-19,3261.2393,3286.9415,3251.8136,3269.7763,3274.7286,11850140800.0,191261807098.8,0.383001,1.0,-0.151228,0.0,0.0,0.0,0.0,0.0,1.0,1.0,1.0,16.14004511227411,SH000300
2024-01-22,3262.4685,3281.4205,3193.1776,3218.9016,3269.7763,14870562800.0,225510031844.3,0.480611,1.0,-1.555908,0.0,0.0,0.0,0.0,0.0,1.0,1.0,1.0,15.164861940820423,SH000300
2024-01-23,3208.4316,3249.5306,3188.1259,3231.9329,3218.9016,12201200000.0,193791168624.2,0.394338,1.0,0.404837,0.0,0.0,0.0,0.0,0.0,1.0,1.0,1.0,15.882959760039997,SH000300
2024-01-24,3245.9592,3281.4892,3190.4674,3277.1089,3231.9329,15437195400.0,219036341624.5,0.498924,1.0,1.397801,0.0,0.0,0.0,0.0,0.0,1.0,1.0,1.0,14.188868894183978,SH000300
2024-01-25,3274.3391,3344.2426,3269.7943,3342.9189,3277.1089,19683361400.0,265521114954.3,0.636158,1.0,2.008173,0.0,0.0,0.0,0.0,0.0,1.0,1.0,1.0,13.489622506971802,SH000300
2024-01-26,3326.6465,3351.9692,3315.1265,3333.8213,3342.9189,18066400500.0,238144899501.0,0.583893,1.0,-0.272145,0.0,0.0,0.0,0.0,0.0,1.0,1.0,1.0,13.181646200138207,SH000300
2024-01-29,3335.3936,3351.3715,3303.9604,3303.9604,3333.8213,18416479500.0,244698013593.3,0.595207,1.0,-0.895696,0.0,0.0,0.0,0.0,0.0,1.0,1.0,1.0,13.286905002299706,SH000300
2024-01-30,3283.8977,3300.204,3244.9719,3245.0387,3303.9604,14364935000.0,199592929911.7,0.464264,1.0,-1.783366,0.0,0.0,0.0,0.0,0.0,1.0,1.0,1.0,13.894454093366939,SH000300
2024-01-31,3231.5425,3252.1475,3201.9264,3215.3518,3245.0387,15314346900.0,215333349921.2,0.494947,1.0,-0.91484,0.0,0.0,0.0,0.0,0.0,1.0,1.0,1.0,14.060890178816571,SH000300
2024-02-01,3202.2564,3251.7582,3191.8968,3217.7109,3215.3518,14551679200.0,203815063232.5,0.470211,1.0,0.07337,0.0,0.0,0.0,0.0,0.0,1.0,1.0,1.0,14.006291674743627,SH000300
2024-02-02,3219.8734,3235.4079,3108.3515,3179.6276,3217.7109,17375808900.0,234495151557.0,0.561288,1.0,-1.183553,0.0,0.0,0.0,0.0,0.0,1.0,1.0,1.0,13.49549554248378,SH000300
2024-02-05,3164.25,3233.8485,3111.5184,3200.4218,3179.6276,20304297000.0,279713141507.2,0.655858,1.0,0.653982,0.0,0.0,0.0,0.0,0.0,1.0,1.0,1.0,13.776056442988398,SH000300
2024-02-06,3185.2498,3314.512,3182.8216,3311.6922,3200.4218,20271309900.0,285042020945.9,0.654793,1.0,3.476742,0.0,0.0,0.0,0.0,0.0,1.0,1.0,1.0,14.06135184909289,SH000300
2024-02-07,3314.0306,3343.6303,3289.6704,3343.6303,3311.6922,21664793300.0,297997664575.2,0.699802,1.0,0.964404,0.0,0.0,0.0,0.0,0.0,1.0,1.0,1.0,13.75492765837743,SH000300
2024-02-08,3351.4052,3367.2101,3336.9779,3364.9297,3343.6303,18997757800.0,270239765211.0,0.613653,1.0,0.637014,0.0,0.0,0.0,0.0,0.0,1.0,1.0,1.0,14.22482421641358,SH000300
2024-02-19,3393.1916,3403.8078,3364.1418,3403.8078,3364.9297,18331980000.0,267674145147.3,0.592126,1.0,1.155391,0.0,0.0,0.0,0.0,0.0,1.0,1.0,1.0,14.601485772257005,SH000300
2024-02-20,3395.1916,3415.8943,3380.103,3410.8542,3403.8078,14073458100.0,218459281946.0,0.454507,1.0,0.207015,0.0,0.0,0.0,0.0,0.0,1.0,1.0,1.0,15.52278625436061,SH000300
2024-02-21,3390.3619,3500.1338,3383.6911,3456.8713,3410.8542,18887936200.0,291823544608.2,0.609993,1.0,1.349137,0.0,0.0,0.0,0.0,0.0,1.0,1.0,1.0,15.450261030011315,SH000300
2024-02-22,3450.3518,3486.6826,3448.4135,3486.6747,3456.8713,14102078400.0,225098128872.7,0.455431,1.0,0.86215,0.0,0.0,0.0,0.0,0.0,1.0,1.0,1.0,15.962053428429387,SH000300
2024-02-23,3491.3367,3507.5592,3472.968,3489.7416,3486.6747,14482127300.0,232926057113.9,0.467697,1.0,0.087961,0.0,0.0,0.0,0.0,0.0,1.0,1.0,1.0,16.083690765092225,SH000300
2024-02-26,3485.5427,3492.6061,3445.3889,3453.3585,3489.7416,15124833100.0,238951637715.0,0.488448,1.0,-1.042573,0.0,0.0,0.0,0.0,0.0,1.0,1.0,1.0,15.798629719424804,SH000300
2024-02-27,3440.0516,3494.7874,3437.4422,3494.7874,3453.3585,13952824600.0,244488721250.8,0.450598,1.0,1.19967,0.0,0.0,0.0,0.0,0.0,1.0,1.0,1.0,17.52252524200727,SH000300
2024-02-28,3499.8257,3521.6574,3450.2598,3450.2598,3494.7874,18983754800.0,328300591256.4,0.613069,1.0,-1.274115,0.0,0.0,0.0,0.0,0.0,1.0,1.0,1.0,17.2937648381552,SH000300
2024-02-29,3437.8984,3516.0826,3437.8984,3516.0826,3450.2598,15594453200.0,281971899288.2,0.503612,1.0,1.907764,0.0,0.0,0.0,0.0,0.0,1.0,1.0,1.0,18.081550899662197,SH000300
2024-03-01,3515.0587,3544.3595,3503.459,3537.8038,3516.0826,16270957000.0,288575619224.5,0.525459,1.0,0.617767,0.0,0.0,0.0,0.0,0.0,1.0,1.0,1.0,17.73562668898332,SH000300
2024-03-04,3538.366,3548.6901,3519.7599,3540.8686,3537.8038,16324461300.0,297719931809.3,0.527187,1.0,0.08663,0.0,0.0,0.0,0.0,0.0,1.0,1.0,1.0,18.237657362041098,SH000300
2024-03-05,3524.9644,3570.6935,3519.0816,3565.5143,3540.8686,16642238900.0,299895929709.1,0.537436,1.0,0.696035,0.0,0.0,0.0,0.0,0.0,1.0,1.0,1.0,18.020167329114592,SH000300
2024-03-06,3556.5323,3577.3883,3545.1013,3551.0481,3565.5143,14307661300.0,248294165707.4,0.462044,1.0,-0.405725,0.0,0.0,0.0,0.0,0.0,1.0,1.0,1.0,17.35393091164382,SH000300
2024-03-07,3548.1007,3569.9185,3522.8964,3529.7195,3551.0481,14811051000.0,251839533036.1,0.4783,1.0,-0.600628,0.0,0.0,0.0,0.0,0.0,1.0,1.0,1.0,17.003488343676626,SH000300
2024-03-08,3529.5509,3548.5055,3511.577,3544.9099,3529.7195,12579266400.0,225379101014.0,0.406223,1.0,0.430357,0.0,0.0,0.0,0.0,0.0,1.0,1.0,1.0,17.91671261640504,SH000300
2024-03-11,3545.9427,3589.2635,3542.2789,3589.2635,3544.9099,14820282500.0,286418582154.6,0.47859,1.0,1.251191,0.0,0.0,0.0,0.0,0.0,1.0,1.0,1.0,19.326121627883946,SH000300
2024-03-12,3592.5826,3605.6976,3574.2117,3597.4939,3589.2635,18068556000.0,339997042337.1,0.505569,1.0,0.229306,0.0,0.0,0.0,0.0,0.0,1.0,1.0,1.0,18.817056677750006,SH000300
2024-03-13,3594.4211,3594.4211,3563.3685,3572.361,3597.4939,14459059000.0,266898756379.8,0.466923,1.0,-0.698622,0.0,0.0,0.0,0.0,0.0,1.0,1.0,1.0,18.458929891620194,SH000300
2024-03-14,3571.7885,3597.46,3545.612,3562.2229,3572.361,14096272200.0,263803609335.2,0.455207,1.0,-0.283793,0.0,0.0,0.0,0.0,0.0,1.0,1.0,1.0,18.714423614436164,SH000300
2024-03-15,3554.9068,3572.8091,3533.6798,3569.993,3562.2229,13831604400.0,243991558366.2,0.446661,1.0,0.218125,0.0,0.0,0.0,0.0,0.0,1.0,1.0,1.0,17.640148699322257,SH000300
2024-03-18,3577.0564,3604.0519,3573.404,3603.528,3569.993,16037943800.0,295314840611.0,0.517909,1.0,0.939358,0.0,0.0,0.0,0.0,0.0,1.0,1.0,1.0,18.41351012908525,SH000300
2024-03-19,3593.3396,3610.7389,3577.188,3577.6303,3603.528,14557178600.0,259553448413.4,0.470116,1.0,-0.718676,0.0,0.0,0.0,0.0,0.0,1.0,1.0,1.0,17.82992814372697,SH000300
2024-03-20,3568.7158,3589.5456,3568.4341,3585.3838,3577.6303,12952896600.0,223752103886.2,0.418309,1.0,0.216722,0.0,0.0,0.0,0.0,0.0,1.0,1.0,1.0,17.27429090155788,SH000300
2024-03-21,3593.07,3601.1145,3575.0331,3581.0902,3585.3838,13074337700.0,233162492629.6,0.422231,1.0,-0.119753,0.0,0.0,0.0,0.0,0.0,1.0,1.0,1.0,17.833598762681493,SH000300
2024-03-22,3571.2736,3575.7171,3522.8404,3545.0023,3581.0902,13922735800.0,248850931022.2,0.449623,1.0,-1.007735,0.0,0.0,0.0,0.0,0.0,1.0,1.0,1.0,17.873709204637784,SH000300
2024-03-25,3536.7136,3564.9604,3525.7634,3525.7634,3545.0023,13701572400.0,233747256235.1,0.442448,1.0,-0.542705,0.0,0.0,0.0,0.0,0.0,1.0,1.0,1.0,17.05988549424444,SH000300
2024-03-26,3526.6818,3547.6461,3518.6018,3543.7467,3525.7634,12620953500.0,226730734844.1,0.407552,1.0,0.510054,0.0,0.0,0.0,0.0,0.0,1.0,1.0,1.0,17.964628016742157,SH000300
2024-03-27,3538.7244,3542.9624,3502.7866,3502.7866,3543.7467,12862676300.0,216404726565.9,0.415358,1.0,-1.155842,0.0,0.0,0.0,0.0,0.0,1.0,1.0,1.0,16.824237936074002,SH000300
2024-03-28,3498.482,3551.2143,3489.3861,3520.9648,3502.7866,14333471700.0,232530806334.5,0.462852,1.0,0.518964,0.0,0.0,0.0,0.0,0.0,1.0,1.0,1.0,16.222922903911687,SH000300
2024-03-29,3516.883,3538.2378,3516.883,3537.4843,3520.9648,12864329000.0,201749384356.7,0.41541,1.0,0.469175,0.0,0.0,0.0,0.0,0.0,1.0,1.0,1.0,15.682853288088326,SH000300
2024-04-01,3551.5815,3600.9193,3551.5815,3595.6466,3537.4843,16277656100.0,251637272845.1,0.525631,1.0,1.644171,0.0,0.0,0.0,0.0,0.0,1.0,1.0,1.0,15.45906064725744,SH000300
2024-04-02,3593.2206,3596.1903,3568.7539,3580.6759,3595.6466,14127297200.0,220207515542.9,0.455384,1.0,-0.416356,0.0,0.0,0.0,0.0,0.0,1.0,1.0,1.0,15.587377573036404,SH000300
2024-04-03,3578.6835,3582.4324,3558.874,3567.8031,3580.6759,13559233100.0,214222897580.1,0.437073,1.0,-0.359508,0.0,0.0,0.0,0.0,0.0,1.0,1.0,1.0,15.799042320476076,SH000300
2024-04-08,3553.5554,3567.82,3535.7688,3536.4077,3567.8031,15530428300.0,243249251687.2,0.500613,1.0,-0.879964,0.0,0.0,0.0,0.0,0.0,1.0,1.0,1.0,15.662752307172367,SH000300
2024-04-09,3533.3849,3543.7141,3518.8601,3533.4871,3536.4077,12967094200.0,195893525574.7,0.417986,1.0,-0.082587,0.0,0.0,0.0,0.0,0.0,1.0,1.0,1.0,15.106971735787962,SH000300
2024-04-10,3528.9679,3531.2295,3490.0525,3504.7086,3533.4871,12879027400.0,199754768626.1,0.415147,1.0,-0.81445,0.0,0.0,0.0,0.0,0.0,1.0,1.0,1.0,15.51008181146505,SH000300
2024-04-11,3485.0294,3520.5893,3484.9252,3504.2447,3504.7086,12653439500.0,200293481885.7,0.407862,1.0,-0.013236,0.0,0.0,0.0,0.0,0.0,1.0,1.0,1.0,15.829172920588114,SH000300
2024-04-12,3505.7499,3516.6988,3470.0611,3475.8389,3504.2447,12892111600.0,208566204702.9,0.415556,1.0,-0.810611,0.0,0.0,0.0,0.0,0.0,1.0,1.0,1.0,16.177815642155934,SH000300
2024-04-15,3473.5047,3552.4125,3473.5047,3549.0759,3475.8389,18394125000.0,267472484531.0,0.592905,1.0,2.107031,0.0,0.0,0.0,0.0,0.0,1.0,1.0,1.0,14.541190979782947,SH000300
2024-04-16,3533.3636,3545.5034,3503.6158,3511.1146,3549.0759,17615306500.0,253315972272.3,0.567792,1.0,-1.069611,0.0,0.0,0.0,0.0,0.0,1.0,1.0,1.0,14.380446475472906,SH000300
2024-04-17,3509.1318,3565.9389,3498.0324,3565.403,3511.1146,16846639800.0,244987812753.2,0.543016,1.0,1.546187,0.0,0.0,0.0,0.0,0.0,1.0,1.0,1.0,14.542236057851728,SH000300
2024-04-18,3550.5562,3602.7902,3547.5996,3569.8018,3565.403,17857410500.0,261329927268.4,0.575596,1.0,0.123375,0.0,0.0,0.0,0.0,0.0,1.0,1.0,1.0,14.634256588792647,SH000300
2024-04-19,3550.6087,3560.9492,3529.3237,3541.6619,3569.8018,14728150500.0,226229520121.3,0.474731,1.0,-0.788276,0.0,0.0,0.0,0.0,0.0,1.0,1.0,1.0,15.36034820674191,SH000300
2024-04-22,3536.1844,3558.1642,3528.0186,3530.9045,3541.6619,15057904200.0,229511183118.0,0.485224,1.0,-0.303739,0.0,0.0,0.0,0.0,0.0,1.0,1.0,1.0,15.241907510475462,SH000300
2024-04-23,3525.6681,3533.7584,3499.9838,3506.2249,3530.9045,14311350400.0,213257232210.7,0.461167,1.0,-0.69896,0.0,0.0,0.0,0.0,0.0,1.0,1.0,1.0,14.901265516544129,SH000300
2024-04-24,3514.0108,3524.537,3495.6494,3521.6219,3506.2249,12173985100.0,195299919746.2,0.392189,1.0,0.439133,0.0,0.0,0.0,0.0,0.0,1.0,1.0,1.0,16.04239845391301,SH000300
2024-04-25,3510.6396,3543.9699,3505.1999,3530.2813,3521.6219,11518772200.0,184524622000.7,0.371081,1.0,0.245892,0.0,0.0,0.0,0.0,0.0,1.0,1.0,1.0,16.019469679303146,SH000300
2024-04-26,3531.9647,3588.4003,3531.9647,3584.2686,3530.2813,19721613300.0,308045062250.7,0.63513,1.0,1.529263,0.0,0.0,0.0,0.0,0.0,1.0,1.0,1.0,15.619668511130376,SH000300
2024-04-29,3584.5427,3645.8229,3578.7597,3623.9124,3584.2686,22272138100.0,358709708837.6,0.717249,1.0,1.10605,0.0,0.0,0.0,0.0,0.0,1.0,1.0,1.0,16.105759906257045,SH000300
2024-04-30,3619.2586,3630.7092,3604.3943,3604.3943,3623.9124,19129689900.0,286674161757.8,0.616049,1.0,-0.538592,0.0,0.0,0.0,0.0,0.0,1.0,1.0,1.0,14.985823777404775,SH000300
2024-05-06,3654.0485,3668.2565,3645.738,3657.8767,3604.3943,20801800700.0,333270472130.0,0.669898,1.0,1.483811,0.0,0.0,0.0,0.0,0.0,1.0,1.0,1.0,16.021231860470618,SH000300
2024-05-07,3657.0007,3665.684,3648.376,3659.0076,3657.8767,16483428600.0,247368347983.1,0.530822,1.0,0.030917,0.0,0.0,0.0,0.0,0.0,1.0,1.0,1.0,15.007093122792428,SH000300
2024-05-08,3650.7484,3650.9355,3628.6984,3630.2233,3659.0076,13003533600.0,199923460349.8,0.418736,1.0,-0.78667,0.0,0.0,0.0,0.0,0.0,1.0,1.0,1.0,15.374548680352545,SH000300
2024-05-09,3630.4142,3669.7593,3630.4142,3664.561,3630.2233,14655901700.0,232694927940.9,0.47194,1.0,0.945884,0.0,0.0,0.0,0.0,0.0,1.0,1.0,1.0,15.877216748860972,SH000300
2024-05-10,3669.0869,3674.6088,3641.7639,3666.2771,3664.561,15072053600.0,233730562074.5,0.485341,1.0,0.04683,0.0,0.0,0.0,0.0,0.0,1.0,1.0,1.0,15.507545837980565,SH000300
2024-05-13,3646.3491,3673.6211,3634.6049,3664.6907,3666.2771,15726745500.0,249688465072.9,0.506422,1.0,-0.04327,0.0,0.0,0.0,0.0,0.0,1.0,1.0,1.0,15.876677413829835,SH000300
2024-05-14,3668.2254,3675.776,3646.7092,3657.0454,3664.6907,13340649000.0,214643548213.8,0.429588,1.0,-0.208621,0.0,0.0,0.0,0.0,0.0,1.0,1.0,1.0,16.08943824350674,SH000300
2024-05-15,3651.0536,3656.5277,3624.002,3626.0559,3657.0454,12352276400.0,191480969435.1,0.397761,1.0,-0.847392,0.0,0.0,0.0,0.0,0.0,1.0,1.0,1.0,15.501674609151396,SH000300
2024-05-16,3636.6007,3657.4831,3626.334,3640.3592,3626.0559,15463050300.0,240288953464.0,0.497922,1.0,0.394459,0.0,0.0,0.0,0.0,0.0,1.0,1.0,1.0,15.539557125025972,SH000300
2024-05-17,3638.5613,3677.9696,3627.447,3677.9696,3640.3592,16457041700.0,247729525192.2,0.529929,1.0,1.033151,0.0,0.0,0.0,0.0,0.0,1.0,1.0,1.0,15.053101870198216,SH000300
2024-05-20,3682.0615,3703.0287,3677.4426,3690.9623,3677.9696,18460942300.0,279971341520.4,0.594431,1.0,0.353257,0.0,0.0,0.0,0.0,0.0,1.0,1.0,1.0,15.16560406130515,SH000300
2024-05-21,3682.2868,3684.6106,3665.1524,3676.1611,3690.9623,13067828300.0,196575354877.9,0.420776,1.0,-0.401012,0.0,0.0,0.0,0.0,0.0,1.0,1.0,1.0,15.042694957807182,SH000300
2024-05-22,3675.6471,3691.8804,3667.0885,3684.451,3676.1611,15191460500.0,230839373504.9,0.489156,1.0,0.225504,0.0,0.0,0.0,0.0,0.0,1.0,1.0,1.0,15.195337769196055,SH000300
2024-05-23,3672.8403,3674.3654,3633.5051,3641.7917,3684.451,14257299000.0,214205039030.7,0.459067,1.0,-1.15782,0.0,0.0,0.0,0.0,0.0,1.0,1.0,1.0,15.024236991221128,SH000300
2024-05-24,3630.827,3650.8734,3599.6678,3601.4754,3641.7917,12479117700.0,195344742155.9,0.401814,1.0,-1.107046,0.0,0.0,0.0,0.0,0.0,1.0,1.0,1.0,15.653730243757536,SH000300
2024-05-27,3606.645,3638.1514,3603.7131,3635.7079,3601.4754,13127264400.0,206143742535.6,0.422552,1.0,0.950513,0.0,0.0,0.0,0.0,0.0,1.0,1.0,1.0,15.703480653257811,SH000300
2024-05-28,3633.2535,3638.9703,3605.9213,3609.1724,3635.7079,12353223800.0,184381267979.1,0.397636,1.0,-0.729858,0.0,0.0,0.0,0.0,0.0,1.0,1.0,1.0,14.925761158726843,SH000300
2024-05-29,3609.0708,3633.1971,3602.8198,3613.5223,3609.1724,11590632100.0,179072813277.6,0.373038,1.0,0.120523,0.0,0.0,0.0,0.0,0.0,1.0,1.0,1.0,15.449788392265509,SH000300
2024-05-30,3607.0522,3624.0352,3586.7543,3594.3121,3613.5223,12260299500.0,193069647050.8,0.39459,1.0,-0.53162,0.0,0.0,0.0,0.0,0.0,1.0,1.0,1.0,15.747547362183116,SH000300
2024-05-31,3599.8196,3614.6439,3579.9247,3579.9247,3594.3121,11246201900.0,180707602931.7,0.361952,1.0,-0.400282,0.0,0.0,0.0,0.0,0.0,1.0,1.0,1.0,16.06832284699602,SH000300
2024-06-03,3577.3798,3600.6044,3567.8713,3588.7483,3579.9247,14105459100.0,222756928174.4,0.453939,1.0,0.246474,0.0,0.0,0.0,0.0,0.0,1.0,1.0,1.0,15.792249411747257,SH000300
2024-06-04,3583.8104,3622.5012,3580.2771,3615.6714,3588.7483,12454509600.0,195790966233.8,0.400809,1.0,0.750209,0.0,0.0,0.0,0.0,0.0,1.0,1.0,1.0,15.72048780096488,SH000300
2024-06-05,3610.3601,3623.3232,3594.1056,3594.7936,3615.6714,11090676600.0,182639598874.9,0.356918,1.0,-0.577425,0.0,0.0,0.0,0.0,0.0,1.0,1.0,1.0,16.46785002052084,SH000300
2024-06-06,3602.1554,3625.0109,3584.171,3592.2454,3594.7936,13789351700.0,226764072639.2,0.443664,1.0,-0.070886,0.0,0.0,0.0,0.0,0.0,1.0,1.0,1.0,16.44486829929793,SH000300
2024-06-07,3594.6335,3603.0698,3552.0853,3574.1143,3592.2454,13110302600.0,213001530097.8,0.421773,1.0,-0.504729,0.0,0.0,0.0,0.0,0.0,1.0,1.0,1.0,16.246881296073212,SH000300
2024-06-11,3555.8186,3565.3113,3525.8945,3542.8771,3574.1143,13452230600.0,219282337214.0,0.430695,1.0,-0.873984,0.0,0.0,0.0,0.0,0.0,1.0,1.0,1.0,16.300816105100072,SH000300
2024-06-12,3539.0947,3551.1706,3531.5657,3544.1225,3542.8771,12281372900.0,200722600631.1,0.393164,1.0,0.035152,0.0,0.0,0.0,0.0,0.0,1.0,1.0,1.0,16.34366143471631,SH000300
2024-06-13,3548.2162,3551.0771,3520.1802,3526.1306,3544.1225,12324546200.0,214792338449.3,0.394489,1.0,-0.507655,0.0,0.0,0.0,0.0,0.0,1.0,1.0,1.0,17.42801194978684,SH000300
2024-06-14,3514.7998,3547.1473,3503.5233,3541.5331,3526.1306,17151694200.0,283768816845.0,0.548947,1.0,0.43681,0.0,0.0,0.0,0.0,0.0,1.0,1.0,1.0,16.54465229708911,SH000300
2024-06-17,3521.4365,3540.7932,3520.7381,3536.1986,3541.5331,13743343800.0,232293851893.9,0.438927,1.0,-0.150627,0.0,0.0,0.0,0.0,0.0,1.0,1.0,1.0,16.902280498425718,SH000300
2024-06-18,3533.4875,3551.7085,3532.7845,3545.5902,3536.1986,12367183800.0,208824124156.0,0.394976,1.0,0.265585,0.0,0.0,0.0,0.0,0.0,1.0,1.0,1.0,16.885341685954405,SH000300
2024-06-19,3543.3599,3543.3599,3524.8449,3528.749,3545.5902,10664279700.0,184790298728.6,0.34059,1.0,-0.47499,0.0,0.0,0.0,0.0,0.0,1.0,1.0,1.0,17.327968126023553,SH000300
2024-06-20,3525.1687,3533.9865,3500.131,3503.2817,3528.749,11161739600.0,186515776574.7,0.356435,1.0,-0.721709,0.0,0.0,0.0,0.0,0.0,1.0,1.0,1.0,16.710278438559882,SH000300
2024-06-21,3496.3428,3505.5123,3473.8283,3495.6198,3503.2817,10918661500.0,182736735066.8,0.348675,1.0,-0.218706,0.0,0.0,0.0,0.0,0.0,1.0,1.0,1.0,16.73618465659,SH000300
2024-06-24,3473.6392,3505.7752,3471.2164,3476.8102,3495.6198,11799018400.0,195787549313.6,0.376687,1.0,-0.538091,0.0,0.0,0.0,0.0,0.0,1.0,1.0,1.0,16.593545554060668,SH000300
2024-06-25,3475.1648,3483.2189,3440.6464,3457.9023,3476.8102,11844811800.0,190886336762.4,0.378149,1.0,-0.543829,0.0,0.0,0.0,0.0,0.0,1.0,1.0,1.0,16.11560740563223,SH000300
2024-06-26,3451.5389,3487.3964,3442.2982,3480.2648,3457.9023,10589886100.0,171538111702.3,0.338085,1.0,0.646707,0.0,0.0,0.0,0.0,0.0,1.0,1.0,1.0,16.198296193412315,SH000300
2024-06-27,3467.2888,3471.1423,3452.5775,3454.1175,3480.2648,11491810100.0,174112508796.1,0.366879,1.0,-0.751302,0.0,0.0,0.0,0.0,0.0,1.0,1.0,1.0,15.151008177214832,SH000300
2024-06-28,3443.6744,3484.678,3443.6744,3461.657,3454.1175,13540915300.0,205118806811.8,0.432306,1.0,0.218276,0.0,0.0,0.0,0.0,0.0,1.0,1.0,1.0,15.14807546368745,SH000300
2024-07-01,3458.2636,3479.9548,3443.8086,3478.1827,3461.657,12182977000.0,188018227774.8,0.388952,1.0,0.477393,0.0,0.0,0.0,0.0,0.0,1.0,1.0,1.0,15.432864050781676,SH000300
2024-07-02,3472.4527,3488.3189,3464.5237,3471.7857,3478.1827,12165012100.0,186104752421.9,0.388376,1.0,-0.183918,0.0,0.0,0.0,0.0,0.0,1.0,1.0,1.0,15.298361472398371,SH000300
2024-07-03,3471.5556,3478.7047,3454.9942,3463.4141,3471.7857,10385710800.0,163035359363.1,0.331515,1.0,-0.241132,0.0,0.0,0.0,0.0,0.0,1.0,1.0,1.0,15.69804537240725,SH000300
2024-07-04,3468.2958,3483.3098,3444.928,3445.8128,3463.4141,10442990900.0,159477153569.5,0.288439,1.0,-0.508207,0.0,0.0,0.0,0.0,0.0,1.0,1.0,1.0,15.271214453466584,SH000300
2024-07-05,3443.3588,3451.0386,3399.6693,3431.0605,3445.8128,11660965900.0,181416567402.8,0.372221,1.0,-0.428123,0.0,0.0,0.0,0.0,0.0,1.0,1.0,1.0,15.557593509710888,SH000300
2024-07-08,3420.8033,3428.0418,3395.9123,3401.7604,3431.0605,11552821800.0,177559765827.5,0.368605,1.0,-0.853966,0.0,0.0,0.0,0.0,0.0,1.0,1.0,1.0,15.369384978092539,SH000300
2024-07-09,3396.8044,3448.9279,3384.8086,3439.8111,3401.7604,13162944300.0,215048837819.8,0.419962,1.0,1.118559,0.0,0.0,0.0,0.0,0.0,1.0,1.0,1.0,16.337441906504154,SH000300
2024-07-10,3425.8818,3447.505,3423.6483,3428.9657,3439.8111,12720345600.0,198149476849.1,0.405841,1.0,-0.315291,0.0,0.0,0.0,0.0,0.0,1.0,1.0,1.0,15.57736582637346,SH000300
2024-07-11,3451.0442,3473.9837,3438.118,3468.169,3428.9657,14589246600.0,237551298481.6,0.465468,1.0,1.143298,0.0,0.0,0.0,0.0,0.0,1.0,1.0,1.0,16.282629596623586,SH000300
2024-07-12,3459.9564,3479.0958,3457.3633,3472.4014,3468.169,13087458900.0,205055553856.4,0.417402,1.0,0.122036,0.0,0.0,0.0,0.0,0.0,1.0,1.0,1.0,15.668095344039628,SH000300
2024-07-15,3462.6113,3481.4613,3460.7915,3476.2467,3472.4014,11851708300.0,171584915379.5,0.377987,1.0,0.110739,0.0,0.0,0.0,0.0,0.0,1.0,1.0,1.0,14.477652591188058,SH000300
2024-07-16,3466.8523,3500.2943,3464.3655,3498.2827,3476.2467,12065901700.0,200456285077.5,0.384818,1.0,0.633902,0.0,0.0,0.0,0.0,0.0,1.0,1.0,1.0,16.613452526096744,SH000300
2024-07-17,3494.209,3514.4753,3486.2229,3501.5836,3498.2827,13180206200.0,222830802528.4,0.420274,1.0,0.094358,0.0,0.0,0.0,0.0,0.0,1.0,1.0,1.0,16.906473172506207,SH000300
2024-07-18,3483.2975,3522.7995,3475.7236,3520.931,3501.5836,12376819900.0,215783795702.6,0.394657,1.0,0.552533,0.0,0.0,0.0,0.0,0.0,1.0,1.0,1.0,17.43451043531788,SH000300
2024-07-19,3500.8052,3545.3383,3493.0734,3539.0156,3520.931,13244797500.0,228065104129.0,0.422267,1.0,0.513631,0.0,0.0,0.0,0.0,0.0,1.0,1.0,1.0,17.219221670168984,SH000300
2024-07-22,3538.4012,3540.1874,3494.0143,3514.9249,3539.0156,13212633700.0,217457320403.9,0.421241,1.0,-0.680718,0.0,0.0,0.0,0.0,0.0,1.0,1.0,1.0,16.45828722277376,SH000300
2024-07-23,3509.7887,3509.7887,3439.8779,3439.8779,3514.9249,12889766000.0,202857560168.7,0.410947,1.0,-2.135095,0.0,0.0,0.0,0.0,0.0,1.0,1.0,1.0,15.7378776440705,SH000300
2024-07-24,3432.3459,3451.4196,3408.4129,3418.1663,3439.8779,12703626300.0,184884499786.8,0.405012,1.0,-0.631174,0.0,0.0,0.0,0.0,0.0,1.0,1.0,1.0,14.553679037835046,SH000300
2024-07-25,3404.611,3415.8557,3383.7991,3399.2716,3418.1663,13102224200.0,190131464834.7,0.417705,1.0,-0.552773,0.0,0.0,0.0,0.0,0.0,1.0,1.0,1.0,14.511388443093503,SH000300
2024-07-26,3403.7084,3420.8201,3388.6601,3409.2931,3399.2716,12419555800.0,187853329477.8,0.39593,1.0,0.294813,0.0,0.0,0.0,0.0,0.0,1.0,1.0,1.0,15.125607751430207,SH000300
2024-07-29,3404.3663,3408.5024,3388.8444,3390.742,3409.2931,10978778600.0,166697103823.1,0.349994,1.0,-0.544133,0.0,0.0,0.0,0.0,0.0,1.0,1.0,1.0,15.183574593907924,SH000300
2024-07-30,3380.6893,3380.6893,3352.8043,3369.3821,3390.742,10495216400.0,165442824490.2,0.334578,1.0,-0.629948,0.0,0.0,0.0,0.0,0.0,1.0,1.0,1.0,15.763641089877861,SH000300
2024-07-31,3364.0268,3445.0042,3364.0268,3442.0844,3369.3821,17195917700.0,258249147336.4,0.54819,1.0,2.157734,0.0,0.0,0.0,0.0,0.0,1.0,1.0,1.0,15.018049739584413,SH000300
2024-08-01,3443.1397,3448.3361,3419.1872,3419.2666,3442.0844,13632346400.0,206038002517.7,0.434587,1.0,-0.662906,0.0,0.0,0.0,0.0,0.0,1.0,1.0,1.0,15.113906034378646,SH000300
2024-08-02,3393.9167,3419.1023,3380.9645,3384.3919,3419.2666,11661525500.0,179671192427.6,0.371749,1.0,-1.019947,0.0,0.0,0.0,0.0,0.0,1.0,1.0,1.0,15.407177425251954,SH000300
2024-08-05,3362.1117,3409.0314,3343.3205,3343.3205,3384.3919,14281251600.0,223631266563.2,0.455262,1.0,-1.213553,0.0,0.0,0.0,0.0,0.0,1.0,1.0,1.0,15.65908036822207,SH000300
2024-08-06,3367.3517,3376.7956,3318.6251,3342.9789,3343.3205,11934027900.0,181724693847.5,0.380437,1.0,-0.010217,0.0,0.0,0.0,0.0,0.0,1.0,1.0,1.0,15.22744000351298,SH000300
2024-08-07,3338.5909,3362.3839,3329.9658,3341.489,3342.9789,9508437700.0,145078975325.5,0.303114,1.0,-0.044568,0.0,0.0,0.0,0.0,0.0,1.0,1.0,1.0,15.257919324170363,SH000300
2024-08-08,3332.4281,3364.7855,3320.8432,3342.9369,3341.489,9249569500.0,149482926226.5,0.294828,1.0,0.043331,0.0,0.0,0.0,0.0,0.0,1.0,1.0,1.0,16.161068493674218,SH000300
2024-08-09,3358.128,3366.6688,3331.6274,3331.6274,3342.9369,9151162600.0,142852166559.2,0.291692,1.0,-0.33831,0.0,0.0,0.0,0.0,0.0,1.0,1.0,1.0,15.610275197077147,SH000300
2024-08-12,3327.5561,3338.0771,3319.8908,3325.8645,3331.6274,7993875400.0,117544892726.5,0.254803,1.0,-0.172976,0.0,0.0,0.0,0.0,0.0,1.0,1.0,1.0,14.704368888023948,SH000300
2024-08-13,3328.0138,3335.014,3310.1909,3334.3903,3325.8645,8448967900.0,125259155343.0,0.269309,1.0,0.256348,0.0,0.0,0.0,0.0,0.0,1.0,1.0,1.0,14.825379481321026,SH000300
2024-08-14,3332.7866,3332.7866,3309.1,3309.2389,3334.3903,7874240700.0,118181952004.2,0.25099,1.0,-0.754303,0.0,0.0,0.0,0.0,0.0,1.0,1.0,1.0,15.0086791230804,SH000300
2024-08-15,3301.4455,3356.7644,3297.9711,3341.953,3309.2389,10476639900.0,149249335425.5,0.333857,1.0,0.988569,0.0,0.0,0.0,0.0,0.0,1.0,1.0,1.0,14.24591632909899,SH000300
2024-08-16,3342.0346,3356.9071,3335.6239,3345.634,3341.953,9651908300.0,135885323083.0,0.307576,1.0,0.110145,0.0,0.0,0.0,0.0,0.0,1.0,1.0,1.0,14.078596569654522,SH000300
2024-08-19,3344.2614,3375.9621,3343.7116,3356.9677,3345.634,10557111000.0,143421671337.3,0.336422,1.0,0.338761,0.0,0.0,0.0,0.0,0.0,1.0,1.0,1.0,13.58531432863593,SH000300
2024-08-20,3361.6394,3362.3338,3321.6397,3332.7034,3356.9677,10166833100.0,137910585091.6,0.323917,1.0,-0.722804,0.0,0.0,0.0,0.0,0.0,1.0,1.0,1.0,13.564753521093998,SH000300
2024-08-21,3322.9134,3339.443,3307.9917,3321.635,3332.7034,8995475100.0,130005992563.3,0.286598,1.0,-0.332115,0.0,0.0,0.0,0.0,0.0,1.0,1.0,1.0,14.452376457948287,SH000300
2024-08-22,3322.8723,3327.6962,3305.2453,3313.1357,3321.635,10036650400.0,147702791560.6,0.31977,1.0,-0.255877,0.0,0.0,0.0,0.0,0.0,1.0,1.0,1.0,14.716343169689363,SH000300
2024-08-23,3305.9307,3336.2414,3305.6403,3327.1905,3313.1357,8952577400.0,132680886499.7,0.285233,1.0,0.424214,0.0,0.0,0.0,0.0,0.0,1.0,1.0,1.0,14.820412108327597,SH000300
2024-08-26,3330.7184,3336.5271,3311.5701,3324.2231,3327.1905,9399077200.0,139070603958.0,0.299458,1.0,-0.089186,0.0,0.0,0.0,0.0,0.0,1.0,1.0,1.0,14.796197647786103,SH000300
2024-08-27,3315.686,3320.5667,3299.5635,3305.3338,3324.2231,9580815700.0,129755962864.4,0.30525,1.0,-0.568232,0.0,0.0,0.0,0.0,0.0,1.0,1.0,1.0,13.54331060396037,SH000300
2024-08-28,3298.9089,3305.3496,3274.5881,3286.4956,3305.3338,9269665000.0,135982310964.6,0.295336,1.0,-0.569933,0.0,0.0,0.0,0.0,0.0,1.0,1.0,1.0,14.669603590269983,SH000300
2024-08-29,3273.541,3290.7857,3269.5288,3277.6812,3286.4956,13070233300.0,174340106392.6,0.416423,1.0,-0.268201,0.0,0.0,0.0,0.0,0.0,1.0,1.0,1.0,13.338714190556951,SH000300
2024-08-30,3273.7532,3351.6254,3273.6496,3321.4323,3277.6812,18869544300.0,268376041210.9,0.601191,1.0,1.334819,0.0,0.0,0.0,0.0,0.0,1.0,1.0,1.0,14.222709194461045,SH000300
2024-09-02,3307.5432,3307.7627,3264.7565,3265.011,3321.4323,14761235300.0,194409996348.3,0.470295,1.0,-1.698704,0.0,0.0,0.0,0.0,0.0,1.0,1.0,1.0,13.170306711952488,SH000300
2024-09-03,3261.741,3281.5935,3261.1877,3273.4282,3265.011,12289730600.0,155089488535.3,0.391552,1.0,0.2578,0.0,0.0,0.0,0.0,0.0,1.0,1.0,1.0,12.61943760877069,SH000300
2024-09-04,3253.898,3272.9861,3249.9809,3252.1649,3273.4282,10483248200.0,140070063076.9,0.333997,1.0,-0.649573,0.0,0.0,0.0,0.0,0.0,1.0,1.0,1.0,13.361322788951997,SH000300
2024-09-05,3252.96,3266.882,3247.1725,3257.7578,3252.1649,9710945000.0,134618198893.7,0.309403,1.0,0.171975,0.0,0.0,0.0,0.0,0.0,1.0,1.0,1.0,13.86252304937367,SH000300
2024-09-06,3261.1542,3274.8144,3231.0685,3231.3457,3257.7578,8840041700.0,121541545905.7,0.281655,1.0,-0.810745,0.0,0.0,0.0,0.0,0.0,1.0,1.0,1.0,13.74897879788282,SH000300
2024-09-09,3214.7996,3222.9278,3180.9277,3192.9516,3231.3457,10867306900.0,146516054460.5,0.346241,1.0,-1.188177,0.0,0.0,0.0,0.0,0.0,1.0,1.0,1.0,13.482278158584073,SH000300
2024-09-10,3193.4557,3205.0972,3171.7932,3195.7552,3192.9516,9729007800.0,133610476131.5,0.30998,1.0,0.087806,0.0,0.0,0.0,0.0,0.0,1.0,1.0,1.0,13.733206805682693,SH000300
2024-09-11,3187.0508,3197.3363,3174.0343,3186.1299,3195.7552,10248211000.0,141513837135.3,0.326421,1.0,-0.30119,0.0,0.0,0.0,0.0,0.0,1.0,1.0,1.0,13.80863812574702,SH000300
2024-09-12,3189.4271,3201.5544,3171.8775,3172.4747,3186.1299,9286865700.0,136387244637.1,0.295799,1.0,-0.428583,0.0,0.0,0.0,0.0,0.0,1.0,1.0,1.0,14.686036068885976,SH000300
2024-09-13,3174.0344,3188.9145,3159.247,3159.247,3172.4747,8833667700.0,137448911397.4,0.281364,1.0,-0.416952,0.0,0.0,0.0,0.0,0.0,1.0,1.0,1.0,15.559665143097922,SH000300
2024-09-18,3158.8179,3179.9012,3145.7908,3171.0102,3159.247,8472281400.0,123452147968.9,0.269853,1.0,0.372342,0.0,0.0,0.0,0.0,0.0,1.0,1.0,1.0,14.571299292407828,SH000300
2024-09-19,3178.3959,3213.8378,3149.7925,3196.0357,3171.0102,12543927200.0,181785109712.7,0.399588,1.0,0.789196,0.0,0.0,0.0,0.0,0.0,1.0,1.0,1.0,14.491881753961392,SH000300
2024-09-20,3192.4322,3207.9875,3173.2238,3201.0497,3196.0357,11806409800.0,163985054956.9,0.376094,1.0,0.156882,0.0,0.0,0.0,0.0,0.0,1.0,1.0,1.0,13.889493735589289,SH000300
2024-09-23,3200.8678,3230.1613,3198.0248,3212.7639,3201.0497,9534485500.0,143876166860.9,0.303722,1.0,0.365949,0.0,0.0,0.0,0.0,0.0,1.0,1.0,1.0,15.090081878135951,SH000300
2024-09-24,3244.6468,3351.9684,3222.4885,3351.909,3212.7639,20407221700.0,307879526847.5,0.650073,1.0,4.331009,0.0,0.0,0.0,0.0,0.0,1.0,1.0,1.0,15.086792870364123,SH000300
2024-09-25,3403.7021,3465.4882,3393.438,3401.533,3351.909,24156425500.0,356862584939.5,0.769504,1.0,1.48047,0.0,0.0,0.0,0.0,0.0,1.0,1.0,1.0,14.77298803746854,SH000300
2024-09-26,3399.3188,3545.3249,3391.6772,3545.3204,3401.533,24313401000.0,373983643044.8,0.774504,1.0,4.227135,0.0,0.0,0.0,0.0,0.0,1.0,1.0,1.0,15.381790603659274,SH000300
2024-09-27,3617.9203,3708.4951,3596.5833,3703.6849,3545.3204,26548777400.0,466692757481.8,0.845712,1.0,4.46686,0.0,0.0,0.0,0.0,0.0,1.0,1.0,1.0,17.57869111825089,SH000300
2024-09-30,3846.6515,4038.6968,3796.5045,4017.8545,3703.6849,51021770700.0,862528807419.2,1.615929,1.0,8.482622,0.0,0.0,0.0,0.0,0.0,1.0,1.0,1.0,16.90511316219764,SH000300
2024-10-08,4450.3675,4450.3675,4094.3519,4256.0962,4017.8545,58986789400.0,1130387437130.1,1.868171,1.0,5.929575,0.0,0.0,0.0,0.0,0.0,1.0,1.0,1.0,19.163399951550847,SH000300
2024-10-09,4168.8436,4197.6,3942.5118,3955.9839,4256.0962,48226929500.0,1029032062193.4,1.527204,1.0,-7.051351,0.0,0.0,0.0,0.0,0.0,1.0,1.0,1.0,21.337291692878768,SH000300
2024-10-10,3979.6116,4098.4967,3912.7708,3997.7879,3955.9839,39505309900.0,717952217512.6,1.251015,1.0,1.056728,0.0,0.0,0.0,0.0,0.0,1.0,1.0,1.0,18.17356247375242,SH000300
2024-10-11,3969.7576,3978.2389,3847.1228,3887.167,3997.7879,27409650500.0,484998267295.6,0.867953,1.0,-2.767053,0.0,0.0,0.0,0.0,0.0,1.0,1.0,1.0,17.694434567693595,SH000300
2024-10-14,3915.2186,3979.5431,3868.779,3961.3424,3887.167,30757899300.0,534076602215.5,0.973982,1.0,1.908212,0.0,0.0,0.0,0.0,0.0,1.0,1.0,1.0,17.36388421739517,SH000300
2024-10-15,3942.5342,3967.8712,3855.9949,3855.9949,3961.3424,24248644800.0,434410916723.5,0.767856,1.0,-2.659389,0.0,0.0,0.0,0.0,0.0,1.0,1.0,1.0,17.91485339929182,SH000300
2024-10-16,3806.1373,3877.7483,3805.0868,3831.589,3855.9949,21886640700.0,377301324426.4,0.693063,1.0,-0.632934,0.0,0.0,0.0,0.0,0.0,1.0,1.0,1.0,17.238886935554255,SH000300
2024-10-17,3853.841,3882.0733,3787.7498,3788.2217,3831.589,21231382000.0,369170521634.5,0.672314,1.0,-1.131836,0.0,0.0,0.0,0.0,0.0,1.0,1.0,1.0,17.387964741744085,SH000300
2024-10-18,3780.3143,3998.214,3765.1615,3925.234,3788.2217,31295883400.0,620673701894.1,0.991015,1.0,3.616797,0.0,0.0,0.0,0.0,0.0,1.0,1.0,1.0,19.8324391090395,SH000300
2024-10-21,3946.9016,3979.2638,3896.165,3935.1974,3925.234,29118563400.0,600109598949.1,0.922077,1.0,0.253829,0.0,0.0,0.0,0.0,0.0,1.0,1.0,1.0,20.609176033358157,SH000300
2024-10-22,3923.7443,3965.9084,3917.5218,3957.7755,3935.1974,22343339600.0,442881846813.7,0.707515,1.0,0.573748,0.0,0.0,0.0,0.0,0.0,1.0,1.0,1.0,19.821649526989244,SH000300
2024-10-23,3955.3191,4012.1795,3939.0986,3973.2089,3957.7755,24587394900.0,469120806272.1,0.778574,1.0,0.389951,0.0,0.0,0.0,0.0,0.0,1.0,1.0,1.0,19.079727973625218,SH000300
2024-10-24,3950.8987,3957.9832,3914.0887,3928.8334,3973.2089,17472406200.0,340486884485.3,0.55325,1.0,-1.116868,0.0,0.0,0.0,0.0,0.0,1.0,1.0,1.0,19.487120468004,SH000300
2024-10-25,3931.3205,3992.8918,3921.9396,3956.421,3928.8334,21069488500.0,412231378430.4,0.667141,1.0,0.702183,0.0,0.0,0.0,0.0,0.0,1.0,1.0,1.0,19.56532444678949,SH000300
2024-10-28,3953.1063,3964.1569,3917.2042,3964.1569,3956.421,21616041500.0,390450182338.0,0.684419,1.0,0.195528,0.0,0.0,0.0,0.0,0.0,1.0,1.0,1.0,18.06298263898133,SH000300
2024-10-29,3970.008,3991.3091,3921.5795,3924.649,3964.1569,21729398400.0,429625020404.8,0.688012,1.0,-0.996628,0.0,0.0,0.0,0.0,0.0,1.0,1.0,1.0,19.77160216293885,SH000300
2024-10-30,3904.1595,3926.0581,3864.3051,3889.4487,3924.649,21943662600.0,385010582233.2,0.694796,1.0,-0.896903,0.0,0.0,0.0,0.0,0.0,1.0,1.0,1.0,17.54541113994343,SH000300
2024-10-31,3888.4229,3923.8997,3859.1079,3891.0396,3889.4487,30063671800.0,515533818945.0,0.951898,1.0,0.040903,0.0,0.0,0.0,0.0,0.0,1.0,1.0,1.0,17.14806569119744,SH000300
2024-11-01,3882.4579,3933.2204,3879.9588,3890.0203,3891.0396,30798648100.0,476472952028.3,0.975169,1.0,-0.026196,0.0,0.0,0.0,0.0,0.0,1.0,1.0,1.0,15.470580087841583,SH000300
2024-11-04,3897.7144,3944.7619,3891.2109,3944.7619,3890.0203,22923906000.0,381048606068.1,0.72582,1.0,1.407232,0.0,0.0,0.0,0.0,0.0,1.0,1.0,1.0,16.62232457540613,SH000300
2024-11-05,3937.6228,4046.6977,3925.4138,4044.5725,3944.7619,31686279400.0,580971852723.7,1.003207,1.0,2.530206,0.0,0.0,0.0,0.0,0.0,1.0,1.0,1.0,18.33512371047577,SH000300
2024-11-06,4051.2891,4091.7031,4002.5027,4024.2831,4044.5725,33580793800.0,639124093911.8,1.063092,1.0,-0.501645,0.0,0.0,0.0,0.0,0.0,1.0,1.0,1.0,19.032429600035247,SH000300
2024-11-07,3987.2665,4146.151,3984.6652,4145.6952,4024.2831,34143641400.0,658145920948.1,1.080875,1.0,3.016987,0.0,0.0,0.0,0.0,0.0,1.0,1.0,1.0,19.27579759984534,SH000300
2024-11-08,4192.0794,4200.908,4094.1631,4104.047,4145.6952,33235038500.0,688446559772.2,1.052083,1.0,-1.004613,0.0,0.0,0.0,0.0,0.0,1.0,1.0,1.0,20.714480585668646,SH000300
2024-11-11,4066.9336,4132.5111,4048.039,4131.1312,4104.047,28959422700.0,625605935910.0,0.915963,1.0,0.659939,0.0,0.0,0.0,0.0,0.0,1.0,1.0,1.0,21.602845553616646,SH000300
2024-11-12,4133.3528,4181.7096,4060.7936,4085.743,4131.1312,29777808600.0,660380524820.6,0.941875,1.0,-1.098687,0.0,0.0,0.0,0.0,0.0,1.0,1.0,1.0,22.17693496829716,SH000300
2024-11-13,4059.5898,4121.0735,4059.5898,4110.8901,4085.743,24048409900.0,512734303119.4,0.760654,1.0,0.615484,0.0,0.0,0.0,0.0,0.0,1.0,1.0,1.0,21.320923306426177,SH000300
2024-11-14,4101.2228,4118.1686,4034.9441,4039.6191,4110.8901,23015278400.0,464157560755.1,0.727976,1.0,-1.733712,0.0,0.0,0.0,0.0,0.0,1.0,1.0,1.0,20.167366767768492,SH000300
2024-11-15,4025.6482,4049.071,3968.8308,3968.8308,4039.6191,24739946300.0,474079686588.2,0.782527,1.0,-1.752351,0.0,0.0,0.0,0.0,0.0,1.0,1.0,1.0,19.162518820350066,SH000300
2024-11-18,3982.1036,4034.0596,3931.1872,3950.3806,3968.8308,30677794600.0,472408054830.7,0.970013,1.0,-0.464877,0.0,0.0,0.0,0.0,0.0,1.0,1.0,1.0,15.399022680421101,SH000300
2024-11-19,3954.6038,3979.1505,3896.7493,3976.8912,3950.3806,24294646500.0,402610970340.1,0.768159,1.0,0.67109,0.0,0.0,0.0,0.0,0.0,1.0,1.0,1.0,16.572003644510737,SH000300
2024-11-20,3966.1238,4001.0847,3958.3383,3985.7727,3976.8912,18459937200.0,347577693099.5,0.583672,1.0,0.223328,0.0,0.0,0.0,0.0,0.0,1.0,1.0,1.0,18.828758155228176,SH000300
2024-11-21,3979.4554,3999.5693,3966.0658,3989.2979,3985.7727,16612592700.0,324235010779.0,0.52523,1.0,0.088445,0.0,0.0,0.0,0.0,0.0,1.0,1.0,1.0,19.517423717912497,SH000300
2024-11-22,3984.2435,3990.2647,3865.6989,3865.6989,3989.2979,21628580900.0,397566831847.8,0.683818,1.0,-3.098264,0.0,0.0,0.0,0.0,0.0,1.0,1.0,1.0,18.381549565639787,SH000300
2024-11-25,3875.6126,3889.7069,3812.3179,3848.0909,3865.6989,19070295300.0,349006773180.1,0.602934,1.0,-0.455493,0.0,0.0,0.0,0.0,0.0,1.0,1.0,1.0,18.30106811089076,SH000300
2024-11-26,3836.259,3875.229,3833.2842,3840.1847,3848.0909,14989244100.0,264403254830.0,0.473901,1.0,-0.205458,0.0,0.0,0.0,0.0,0.0,1.0,1.0,1.0,17.639532258334494,SH000300
2024-11-27,3829.3442,3907.164,3817.9125,3907.0447,3840.1847,17413609600.0,320632355477.0,0.550573,1.0,1.741062,0.0,0.0,0.0,0.0,0.0,1.0,1.0,1.0,18.41274513682677,SH000300
2024-11-28,3904.2525,3908.3918,3866.0136,3872.5505,3907.0447,15011729100.0,286432871223.5,0.474631,1.0,-0.882872,0.0,0.0,0.0,0.0,0.0,1.0,1.0,1.0,19.08060486006905,SH000300
2024-11-29,3869.8903,3962.7002,3869.8903,3916.5832,3872.5505,18765671300.0,375262017919.2,0.59332,1.0,1.137047,0.0,0.0,0.0,0.0,0.0,1.0,1.0,1.0,19.997260525350885,SH000300
2024-12-02,3909.7029,3955.1252,3902.1697,3947.632,3916.5832,19728978400.0,368591235990.8,0.62316,1.0,0.792752,0.0,0.0,0.0,0.0,0.0,1.0,1.0,1.0,18.682733009165847,SH000300
2024-12-03,3946.7034,3963.9474,3922.8425,3951.8912,3947.632,18249686700.0,327295048700.8,0.576434,1.0,0.107893,0.0,0.0,0.0,0.0,0.0,1.0,1.0,1.0,17.934283151326646,SH000300
2024-12-04,3948.13,3957.365,3917.7467,3930.5568,3951.8912,17462631800.0,312040419081.5,0.551573,1.0,-0.539853,0.0,0.0,0.0,0.0,0.0,1.0,1.0,1.0,17.869037305218793,SH000300
2024-12-05,3916.5638,3936.3358,3910.0834,3921.5881,3930.5568,13853403800.0,257716297996.5,0.437572,1.0,-0.228179,0.0,0.0,0.0,0.0,0.0,1.0,1.0,1.0,18.603103014762336,SH000300
2024-12-06,3923.8954,3995.1168,3923.8954,3973.1405,3921.5881,19205790700.0,351751735425.0,0.606632,1.0,1.31458,0.0,0.0,0.0,0.0,0.0,1.0,1.0,1.0,18.314879138248653,SH000300
2024-12-09,3970.6628,3995.5116,3948.4206,3966.5708,3973.1405,17595995800.0,308227216702.9,0.555699,1.0,-0.165353,0.0,0.0,0.0,0.0,0.0,1.0,1.0,1.0,17.516895332681315,SH000300
2024-12-10,4094.05,4098.3804,3988.9676,3995.6369,3966.5708,25346379500.0,487278042807.0,0.800488,1.0,0.732777,0.0,0.0,0.0,0.0,0.0,1.0,1.0,1.0,19.22475921292822,SH000300
2024-12-11,3988.0179,4005.3253,3977.3522,3988.8308,3995.6369,17725284600.0,310713317895.4,0.559799,1.0,-0.170338,0.0,0.0,0.0,0.0,0.0,1.0,1.0,1.0,17.52938386644579,SH000300
2024-12-12,3987.1525,4031.7441,3981.3485,4028.5048,3988.8308,18162177700.0,333667518401.4,0.573597,1.0,0.994627,0.0,0.0,0.0,0.0,0.0,1.0,1.0,1.0,18.371558956908565,SH000300
2024-12-13,4000.9854,4000.9854,3931.7392,3933.1808,4028.5048,23035307900.0,421478609274.0,0.727462,1.0,-2.366238,0.0,0.0,0.0,0.0,0.0,1.0,1.0,1.0,18.2970686176068,SH000300
2024-12-16,3930.7807,3938.7595,3901.6465,3911.8416,3933.1808,17851125100.0,327619081581.3,0.560021,1.0,-0.542543,0.0,0.0,0.0,0.0,0.0,1.0,1.0,1.0,18.352853377364994,SH000300
2024-12-17,3908.1263,3955.945,3908.1263,3922.0334,3911.8416,16093909000.0,306037370846.7,0.504897,1.0,0.260537,0.0,0.0,0.0,0.0,0.0,1.0,1.0,1.0,19.01572643704522,SH000300
2024-12-18,3934.5425,3956.1441,3933.9693,3941.89,3922.0334,15773832100.0,276825381224.3,0.0,1.0,0.506283,0.0,0.0,0.0,0.0,0.0,1.0,1.0,1.0,17.54965942767325,SH000300
2024-12-19,3911.8901,3954.3491,3899.7479,3945.4635,3941.89,16108104000.0,321771606933.4,0.505333,1.0,0.090654,0.0,0.0,0.0,0.0,0.0,1.0,1.0,1.0,19.975759216193293,SH000300
2024-12-20,3937.4722,3958.6336,3923.2562,3927.7441,3945.4635,15498649600.0,332143276397.7,0.486213,1.0,-0.449108,0.0,0.0,0.0,0.0,0.0,1.0,1.0,1.0,21.430465554734525,SH000300
2024-12-23,3928.1493,3965.8502,3928.1493,3933.5718,3927.7441,19006736200.0,354063425208.7,0.596266,1.0,0.148373,0.0,0.0,0.0,0.0,0.0,1.0,1.0,1.0,18.62831269309141,SH000300
2024-12-24,3934.9422,3985.8588,3934.7338,3983.6882,3933.5718,16149458900.0,310384873294.2,0.506634,1.0,1.274069,0.0,0.0,0.0,0.0,0.0,1.0,1.0,1.0,19.21952154658259,SH000300
2024-12-25,3987.9557,4007.7626,3969.4766,3985.6291,3983.6882,15939074700.0,299295145793.1,0.500028,1.0,0.048721,0.0,0.0,0.0,0.0,0.0,1.0,1.0,1.0,18.777447965225985,SH000300
2024-12-26,3981.7317,3991.5331,3965.5461,3987.4801,3985.6291,14342528600.0,305769929402.7,0.449943,1.0,0.046442,0.0,0.0,0.0,0.0,0.0,1.0,1.0,1.0,21.319108919378415,SH000300
2024-12-27,3987.0189,4007.1314,3970.9365,3981.0307,3987.4801,16926866600.0,345011075199.0,0.530975,1.0,-0.161741,0.0,0.0,0.0,0.0,0.0,1.0,1.0,1.0,20.382453725901048,SH000300
2024-12-30,3976.7004,4005.778,3976.7004,3999.0549,3981.0307,16461248500.0,322699390191.8,0.516369,1.0,0.452752,0.0,0.0,0.0,0.0,0.0,1.0,1.0,1.0,19.603579290586616,SH000300
2024-12-31,3995.8705,4004.3462,3934.9109,3934.9109,3999.0549,18392839700.0,347880439530.4,0.576957,1.0,-1.603979,0.0,0.0,0.0,0.0,0.0,1.0,1.0,1.0,18.91390591146184,SH000300
2025-01-02,3931.8155,3934.2034,3796.3389,3820.3952,3934.9109,21789872400.0,388636586639.3,0.683516,1.0,-2.910249,0.0,0.0,0.0,0.0,0.0,1.0,1.0,1.0,17.835652247293563,SH000300
2025-01-03,3825.2426,3835.9353,3767.6653,3775.1648,3820.3952,17534267600.0,304322755435.9,0.549876,1.0,-1.183919,0.0,0.0,0.0,0.0,0.0,1.0,1.0,1.0,17.355886335161216,SH000300
2025-01-06,3775.9902,3788.8489,3743.0727,3768.9697,3775.1648,15094667000.0,262803541116.2,0.473343,1.0,-0.164101,0.0,0.0,0.0,0.0,0.0,1.0,1.0,1.0,17.41035699006808,SH000300
2025-01-07,3760.866,3797.602,3749.0581,3796.1055,3768.9697,14645577900.0,266855795347.4,0.459281,1.0,0.719979,0.0,0.0,0.0,0.0,0.0,1.0,1.0,1.0,18.220912631067975,SH000300
2025-01-08,3781.261,3810.7355,3731.1887,3789.2153,3796.1055,16916696800.0,300965725432.7,0.530502,1.0,-0.181507,0.0,0.0,0.0,0.0,0.0,1.0,1.0,1.0,17.791045674631942,SH000300
2025-01-09,3780.7341,3795.2608,3768.681,3779.8773,3789.2153,12979400200.0,251486002819.8,0.40703,1.0,-0.246436,0.0,0.0,0.0,0.0,0.0,1.0,1.0,1.0,19.375780000974157,SH000300
2025-01-10,3778.8928,3786.8069,3732.4806,3732.4806,3779.8773,13752317100.0,275354209064.3,0.431255,1.0,-1.253922,0.0,0.0,0.0,0.0,0.0,1.0,1.0,1.0,20.022386559447497,SH000300
2025-01-13,3704.4442,3737.8852,3704.1073,3722.513,3732.4806,13644619900.0,247861953196.7,0.427879,1.0,-0.26705,0.0,0.0,0.0,0.0,0.0,1.0,1.0,1.0,18.16554473581928,SH000300
2025-01-14,3728.5561,3826.6399,3718.8768,3820.5395,3722.513,17066465700.0,345461480063.6,0.535183,1.0,2.633342,0.0,0.0,0.0,0.0,0.0,1.0,1.0,1.0,20.242121956369676,SH000300
2025-01-15,3810.0353,3816.8284,3790.1655,3796.026,3820.5395,14147552000.0,278850595531.7,0.44365,1.0,-0.641624,0.0,0.0,0.0,0.0,0.0,1.0,1.0,1.0,19.710165796294653,SH000300
2025-01-16,3812.1935,3842.947,3776.2861,3800.3836,3796.026,14450587100.0,305734630771.3,0.453161,1.0,0.114794,0.0,0.0,0.0,0.0,0.0,1.0,1.0,1.0,21.157246321936636,SH000300
2025-01-17,3788.3729,3831.6404,3780.2133,3812.3429,3800.3836,12662196100.0,265437489593.6,0.397079,1.0,0.314687,0.0,0.0,0.0,0.0,0.0,1.0,1.0,1.0,20.962989950345186,SH000300
2025-01-20,3835.3042,3858.6677,3821.9815,3829.6764,3812.3429,13958127700.0,292175449108.6,0.437609,1.0,0.454668,0.0,0.0,0.0,0.0,0.0,1.0,1.0,1.0,20.932280846563682,SH000300
2025-01-21,3850.3563,3850.9106,3817.1214,3832.6145,3829.6764,14121840600.0,285073351693.4,0.442724,1.0,0.076719,0.0,0.0,0.0,0.0,0.0,1.0,1.0,1.0,20.18669943728157,SH000300
2025-01-22,3823.9447,3823.9447,3783.1438,3797.0166,3832.6145,13725506200.0,298745637551.4,0.430299,1.0,-0.928815,0.0,0.0,0.0,0.0,0.0,1.0,1.0,1.0,21.765728214191476,SH000300
2025-01-23,3829.0462,3864.2585,3801.8531,3803.7439,3797.0166,18056955100.0,345198071113.9,0.566054,1.0,0.177173,0.0,0.0,0.0,0.0,0.0,1.0,1.0,1.0,19.117180565725615,SH000300
2025-01-24,3793.8498,3847.6003,3793.4836,3832.8637,3803.7439,14897172200.0,296474375469.1,0.467001,1.0,0.765556,0.0,0.0,0.0,0.0,0.0,1.0,1.0,1.0,19.901386081118133,SH000300
2025-01-27,3836.9578,3851.9969,3817.0802,3817.0802,3832.8637,14667077200.0,282940127540.6,0.459112,1.0,-0.411794,0.0,0.0,0.0,0.0,0.0,1.0,1.0,1.0,19.290832364378634,SH000300
2025-02-05,3844.6998,3844.6998,3785.162,3795.0848,3817.0802,15716830800.0,346016202025.2,0.490698,1.0,-0.576236,0.0,0.0,0.0,0.0,0.0,1.0,1.0,1.0,22.015647201928267,SH000300
2025-02-06,3789.6086,3843.4942,3788.3196,3842.8314,3795.0848,16728817600.0,371891971101.4,0.522283,1.0,1.258117,0.0,0.0,0.0,0.0,0.0,1.0,1.0,1.0,22.23061904275889,SH000300
2025-02-07,3844.0574,3919.3499,3833.8685,3892.7028,3842.8314,22185770700.0,487381557078.2,0.692659,1.0,1.297777,0.0,0.0,0.0,0.0,0.0,1.0,1.0,1.0,21.968204921463467,SH000300
2025-02-10,3898.1023,3906.3678,3878.8314,3901.0618,3892.7028,18890304000.0,384968342874.3,0.589773,1.0,0.214735,0.0,0.0,0.0,0.0,0.0,1.0,1.0,1.0,20.379150217714866,SH000300
2025-02-11,3905.1594,3905.1594,3872.9087,3883.1352,3901.0618,16657490900.0,337866056115.9,0.519991,1.0,-0.459531,0.0,0.0,0.0,0.0,0.0,1.0,1.0,1.0,20.283130163132792,SH000300
2025-02-12,3875.9596,3920.7229,3867.3538,3919.8617,3883.1352,16422854000.0,354830596297.9,0.512613,1.0,0.945795,0.0,0.0,0.0,0.0,0.0,1.0,1.0,1.0,21.605903352602418,SH000300
2025-02-13,3913.9044,3939.1978,3904.9845,3905.1398,3919.8617,17248587400.0,376473453306.6,0.538387,1.0,-0.375572,0.0,0.0,0.0,0.0,0.0,1.0,1.0,1.0,21.826335373214388,SH000300
2025-02-14,3900.8274,3942.0356,3900.8274,3939.0085,3905.1398,17297645200.0,360974236854.4,0.539867,1.0,0.867285,0.0,0.0,0.0,0.0,0.0,1.0,1.0,1.0,20.868403339340087,SH000300
2025-02-17,3954.4147,3955.8959,3921.7017,3947.3983,3939.0085,21358824600.0,430929575563.2,0.666618,1.0,0.212993,0.0,0.0,0.0,0.0,0.0,1.0,1.0,1.0,20.175715828632256,SH000300
2025-02-18,3942.5761,3965.4232,3901.8675,3912.7829,3947.3983,20942510100.0,400186229940.7,0.653621,1.0,-0.876917,0.0,0.0,0.0,0.0,0.0,1.0,1.0,1.0,19.108799662973542,SH000300
2025-02-19,3906.2201,3943.6742,3904.1455,3940.1602,3912.7829,18282951700.0,363680372562.7,0.570616,1.0,0.699689,0.0,0.0,0.0,0.0,0.0,1.0,1.0,1.0,19.891775602224012,SH000300
2025-02-20,3934.6503,3940.678,3916.1772,3928.8959,3940.1602,16389523600.0,325972429362.6,0.511521,1.0,-0.285884,0.0,0.0,0.0,0.0,0.0,1.0,1.0,1.0,19.88907288083712,SH000300
2025-02-21,3938.0518,3981.048,3927.7874,3978.444,3928.8959,22740033000.0,504645493577.1,0.697237,1.0,1.26112,0.0,0.0,0.0,0.0,0.0,1.0,1.0,1.0,22.19194200716859,SH000300
2025-02-24,3972.4831,3995.9456,3949.2309,3969.7169,3978.444,22081061800.0,455088749684.5,0.677032,1.0,-0.21936,0.0,0.0,0.0,0.0,0.0,1.0,1.0,1.0,20.609912413020826,SH000300
2025-02-25,3933.636,3955.4336,3915.6527,3925.6505,3969.7169,17810858000.0,377981451250.4,0.546102,1.0,-1.110064,0.0,0.0,0.0,0.0,0.0,1.0,1.0,1.0,21.221967591364773,SH000300
2025-02-26,3931.842,3960.3298,3925.3664,3959.9413,3925.6505,19106250100.0,386458193762.6,0.58582,1.0,0.873506,0.0,0.0,0.0,0.0,0.0,1.0,1.0,1.0,20.226794464634374,SH000300
2025-02-27,3961.0635,3973.9323,3933.4611,3968.1159,3959.9413,20288796300.0,428272792667.6,0.621989,1.0,0.206432,0.0,0.0,0.0,0.0,0.0,1.0,1.0,1.0,21.108832004370804,SH000300
2025-02-28,3950.1866,3972.4813,3886.3994,3890.0487,3968.1159,19810414700.0,420308043450.1,0.607323,1.0,-1.967362,0.0,0.0,0.0,0.0,0.0,1.0,1.0,1.0,21.216519180191618,SH000300
2025-03-03,3899.6962,3930.0048,3872.5872,3888.4738,3890.0487,17762316600.0,356057735014.0,0.544517,1.0,-0.040485,0.0,0.0,0.0,0.0,0.0,1.0,1.0,1.0,20.045681148032234,SH000300
2025-03-04,3865.9939,3890.4235,3855.7254,3885.2208,3888.4738,14985096700.0,297739246802.3,0.45938,1.0,-0.083658,0.0,0.0,0.0,0.0,0.0,1.0,1.0,1.0,19.86902405523349,SH000300
2025-03-05,3887.7992,3906.4214,3877.0188,3902.5706,3885.2208,15865275100.0,290860484504.9,0.487293,1.0,0.446559,0.0,0.0,0.0,0.0,0.0,1.0,1.0,1.0,18.3331510277373,SH000300
2025-03-06,3923.3827,3964.4942,3917.0833,3956.2369,3902.5706,19396091500.0,397419427642.7,0.595754,1.0,1.375153,0.0,0.0,0.0,0.0,0.0,1.0,1.0,1.0,20.48966554126124,SH000300
2025-03-07,3944.9145,3967.0743,3935.0464,3944.0143,3956.2369,16673237500.0,340626700285.5,0.512123,1.0,-0.308945,0.0,0.0,0.0,0.0,0.0,1.0,1.0,1.0,20.429547667961906,SH000300
2025-03-10,3945.5795,3949.1448,3905.127,3928.8018,3944.0143,15276523200.0,292574987480.9,0.0,1.0,-0.385711,0.0,0.0,0.0,0.0,0.0,1.0,1.0,1.0,19.151935532091493,SH000300
2025-03-11,3890.4305,3941.4157,3889.4298,3941.4157,3928.8018,14475440200.0,287480453119.8,0.444682,1.0,0.321062,0.0,0.0,0.0,0.0,0.0,1.0,1.0,1.0,19.859876393935156,SH000300
2025-03-12,3946.8623,3953.6125,3921.4736,3927.2315,3941.4157,15673219000.0,309627267364.8,0.481478,1.0,-0.359876,0.0,0.0,0.0,0.0,0.0,1.0,1.0,1.0,19.75518030883126,SH000300
2025-03-13,3925.7439,3939.2854,3897.3758,3911.5793,3927.2315,15653644300.0,295173112579.6,0.480876,1.0,-0.398556,0.0,0.0,0.0,0.0,0.0,1.0,1.0,1.0,18.85651078577274,SH000300
2025-03-14,3919.6159,4014.1586,3919.6159,4006.5567,3911.5793,21613900300.0,450895278803.0,0.662755,1.0,2.428109,0.0,0.0,0.0,0.0,0.0,1.0,1.0,1.0,20.861356467115748,SH000300
2025-03-17,4020.6402,4021.7278,3992.2563,3996.7876,4006.5567,16220291100.0,318904417418.3,0.49736,1.0,-0.243828,0.0,0.0,0.0,0.0,0.0,1.0,1.0,1.0,19.660831945136916,SH000300
2025-03-18,4011.7794,4016.873,3995.9602,4007.7229,3996.7876,14020849600.0,292739319544.6,0.429918,1.0,0.273602,0.0,0.0,0.0,0.0,0.0,1.0,1.0,1.0,20.878857408512534,SH000300
2025-03-19,4004.8251,4025.299,3989.512,4010.168,4007.7229,14441942800.0,286075300795.3,0.442831,1.0,0.06101,0.0,0.0,0.0,0.0,0.0,1.0,1.0,1.0,19.80864380624053,SH000300
2025-03-20,4011.0588,4012.0416,3969.9259,3974.9918,4010.168,13375467000.0,260020676825.8,0.41013,1.0,-0.877175,0.0,0.0,0.0,0.0,0.0,1.0,1.0,1.0,19.44011949831733,SH000300
2025-03-21,3966.5146,3983.1476,3904.7674,3914.6956,3974.9918,16590529400.0,309348613935.4,0.508711,1.0,-1.516889,0.0,0.0,0.0,0.0,0.0,1.0,1.0,1.0,18.646096605898546,SH000300
2025-03-24,3916.1136,3938.1826,3907.1999,3934.8486,3914.6956,15223467400.0,266051442612.7,0.4668,1.0,0.514804,0.0,0.0,0.0,0.0,0.0,1.0,1.0,1.0,17.47640242673624,SH000300
2025-03-25,3937.8975,3946.3574,3921.5287,3932.2951,3934.8486,14047539900.0,239246310985.8,0.430743,1.0,-0.064894,0.0,0.0,0.0,0.0,0.0,1.0,1.0,1.0,17.031189282174594,SH000300
2025-03-26,3930.2073,3942.026,3916.8607,3919.3566,3932.2951,13116418700.0,220943164486.2,0.402191,1.0,-0.329032,0.0,0.0,0.0,0.0,0.0,1.0,1.0,1.0,16.8447782538537,SH000300
2025-03-27,3911.3841,3952.9852,3903.652,3932.4117,3919.3566,12679373800.0,232173613774.0,0.388788,1.0,0.333093,0.0,0.0,0.0,0.0,0.0,1.0,1.0,1.0,18.311126198834835,SH000300
2025-03-28,3930.7763,3934.2336,3907.384,3915.1662,3932.4117,12635621400.0,213379194289.3,0.387446,1.0,-0.438548,0.0,0.0,0.0,0.0,0.0,1.0,1.0,1.0,16.887115206641123,SH000300
2025-03-31,3905.9815,3928.4482,3872.403,3887.3056,3915.1662,16679852300.0,268480316572.3,0.511454,1.0,-0.711607,0.0,0.0,0.0,0.0,0.0,1.0,1.0,1.0,16.09608477002521,SH000300
2025-04-01,3892.7794,3905.2622,3882.4045,3887.6841,3887.3056,14038027400.0,246041674670.2,0.43044,1.0,0.009737,0.0,0.0,0.0,0.0,0.0,1.0,1.0,1.0,17.526798292914005,SH000300
2025-04-02,3884.4181,3900.4949,3877.1599,3884.3858,3887.6841,11304317500.0,198267515342.4,0.346588,1.0,-0.08484,0.0,0.0,0.0,0.0,0.0,1.0,1.0,1.0,17.53909648613461,SH000300
2025-04-03,3843.4177,3883.7025,3843.4177,3861.5034,3884.3858,14259978900.0,263684681545.1,0.437208,1.0,-0.589087,0.0,0.0,0.0,0.0,0.0,1.0,1.0,1.0,18.491239250368036,SH000300
2025-04-07,3675.2017,3707.7771,3514.1165,3589.4406,3861.5034,31257858600.0,512971787744.6,0.95836,1.0,-7.045515,0.0,0.0,0.0,0.0,0.0,1.0,1.0,1.0,16.410970255799928,SH000300
2025-04-08,3597.9859,3650.759,3583.8746,3650.759,3589.4406,28019731200.0,464021087837.5,0.858881,1.0,1.7083,0.0,0.0,0.0,0.0,0.0,1.0,1.0,1.0,16.560511752428944,SH000300
2025-04-09,3606.1036,3686.7943,3587.3368,3686.7943,3650.759,26230570800.0,455031069289.8,0.804039,1.0,0.987063,0.0,0.0,0.0,0.0,0.0,1.0,1.0,1.0,17.347356744894014,SH000300
2025-04-10,3749.1262,3756.1386,3708.8194,3735.1151,3686.7943,22725222700.0,403842564855.5,0.69659,1.0,1.310645,0.0,0.0,0.0,0.0,0.0,1.0,1.0,1.0,17.77067578992306,SH000300
2025-04-11,3730.3148,3762.3653,3708.4617,3750.5167,3735.1151,16875969100.0,318535141904.4,0.517294,1.0,0.412346,0.0,0.0,0.0,0.0,0.0,1.0,1.0,1.0,18.875072596832382,SH000300
2025-04-14,3772.0407,3776.6344,3754.033,3759.1422,3750.5167,16446240300.0,292571297039.1,0.504126,1.0,0.229982,0.0,0.0,0.0,0.0,0.0,1.0,1.0,1.0,17.789555041288068,SH000300
2025-04-15,3756.4788,3764.486,3737.8495,3761.2348,3759.1422,13400604000.0,228604621375.8,0.410768,1.0,0.055667,0.0,0.0,0.0,0.0,0.0,1.0,1.0,1.0,17.05927743076357,SH000300
2025-04-16,3757.8757,3775.1661,3721.6025,3772.8204,3761.2348,15635900600.0,261711094768.5,0.479285,1.0,0.308027,0.0,0.0,0.0,0.0,0.0,1.0,1.0,1.0,16.73783311007362,SH000300
2025-04-17,3755.0862,3779.1253,3749.504,3772.2221,3772.8204,12237100200.0,209012323066.2,0.375102,1.0,-0.015858,0.0,0.0,0.0,0.0,0.0,1.0,1.0,1.0,17.08021668942451,SH000300
2025-04-18,3760.0425,3782.0443,3754.4072,3772.523,3772.2221,10294850900.0,173109384097.2,0.315563,1.0,0.007977,0.0,0.0,0.0,0.0,0.0,1.0,1.0,1.0,16.815142422043238,SH000300
2025-04-21,3768.1421,3790.1782,3763.1383,3784.8806,3772.523,12135573000.0,208085677382.1,0.371985,1.0,0.327569,0.0,0.0,0.0,0.0,0.0,1.0,1.0,1.0,17.146753382151797,SH000300
2025-04-22,3780.1122,3799.2295,3778.0791,3783.9522,3784.8806,12568825700.0,210200698793.7,0.385197,1.0,-0.024529,0.0,0.0,0.0,0.0,0.0,1.0,1.0,1.0,16.723972772866126,SH000300
2025-04-23,3803.4295,3807.9536,3780.5183,3786.8824,3783.9522,13198687000.0,247117386122.1,0.404297,1.0,0.077438,0.0,0.0,0.0,0.0,0.0,1.0,1.0,1.0,18.72287645900687,SH000300
2025-04-24,3787.459,3807.2599,3775.207,3784.3574,3786.8824,11716456000.0,205483051375.0,0.358894,1.0,-0.066678,0.0,0.0,0.0,0.0,0.0,1.0,1.0,1.0,17.53798686010514,SH000300
2025-04-25,3792.0838,3801.5765,3780.7772,3786.9937,3784.3574,12459113300.0,220535052619.3,0.381643,1.0,0.069663,0.0,0.0,0.0,0.0,0.0,1.0,1.0,1.0,17.70070207318044,SH000300
2025-04-28,3786.3867,3792.0082,3772.8029,3781.6188,3786.9937,12514509100.0,210635318523.2,0.38334,1.0,-0.141931,0.0,0.0,0.0,0.0,0.0,1.0,1.0,1.0,16.83128893351478,SH000300
2025-04-29,3776.0025,3785.3157,3768.0311,3775.0767,3781.6188,11151469400.0,197462744362.5,0.341575,1.0,-0.172997,0.0,0.0,0.0,0.0,0.0,1.0,1.0,1.0,17.70732961545857,SH000300
2025-04-30,3775.8306,3787.5639,3768.7573,3770.5705,3775.0767,14368165800.0,244820462217.6,0.440098,1.0,-0.119367,0.0,0.0,0.0,0.0,0.0,1.0,1.0,1.0,17.039089444360393,SH000300
2025-05-06,3794.3757,3809.0939,3782.777,3808.5424,3770.5705,15852045900.0,267937090757.4,0.48555,1.0,1.00706,0.0,0.0,0.0,0.0,0.0,1.0,1.0,1.0,16.9023665744874,SH000300
2025-05-07,3861.5767,3863.6776,3814.9868,3831.627,3808.5424,16117229900.0,286010735453.4,0.493672,1.0,0.606127,0.0,0.0,0.0,0.0,0.0,1.0,1.0,1.0,17.745650910731257,SH000300
2025-05-08,3820.5481,3867.3313,3816.2642,3852.8963,3831.627,12495983300.0,246987280587.7,0.38275,1.0,0.555098,0.0,0.0,0.0,0.0,0.0,1.0,1.0,1.0,19.765333760305204,SH000300
2025-05-09,3848.6187,3853.6632,3836.5349,3846.1566,3852.8963,11938952600.0,216697939671.7,0.365688,1.0,-0.174926,0.0,0.0,0.0,0.0,0.0,1.0,1.0,1.0,18.150498367143197,SH000300
2025-05-12,3866.5305,3890.7342,3859.0346,3890.6096,3846.1566,15333246000.0,296122947807.8,0.469624,1.0,1.155777,0.0,0.0,0.0,0.0,0.0,1.0,1.0,1.0,19.312476158525076,SH000300
2025-05-13,3915.5924,3915.5924,3890.6855,3896.2583,3890.6096,14732029900.0,267586397719.9,0.451209,1.0,0.145188,0.0,0.0,0.0,0.0,0.0,1.0,1.0,1.0,18.163579597398183,SH000300
2025-05-14,3894.8386,3960.5228,3890.6504,3943.2108,3896.2583,17203377900.0,319465226850.5,0.526901,1.0,1.205066,0.0,0.0,0.0,0.0,0.0,1.0,1.0,1.0,18.569912764079895,SH000300
2025-05-15,3934.0273,3936.4653,3904.9068,3907.1992,3943.2108,13808174900.0,241464943553.6,0.422921,1.0,-0.913256,0.0,0.0,0.0,0.0,0.0,1.0,1.0,1.0,17.487100598182604,SH000300
2025-05-16,3898.6662,3903.8528,3874.8619,3889.0854,3907.1992,11840534500.0,208835664039.2,0.362647,1.0,-0.463601,0.0,0.0,0.0,0.0,0.0,1.0,1.0,1.0,17.637351087419237,SH000300
2025-05-19,3882.5677,3885.5889,3866.5695,3877.1453,3889.0854,9864341400.0,184888170553.8,0.302121,1.0,-0.307016,0.0,0.0,0.0,0.0,0.0,1.0,1.0,1.0,18.74308309663735,SH000300
2025-05-20,3883.1024,3911.4737,3881.7436,3898.1705,3877.1453,10488523400.0,201636702521.8,0.321241,1.0,0.542286,0.0,0.0,0.0,0.0,0.0,1.0,1.0,1.0,19.224508048654396,SH000300
2025-05-21,3899.4365,3928.6339,3899.4365,3916.3807,3898.1705,10979134300.0,217037739435.0,0.336265,1.0,0.467147,0.0,0.0,0.0,0.0,0.0,1.0,1.0,1.0,19.768201527054824,SH000300
2025-05-22,3912.6007,3923.0195,3903.0898,3913.8651,3916.3807,10759705200.0,197511410270.8,0.329551,1.0,-0.064233,0.0,0.0,0.0,0.0,0.0,1.0,1.0,1.0,18.35658195085122,SH000300
2025-05-23,3910.3739,3931.5514,3882.2741,3882.2741,3913.8651,12027741900.0,232945378294.8,0.368389,1.0,-0.807156,0.0,0.0,0.0,0.0,0.0,1.0,1.0,1.0,19.367340954896946,SH000300
2025-05-26,3875.7891,3884.537,3849.0384,3860.1067,3882.2741,10960120700.0,208876792148.9,0.335925,1.0,-0.57099,0.0,0.0,0.0,0.0,0.0,1.0,1.0,1.0,19.057891593192036,SH000300
2025-05-27,3857.6271,3865.4291,3834.8455,3839.3969,3860.1067,9857242500.0,178466763540.9,0.302122,1.0,-0.536508,0.0,0.0,0.0,0.0,0.0,1.0,1.0,1.0,18.105140818124337,SH000300
2025-05-28,3843.0747,3849.736,3833.9582,3836.2366,3839.3969,8903102600.0,162496372727.5,0.272856,1.0,-0.082312,0.0,0.0,0.0,0.0,0.0,1.0,1.0,1.0,18.251656756993906,SH000300
2025-05-29,3838.0092,3869.7909,3831.4577,3858.6998,3836.2366,10847188600.0,209459602501.2,0.332421,1.0,0.585553,0.0,0.0,0.0,0.0,0.0,1.0,1.0,1.0,19.310036012575647,SH000300
2025-05-30,3850.493,3858.6128,3829.2542,3840.2323,3858.6998,11167222800.0,199389751071.1,0.342234,1.0,-0.478594,0.0,0.0,0.0,0.0,0.0,1.0,1.0,1.0,17.85490937559695,SH000300
2025-06-03,3833.4584,3863.2952,3832.7202,3852.0127,3840.2323,13140309000.0,226782772062.7,0.402753,1.0,0.306763,0.0,0.0,0.0,0.0,0.0,1.0,1.0,1.0,17.258557014351794,SH000300
2025-06-04,3855.4878,3875.8569,3855.4878,3868.7429,3852.0127,11680387300.0,211736178154.1,0.358006,1.0,0.434324,0.0,0.0,0.0,0.0,0.0,1.0,1.0,1.0,18.12749635057906,SH000300
2025-06-05,3872.6373,3883.1345,3861.272,3877.5557,3868.7429,12287818400.0,231749275334.6,0.376624,1.0,0.227795,0.0,0.0,0.0,0.0,0.0,1.0,1.0,1.0,18.86008303431633,SH000300
2025-06-06,3878.1027,3889.4557,3869.3871,3873.9841,3877.5557,11098797100.0,202034736310.9,0.34014,1.0,-0.09211,0.0,0.0,0.0,0.0,0.0,1.0,1.0,1.0,18.2033002757479,SH000300
2025-06-09,3877.7977,3894.6517,3871.9917,3885.2459,3873.9841,13630629300.0,262023668465.5,0.417635,1.0,0.290703,0.0,0.0,0.0,0.0,0.0,1.0,1.0,1.0,19.223152702531497,SH000300
2025-06-10,3887.5512,3897.4573,3850.4663,3865.4652,3885.2459,14556385900.0,263647551794.8,0.445605,1.0,-0.509124,0.0,0.0,0.0,0.0,0.0,1.0,1.0,1.0,18.11215734496294,SH000300
2025-06-11,3870.6719,3911.6107,3870.6719,3894.6252,3865.4652,14241477200.0,257217704405.4,0.435964,1.0,0.754372,0.0,0.0,0.0,0.0,0.0,1.0,1.0,1.0,18.061167447250487,SH000300
2025-06-12,3885.5196,3900.0408,3870.3838,3892.1992,3894.6252,13399869700.0,260239581458.0,0.410201,1.0,-0.062291,0.0,0.0,0.0,0.0,0.0,1.0,1.0,1.0,19.42105313591221,SH000300
2025-06-13,3881.4923,3889.1602,3853.8186,3864.1822,3892.1992,17253953600.0,309172346179.9,0.528136,1.0,-0.719824,0.0,0.0,0.0,0.0,0.0,1.0,1.0,1.0,17.918927646814815,SH000300
2025-06-16,3853.6193,3876.1704,3853.6193,3873.7951,3864.1822,13734183500.0,246860982863.3,0.418129,1.0,0.248769,0.0,0.0,0.0,0.0,0.0,1.0,1.0,1.0,17.974201587105632,SH000300
2025-06-17,3875.1768,3880.4156,3860.409,3870.3786,3873.7951,12234252600.0,220399818948.5,0.372465,1.0,-0.088195,0.0,0.0,0.0,0.0,0.0,1.0,1.0,1.0,18.014980248854762,SH000300
2025-06-18,3871.6502,3881.346,3854.6575,3874.9708,3870.3786,12752862100.0,230553858263.6,0.388253,1.0,0.11865,0.0,0.0,0.0,0.0,0.0,1.0,1.0,1.0,18.078597294924094,SH000300
2025-06-19,3870.049,3872.9425,3834.9512,3843.0912,3874.9708,13028065800.0,234840180805.5,0.396632,1.0,-0.822706,0.0,0.0,0.0,0.0,0.0,1.0,1.0,1.0,18.025713441322964,SH000300
2025-06-20,3839.7833,3856.4799,3839.7833,3846.6443,3843.0912,11815102000.0,213522822874.5,0.359688,1.0,0.092454,0.0,0.0,0.0,0.0,0.0,1.0,1.0,1.0,18.07202535149506,SH000300
2025-06-23,3831.1703,3867.5896,3827.0829,3857.9016,3846.6443,13380089200.0,232482215850.4,0.40733,1.0,0.292652,0.0,0.0,0.0,0.0,0.0,1.0,1.0,1.0,17.375236620276045,SH000300
2025-06-24,3862.3876,3914.1579,3862.3876,3904.0342,3857.9016,16365618800.0,294228720612.5,0.498191,1.0,1.195795,0.0,0.0,0.0,0.0,0.0,1.0,1.0,1.0,17.978465966254817,SH000300
2025-06-25,3907.0682,3963.0371,3902.1771,3960.0662,3904.0342,18721367100.0,361727254624.0,0.569903,1.0,1.435233,0.0,0.0,0.0,0.0,0.0,1.0,1.0,1.0,19.321626069925202,SH000300
2025-06-26,3953.1603,3964.482,3945.2589,3946.0195,3960.0662,16531626300.0,328102847495.6,0.503247,1.0,-0.354709,0.0,0.0,0.0,0.0,0.0,1.0,1.0,1.0,19.846979452687,SH000300
2025-06-27,3949.7879,3969.2626,3918.2041,3921.7578,3946.0195,19455791300.0,343468229813.8,0.592262,1.0,-0.61484,0.0,0.0,0.0,0.0,0.0,1.0,1.0,1.0,17.65377848259505,SH000300
2025-06-30,3920.3149,3940.3611,3911.6044,3936.0791,3921.7578,14517023600.0,288821434921.4,0.441916,1.0,0.365176,0.0,0.0,0.0,0.0,0.0,1.0,1.0,1.0,19.89536167189258,SH000300
2025-07-01,3935.9078,3946.2451,3924.7219,3942.762,3936.0791,12895936200.0,236070338399.4,0.39232,1.0,0.169786,0.0,0.0,0.0,0.0,0.0,1.0,1.0,1.0,18.305792983017394,SH000300
2025-07-02,3943.3232,3952.1378,3929.6956,3943.6849,3942.762,14706306200.0,246637847453.8,0.447384,1.0,0.023407,0.0,0.0,0.0,0.0,0.0,1.0,1.0,1.0,16.770890262967598,SH000300
2025-07-03,3949.3998,3971.616,3945.138,3968.0676,3943.6849,14100400600.0,269609569538.7,0.428927,1.0,0.618272,0.0,0.0,0.0,0.0,0.0,1.0,1.0,1.0,19.12070282164182,SH000300
2025-07-04,3967.4637,4013.8478,3958.3762,3982.2034,3968.0676,15719713300.0,290512992198.0,0.478182,1.0,0.356239,0.0,0.0,0.0,0.0,0.0,1.0,1.0,1.0,18.480807292967615,SH000300
2025-07-07,3977.2881,3979.7481,3956.5663,3965.1746,3982.2034,13113527300.0,225106992875.9,0.398903,1.0,-0.427623,0.0,0.0,0.0,0.0,0.0,1.0,1.0,1.0,17.16601397366977,SH000300
2025-07-08,3965.426,4002.269,3965.426,3998.4527,3965.1746,15640289500.0,292089834223.8,0.475767,1.0,0.839259,0.0,0.0,0.0,0.0,0.0,1.0,1.0,1.0,18.675474915205374,SH000300
2025-07-09,3997.5044,4016.7434,3987.4267,3991.4006,3998.4527,17329379600.0,305398796562.7,0.527148,1.0,-0.176371,0.0,0.0,0.0,0.0,0.0,1.0,1.0,1.0,17.623181187784702,SH000300
2025-07-10,3993.4196,4032.9829,3992.5242,4010.0243,3991.4006,20977890400.0,347836703626.3,0.638134,1.0,0.466596,0.0,0.0,0.0,0.0,0.0,1.0,1.0,1.0,16.581109777668587,SH000300
2025-07-11,4011.4652,4065.9419,4010.1052,4014.807,4010.0243,26205277300.0,443780794880.4,0.797148,1.0,0.119269,0.0,0.0,0.0,0.0,0.0,1.0,1.0,1.0,16.9347872109867,SH000300
2025-07-14,4021.2135,4034.9198,4017.6678,4017.6678,4014.807,20791717500.0,321415945157.1,0.63247,1.0,0.071256,0.0,0.0,0.0,0.0,0.0,1.0,1.0,1.0,15.458845338635443,SH000300
2025-07-15,4023.9896,4042.6574,3994.2628,4019.0644,4017.6678,19104293100.0,353524574440.9,0.581138,1.0,0.034761,0.0,0.0,0.0,0.0,0.0,1.0,1.0,1.0,18.504980665361547,SH000300
2025-07-16,4019.3925,4027.8567,3993.9209,4007.2019,4019.0644,15102730800.0,300656795664.6,0.459428,1.0,-0.295156,0.0,0.0,0.0,0.0,0.0,1.0,1.0,1.0,19.907445855063507,SH000300
2025-07-17,4005.067,4034.5935,4005.067,4034.491,4007.2019,16124904100.0,325516865722.7,0.490522,1.0,0.681001,0.0,0.0,0.0,0.0,0.0,1.0,1.0,1.0,20.18721250706229,SH000300
2025-07-18,4039.8712,4064.6378,4039.3181,4058.5486,4034.491,18621106300.0,354244444629.7,0.566452,1.0,0.596298,0.0,0.0,0.0,0.0,0.0,1.0,1.0,1.0,19.023813028214118,SH000300
2025-07-21,4069.7685,4086.1171,4063.4427,4085.6072,4058.5486,22326847600.0,377938564877.6,0.679143,1.0,0.666706,0.0,0.0,0.0,0.0,0.0,1.0,1.0,1.0,16.9275381660956,SH000300
2025-07-22,4087.3354,4119.2021,4068.3383,4118.9582,4085.6072,25759698500.0,450874014479.4,0.783595,1.0,0.816305,0.0,0.0,0.0,0.0,0.0,1.0,1.0,1.0,17.503078092292114,SH000300
2025-07-23,4129.1476,4155.6783,4113.9085,4119.7685,4118.9582,30050615400.0,470330899420.8,0.914122,1.0,0.019672,0.0,0.0,0.0,0.0,0.0,1.0,1.0,1.0,15.6512901037228,SH000300
2025-07-24,4116.8312,4152.4265,4111.8849,4149.0368,4119.7685,31963239200.0,487000043884.1,0.972303,1.0,0.710436,0.0,0.0,0.0,0.0,0.0,1.0,1.0,1.0,15.23625439952594,SH000300
2025-07-25,4145.3195,4150.4994,4117.8005,4127.1634,4149.0368,27359496300.0,430445513470.9,0.831857,1.0,-0.527192,0.0,0.0,0.0,0.0,0.0,1.0,1.0,1.0,15.732947301040042,SH000300
2025-07-28,4128.1993,4146.12,4112.9677,4135.8242,4127.1634,22275981500.0,406792873973.3,0.677293,1.0,0.209849,0.0,0.0,0.0,0.0,0.0,1.0,1.0,1.0,18.261501697390976,SH000300
2025-07-29,4132.6833,4153.3307,4117.5772,4152.0247,4135.8242,23080788000.0,428764310973.8,0.701207,1.0,0.391712,0.0,0.0,0.0,0.0,0.0,1.0,1.0,1.0,18.576675587237315,SH000300
2025-07-30,4148.9405,4185.2064,4127.4301,4151.2379,4152.0247,24985304800.0,445168467668.0,0.759066,1.0,-0.01895,0.0,0.0,0.0,0.0,0.0,1.0,1.0,1.0,17.81721180635747,SH000300
2025-07-31,4141.5612,4141.8243,4063.6662,4075.5912,4151.2379,26708740600.0,492142571738.8,0.811339,1.0,-1.822268,0.0,0.0,0.0,0.0,0.0,1.0,1.0,1.0,18.42627397185474,SH000300
2025-08-01,4069.9254,4085.3543,4040.462,4054.9286,4075.5912,19622182600.0,359685164163.4,0.596068,1.0,-0.506984,0.0,0.0,0.0,0.0,0.0,1.0,1.0,1.0,18.33053801891539,SH000300
2025-08-04,4037.9378,4070.7023,4037.9378,4070.7023,4054.9286,16227590200.0,295976826632.4,0.49543,1.0,0.389001,0.0,0.0,0.0,0.0,0.0,1.0,1.0,1.0,18.239111475245416,SH000300
2025-08-05,4080.3877,4106.2969,4075.5836,4103.45,4070.7023,17885199900.0,306934255765.6,0.546037,1.0,0.804473,0.0,0.0,0.0,0.0,0.0,1.0,1.0,1.0,17.161354498788686,SH000300
2025-08-06,4100.4283,4116.7085,4098.3544,4113.4852,4103.45,17667615500.0,307674626124.8,0.539395,1.0,0.244555,0.0,0.0,0.0,0.0,0.0,1.0,1.0,1.0,17.41460957902327,SH000300
2025-08-07,4120.2822,4129.7382,4094.8214,4114.666,4113.4852,19864190200.0,358108366983.7,0.606447,1.0,0.028706,0.0,0.0,0.0,0.0,0.0,1.0,1.0,1.0,18.027836190558627,SH000300
2025-08-08,4109.2734,4122.2104,4097.4157,4104.9669,4114.666,17317120100.0,308507687634.7,0.528522,1.0,-0.23572,0.0,0.0,0.0,0.0,0.0,1.0,1.0,1.0,17.815184387079466,SH000300
2025-08-11,4110.2939,4134.2462,4103.605,4122.5106,4104.9669,19044371600.0,360685826235.0,0.581242,1.0,0.427377,0.0,0.0,0.0,0.0,0.0,1.0,1.0,1.0,18.939234846425702,SH000300
2025-08-12,4123.5762,4153.2948,4121.2243,4143.8252,4122.5106,17728782300.0,383088423330.0,0.540853,1.0,0.51703,0.0,0.0,0.0,0.0,0.0,1.0,1.0,1.0,21.608276126781703,SH000300
2025-08-13,4150.5037,4186.748,4147.1991,4176.5776,4143.8252,21393499900.0,462776745465.3,0.658128,1.0,0.79039,0.0,0.0,0.0,0.0,0.0,1.0,1.0,1.0,21.631652026478378,SH000300
2025-08-14,4179.965,4220.3109,4165.9376,4173.3131,4176.5776,22110359500.0,485075642622.0,0.680082,1.0,-0.078162,0.0,0.0,0.0,0.0,0.0,1.0,1.0,1.0,21.938840145136492,SH000300
2025-08-15,4162.4205,4214.7291,4157.495,4202.3533,4173.3131,26132756600.0,518686873500.8,0.803806,1.0,0.695855,0.0,0.0,0.0,0.0,0.0,1.0,1.0,1.0,19.848150022596545,SH000300
2025-08-18,4218.2471,4272.9602,4203.4191,4239.4125,4202.3533,30147910200.0,635365867184.5,0.922555,1.0,0.881868,0.0,0.0,0.0,0.0,0.0,1.0,1.0,1.0,21.074955543170617,SH000300
2025-08-19,4241.7651,4264.2303,4215.2075,4223.3741,4239.4125,25081877100.0,553536203259.6,0.766471,1.0,-0.378317,0.0,0.0,0.0,0.0,0.0,1.0,1.0,1.0,22.069169745656716,SH000300
2025-08-20,4208.4005,4272.1463,4190.5559,4271.3958,4223.3741,24648177300.0,538815306146.9,0.753218,1.0,1.137046,0.0,0.0,0.0,0.0,0.0,1.0,1.0,1.0,21.860249526316903,SH000300
2025-08-21,4284.3712,4308.4472,4273.6523,4288.0707,4271.3958,25903001400.0,558521268967.4,0.791563,1.0,0.390385,0.0,0.0,0.0,0.0,0.0,1.0,1.0,1.0,21.562029061520263,SH000300
2025-08-22,4287.3633,4378.3881,4287.3633,4377.9977,4288.0707,29043489700.0,675935075408.9,0.88747,1.0,2.097144,0.0,0.0,0.0,0.0,0.0,1.0,1.0,1.0,23.273204507821248,SH000300
2025-08-25,4416.2924,4472.6525,4404.7761,4469.2217,4377.9977,35809000600.0,823681964472.7,1.094202,1.0,2.083692,0.0,0.0,0.0,0.0,0.0,1.0,1.0,1.0,23.00209306798414,SH000300
2025-08-26,4453.3526,4476.803,4435.5275,4452.5905,4469.2217,27062139500.0,627950450229.2,0.82694,1.0,-0.372127,0.0,0.0,0.0,0.0,0.0,1.0,1.0,1.0,23.204020887897645,SH000300
2025-08-27,4458.8399,4494.9126,4386.1266,4386.1266,4452.5905,33313389800.0,785098482973.5,1.017978,1.0,-1.492702,0.0,0.0,0.0,0.0,0.0,1.0,1.0,1.0,23.567054799493867,SH000300
2025-08-28,4378.0351,4464.8028,4364.171,4463.782,4386.1266,29683453600.0,739423602221.4,0.906995,1.0,1.770478,0.0,0.0,0.0,0.0,0.0,1.0,1.0,1.0,24.910295553392075,SH000300
2025-08-29,4455.8034,4516.8395,4452.3632,4496.7591,4463.782,35193894700.0,831194066157.9,1.075004,1.0,0.73877,0.0,0.0,0.0,0.0,0.0,1.0,1.0,1.0,23.617564161146962,SH000300
2025-09-01,4516.8787,4528.1342,4487.5304,4523.7111,4496.7591,32036670800.0,770378288126.9,0.983122,1.0,0.599365,0.0,0.0,0.0,0.0,0.0,1.0,1.0,1.0,24.04676481324333,SH000300
2025-09-02,4521.9828,4548.8937,4454.4169,4490.4528,4523.7111,30393256600.0,777999297964.1,0.932607,1.0,-0.735199,0.0,0.0,0.0,0.0,0.0,1.0,1.0,1.0,25.59776032569343,SH000300
2025-09-03,4501.3388,4510.7303,4427.5176,4459.8296,4490.4528,25432021700.0,655697116709.1,0.780395,1.0,-0.681962,0.0,0.0,0.0,0.0,0.0,1.0,1.0,1.0,25.782343395417122,SH000300
2025-09-04,4461.2503,4465.4967,4327.5068,4365.2085,4459.8296,30793460900.0,773124596998.1,0.944913,1.0,-2.12163,0.0,0.0,0.0,0.0,0.0,1.0,1.0,1.0,25.10677833546472,SH000300
2025-09-05,4365.6083,4466.5603,4350.2974,4460.3249,4365.2085,24962565700.0,664166970946.5,0.764719,1.0,2.178966,0.0,0.0,0.0,0.0,0.0,1.0,1.0,1.0,26.60651869396983,SH000300
2025-09-08,4467.1693,4482.763,4438.0698,4467.5733,4460.3249,26763838200.0,683630879769.1,0.819769,1.0,0.162508,0.0,0.0,0.0,0.0,0.0,1.0,1.0,1.0,25.543080729321552,SH000300
2025-09-09,4448.739,4472.093,4412.6914,4436.2584,4467.5733,22137546000.0,562861103958.4,0.677654,1.0,-0.700938,0.0,0.0,0.0,0.0,0.0,1.0,1.0,1.0,25.425632270098955,SH000300
2025-09-10,4438.2998,4466.6325,4414.5937,4445.3649,4436.2584,20359764600.0,535539349489.1,0.623234,1.0,0.205274,0.0,0.0,0.0,0.0,0.0,1.0,1.0,1.0,26.303808516975682,SH000300
2025-09-11,4438.839,4548.0345,4427.9242,4548.0345,4445.3649,25326405100.0,693156671397.7,0.775268,1.0,2.309588,0.0,0.0,0.0,0.0,0.0,1.0,1.0,1.0,27.368932490055602,SH000300
2025-09-12,4544.5905,4564.6665,4517.7897,4521.998,4548.0345,26644200300.0,689576075691.4,0.815607,1.0,-0.572478,0.0,0.0,0.0,0.0,0.0,1.0,1.0,1.0,25.880907211593062,SH000300
2025-09-15,4534.8866,4566.9053,4522.4958,4533.0557,4521.998,23188567800.0,613314652419.1,0.709826,1.0,0.244531,0.0,0.0,0.0,0.0,0.0,1.0,1.0,1.0,26.449009602874224,SH000300
2025-09-16,4539.9217,4552.419,4494.7875,4523.3367,4533.0557,24926920600.0,613728334805.9,0.762263,1.0,-0.214403,0.0,0.0,0.0,0.0,0.0,1.0,1.0,1.0,24.62110521609717,SH000300
2025-09-17,4517.2855,4556.0296,4503.7959,4551.023,4523.3367,23571647200.0,608454200521.1,0.720819,1.0,0.612077,0.0,0.0,0.0,0.0,0.0,1.0,1.0,1.0,25.81296908775641,SH000300
2025-09-18,4546.0319,4573.8331,4454.9886,4498.109,4551.023,30985982600.0,839987127411.0,0.947548,1.0,-1.162684,0.0,0.0,0.0,0.0,0.0,1.0,1.0,1.0,27.108616765666163,SH000300
2025-09-19,4499.0906,4533.0919,4491.8437,4501.9195,4498.109,22504400000.0,603887059817.1,0.688182,1.0,0.084713,0.0,0.0,0.0,0.0,0.0,1.0,1.0,1.0,26.834177308308597,SH000300
2025-09-22,4512.0251,4523.8695,4487.1299,4522.608,4501.9195,19645995600.0,563149164266.0,0.600734,1.0,0.459548,0.0,0.0,0.0,0.0,0.0,1.0,1.0,1.0,28.664832046791254,SH000300
2025-09-23,4536.7569,4560.7319,4459.7281,4519.7781,4522.608,25282706200.0,680513630695.8,0.773062,1.0,-0.062572,0.0,0.0,0.0,0.0,0.0,1.0,1.0,1.0,26.91617049664565,SH000300
2025-09-24,4495.2659,4567.4948,4494.1133,4566.0708,4519.7781,22048260800.0,629161495484.1,0.674141,1.0,1.024225,0.0,0.0,0.0,0.0,0.0,1.0,1.0,1.0,28.5356519133745,SH000300
2025-09-25,4563.9827,4613.9486,4558.8424,4593.4875,4566.0708,22982333300.0,669866986618.6,0.702701,1.0,0.600444,0.0,0.0,0.0,0.0,0.0,1.0,1.0,1.0,29.147039940396304,SH000300
2025-09-26,4576.9142,4597.8472,4550.0487,4550.0487,4593.4875,20848211400.0,598723903173.9,0.637449,1.0,-0.945661,0.0,0.0,0.0,0.0,0.0,1.0,1.0,1.0,28.71823830287427,SH000300
2025-09-29,4555.0342,4647.5691,4541.4252,4620.0528,4550.0487,27435887700.0,693395231241.2,0.838867,1.0,1.538535,0.0,0.0,0.0,0.0,0.0,1.0,1.0,1.0,25.273293097828212,SH000300
2025-09-30,4629.8987,4647.5031,4616.2243,4640.6935,4620.0528,24798035900.0,664624101862.0,0.758201,1.0,0.446763,0.0,0.0,0.0,0.0,0.0,1.0,1.0,1.0,26.80148155854553,SH000300
2025-10-09,4662.1133,4726.3449,4651.9895,4709.482,4640.6935,34767869600.0,862208005908.4,1.063028,1.0,1.482289,0.0,0.0,0.0,0.0,0.0,1.0,1.0,1.0,24.798988716536144,SH000300
2025-10-10,4679.4983,4692.5858,4600.9646,4616.8341,4709.482,31902089900.0,792743047250.5,0.97506,1.0,-1.967263,0.0,0.0,0.0,0.0,0.0,1.0,1.0,1.0,24.849251247658856,SH000300
2025-10-13,4490.8661,4601.8072,4490.8661,4593.9785,4616.8341,31501035400.0,714001634395.3,0.962802,1.0,-0.495049,0.0,0.0,0.0,0.0,0.0,1.0,1.0,1.0,22.665973525279746,SH000300
2025-10-14,4634.0543,4641.4492,4520.9258,4539.0644,4593.9785,37295403000.0,808959003201.4,1.139736,1.0,-1.19535,0.0,0.0,0.0,0.0,0.0,1.0,1.0,1.0,21.690582166424104,SH000300
2025-10-15,4544.2431,4608.8239,4526.834,4606.2879,4539.0644,28477185500.0,607326345325.6,0.87019,1.0,1.480999,0.0,0.0,0.0,0.0,0.0,1.0,1.0,1.0,21.32676859254929,SH000300
2025-10-16,4588.9206,4645.0959,4586.2801,4618.4218,4606.2879,24823551800.0,560567191741.4,0.758538,1.0,0.26342,0.0,0.0,0.0,0.0,0.0,1.0,1.0,1.0,22.58207029589537,SH000300
2025-10-17,4610.6967,4618.5621,4509.3289,4514.2345,4618.4218,25690561700.0,559085965218.7,0.784898,1.0,-2.255907,0.0,0.0,0.0,0.0,0.0,1.0,1.0,1.0,21.76230989993107,SH000300
2025-10-20,4558.2421,4570.4376,4520.5024,4538.2201,4514.2345,21842040500.0,505798833703.2,0.667253,1.0,0.531333,0.0,0.0,0.0,0.0,0.0,1.0,1.0,1.0,23.157123699280753,SH000300
2025-10-21,4556.1224,4615.463,4547.9283,4607.8715,4538.2201,21571117500.0,551390253215.9,0.658977,1.0,1.534774,0.0,0.0,0.0,0.0,0.0,1.0,1.0,1.0,25.56150617676159,SH000300
2025-10-22,4576.0277,4603.4884,4567.2361,4592.57,4607.8715,18533396000.0,440935302747.4,0.566178,1.0,-0.332073,0.0,0.0,0.0,0.0,0.0,1.0,1.0,1.0,23.791392724107336,SH000300
2025-10-23,4578.7018,4611.3409,4541.6944,4606.3447,4592.57,20046391700.0,420800208775.6,0.612392,1.0,0.299934,0.0,0.0,0.0,0.0,0.0,1.0,1.0,1.0,20.991319289426034,SH000300
2025-10-24,4622.7873,4660.6835,4622.7873,4660.6835,4606.3447,20881448300.0,551986648560.5,0.637902,1.0,1.179651,0.0,0.0,0.0,0.0,0.0,1.0,1.0,1.0,26.434308608780743,SH000300
2025-10-27,4699.3819,4720.4288,4687.6876,4716.0186,4660.6835,26220067400.0,672670372522.7,0.800831,1.0,1.187274,0.0,0.0,0.0,0.0,0.0,1.0,1.0,1.0,25.654791891293915,SH000300
2025-10-28,4697.7277,4734.3218,4679.2288,4691.973,4716.0186,22090664500.0,571563257095.5,0.674707,1.0,-0.509871,0.0,0.0,0.0,0.0,0.0,1.0,1.0,1.0,25.873520332333143,SH000300
2025-10-29,4701.0362,4747.8378,4697.268,4747.8378,4691.973,24621132400.0,645898688765.2,0.751994,1.0,1.190646,0.0,0.0,0.0,0.0,0.0,1.0,1.0,1.0,26.233508608450517,SH000300
2025-10-30,4735.9807,4761.8339,4706.452,4709.911,4747.8378,27328911800.0,719956285438.0,0.834703,1.0,-0.798823,0.0,0.0,0.0,0.0,0.0,1.0,1.0,1.0,26.344125617105618,SH000300
2025-10-31,4702.4946,4706.1395,4640.6676,4640.6676,4709.911,28146474000.0,680712251492.7,0.859673,1.0,-1.470164,0.0,0.0,0.0,0.0,0.0,1.0,1.0,1.0,24.184636821390132,SH000300
2025-11-03,4636.7323,4653.4028,4595.7339,4653.4028,4640.6676,23986980900.0,557602941095.9,0.732628,1.0,0.274426,0.0,0.0,0.0,0.0,0.0,1.0,1.0,1.0,23.246065998072314,SH000300
2025-11-04,4649.3481,4665.323,4595.066,4618.699,4653.4028,23322403200.0,505177700976.6,0.71233,1.0,-0.745773,0.0,0.0,0.0,0.0,0.0,1.0,1.0,1.0,21.660619475809423,SH000300
2025-11-05,4562.1117,4642.6101,4558.7647,4627.257,4618.699,20304587100.0,468361161388.7,0.620156,1.0,0.18529,0.0,0.0,0.0,0.0,0.0,1.0,1.0,1.0,23.066766099799192,SH000300
2025-11-06,4642.0112,4698.0935,4642.0112,4693.4032,4627.257,22424100800.0,553641780921.2,0.68489,1.0,1.429491,0.0,0.0,0.0,0.0,0.0,1.0,1.0,1.0,24.689586702232447,SH000300
2025-11-07,4673.7616,4701.3743,4666.0405,4678.7944,4693.4032,21249737700.0,507573849500.2,0.649011,1.0,-0.311262,0.0,0.0,0.0,0.0,0.0,1.0,1.0,1.0,23.88612305083653,SH000300
2025-11-10,4688.124,4695.1794,4654.2103,4695.0507,4678.7944,23602676400.0,593977127605.0,0.720875,1.0,0.347446,0.0,0.0,0.0,0.0,0.0,1.0,1.0,1.0,25.16566839873295,SH000300
2025-11-11,4706.3374,4707.1275,4648.4896,4652.1655,4695.0507,18663885800.0,477629076357.0,0.570054,1.0,-0.913413,0.0,0.0,0.0,0.0,0.0,1.0,1.0,1.0,25.591084379491864,SH000300
2025-11-12,4643.5592,4669.6073,4620.9897,4645.9079,4652.1655,20946059200.0,492308866408.7,0.63975,1.0,-0.134509,0.0,0.0,0.0,0.0,0.0,1.0,1.0,1.0,23.503651054738736,SH000300
2025-11-13,4643.7862,4703.4897,4643.7862,4702.0738,4645.9079,20736747400.0,510060678210.4,0.633351,1.0,1.208933,0.0,0.0,0.0,0.0,0.0,1.0,1.0,1.0,24.596947070416647,SH000300
2025-11-14,4663.3175,4684.2578,4628.0242,4628.1398,4702.0738,19209267600.0,444720433578.5,0.586698,1.0,-1.57237,0.0,0.0,0.0,0.0,0.0,1.0,1.0,1.0,23.151347716062844,SH000300
2025-11-17,4616.8058,4624.8976,4580.2613,4598.0525,4628.1398,18895546600.0,438940097527.8,0.577116,1.0,-0.650095,0.0,0.0,0.0,0.0,0.0,1.0,1.0,1.0,23.229817417814207,SH000300
2025-11-18,4584.7896,4606.6167,4552.8038,4568.1928,4598.0525,17771318500.0,420150126547.0,0.542772,1.0,-0.649399,0.0,0.0,0.0,0.0,0.0,1.0,1.0,1.0,23.642034582127376,SH000300
2025-11-19,4568.0365,4607.8627,4568.0365,4588.2922,4568.1928,17292497400.0,385230481969.8,0.528148,1.0,0.439986,0.0,0.0,0.0,0.0,0.0,1.0,1.0,1.0,22.277319062647365,SH000300
2025-11-20,4619.5401,4620.6529,4560.1814,4564.9483,4588.2922,19456259300.0,415064817729.8,0.59489,1.0,-0.508771,0.0,0.0,0.0,0.0,0.0,1.0,1.0,1.0,21.333228105661604,SH000300
2025-11-21,4513.3858,4527.0436,4453.1819,4453.6076,4564.9483,22285101300.0,481295814462.6,0.68135,1.0,-2.439035,0.0,0.0,0.0,0.0,0.0,1.0,1.0,1.0,21.597201106848907,SH000300
2025-11-24,4473.1563,4478.8081,4421.8123,4448.0478,4453.6076,18583372900.0,425807469499.9,0.568048,1.0,-0.124838,0.0,0.0,0.0,0.0,0.0,1.0,1.0,1.0,22.9133576445587,SH000300
2025-11-25,4475.8359,4510.7729,4467.3529,4490.4047,4448.0478,16957192900.0,411523796962.4,0.51834,1.0,0.952258,0.0,0.0,0.0,0.0,0.0,1.0,1.0,1.0,24.268391554500745,SH000300
2025-11-26,4490.2021,4538.1361,4485.6984,4517.6255,4490.4047,15620036800.0,427361377738.4,0.477466,1.0,0.606199,0.0,0.0,0.0,0.0,0.0,1.0,1.0,1.0,27.359818879453602,SH000300
2025-11-27,4520.014,4559.2183,4509.8635,4515.4027,4517.6255,15031177200.0,417789843567.7,0.459466,1.0,-0.049203,0.0,0.0,0.0,0.0,0.0,1.0,1.0,1.0,27.794885125012033,SH000300
2025-11-28,4511.4972,4531.7219,4492.4256,4526.6616,4515.4027,14290209600.0,341832317979.4,0.436813,1.0,0.249344,0.0,0.0,0.0,0.0,0.0,1.0,1.0,1.0,23.92073507301111,SH000300
2025-12-01,4539.1877,4576.9654,4531.2917,4576.4856,4526.6616,20038231700.0,463861587251.4,0.612145,1.0,1.100679,0.0,0.0,0.0,0.0,0.0,1.0,1.0,1.0,23.14882840941499,SH000300
2025-12-02,4571.9098,4575.4945,4539.4312,4554.3347,4576.4856,14849313200.0,364366426477.8,0.45363,1.0,-0.484016,0.0,0.0,0.0,0.0,0.0,1.0,1.0,1.0,24.537594538567614,SH000300
2025-12-03,4554.5894,4569.821,4523.5017,4531.0486,4554.3347,16976279000.0,374486168902.9,0.518606,1.0,-0.511295,0.0,0.0,0.0,0.0,0.0,1.0,1.0,1.0,22.059378789833744,SH000300
2025-12-04,4533.6004,4557.4228,4514.1878,4546.5664,4531.0486,14719811000.0,348767399211.7,0.449673,1.0,0.342477,0.0,0.0,0.0,0.0,0.0,1.0,1.0,1.0,23.69374166636379,SH000300
2025-12-05,4547.9056,4593.8279,4535.0195,4584.5368,4546.5664,19679996800.0,412146806538.3,0.601201,1.0,0.835145,0.0,0.0,0.0,0.0,0.0,1.0,1.0,1.0,20.942422436689622,SH000300
2025-12-08,4593.1399,4640.6256,4592.7414,4621.7545,4584.5368,19962099000.0,496716196112.2,0.609791,1.0,0.811809,0.0,0.0,0.0,0.0,0.0,1.0,1.0,1.0,24.88296426704426,SH000300
2025-12-09,4611.379,4628.7049,4584.254,4598.2232,4621.7545,18416034400.0,452113884581.0,0.562562,1.0,-0.509142,0.0,0.0,0.0,0.0,0.0,1.0,1.0,1.0,24.55001303543395,SH000300
2025-12-10,4586.254,4598.5366,4549.0798,4591.8273,4598.2232,16911110600.0,401452781497.6,0.51659,1.0,-0.139095,0.0,0.0,0.0,0.0,0.0,1.0,1.0,1.0,23.73899568119435,SH000300
2025-12-11,4597.1901,4610.2787,4547.1372,4552.1848,4591.8273,16841940500.0,432431093509.7,0.514478,1.0,-0.863327,0.0,0.0,0.0,0.0,0.0,1.0,1.0,1.0,25.67584735913893,SH000300
2025-12-12,4558.7375,4583.6753,4530.7841,4580.95,4552.1848,21282652000.0,523863221651.9,0.650129,1.0,0.631899,0.0,0.0,0.0,0.0,0.0,1.0,1.0,1.0,24.614565029391073,SH000300
2025-12-15,4550.0028,4595.0463,4548.4382,4552.0596,4580.95,16758996700.0,424383389792.3,0.510544,1.0,-0.630664,0.0,0.0,0.0,0.0,0.0,1.0,1.0,1.0,25.322720529702114,SH000300
2025-12-16,4542.4226,4553.0806,4484.27,4497.5545,4552.0596,16516520100.0,390500134302.7,0.503156,1.0,-1.197372,0.0,0.0,0.0,0.0,0.0,1.0,1.0,1.0,23.643003001746113,SH000300
2025-12-17,4499.7729,4594.6556,4498.9304,4579.875,4497.5545,17842483000.0,452504741114.1,0.54355,1.0,1.830339,0.0,0.0,0.0,0.0,0.0,1.0,1.0,1.0,25.361085736447105,SH000300
2025-12-18,4553.9788,4571.9683,4544.1416,4552.7926,4579.875,15168132800.0,382102395684.6,0.461589,1.0,-0.591335,0.0,0.0,0.0,0.0,0.0,1.0,1.0,1.0,25.191129371217002,SH000300
2025-12-19,4561.3729,4591.0931,4546.8465,4568.1781,4552.7926,15487622000.0,371577144281.1,0.471408,1.0,0.337935,0.0,0.0,0.0,0.0,0.0,1.0,1.0,1.0,23.99187843563718,SH000300
2025-12-22,4587.6683,4615.8721,4587.6683,4611.6235,4568.1781,16525285600.0,448240599513.9,0.502647,1.0,0.951044,0.0,0.0,0.0,0.0,0.0,1.0,1.0,1.0,27.12452966706367,SH000300
2025-12-23,4616.026,4644.5347,4607.7992,4620.7341,4611.6235,16925641200.0,433141326005.5,0.514838,1.0,0.197557,0.0,0.0,0.0,0.0,0.0,1.0,1.0,1.0,25.590837055289818,SH000300
2025-12-24,4623.6831,4639.4278,4602.1444,4634.0586,4620.7341,15371124100.0,406375640662.1,0.467553,1.0,0.288363,0.0,0.0,0.0,0.0,0.0,1.0,1.0,1.0,26.437600660715503,SH000300
2025-12-25,4629.3195,4651.1535,4621.9208,4642.5357,4634.0586,13943418600.0,385356060832.4,0.424126,1.0,0.18293,0.0,0.0,0.0,0.0,0.0,1.0,1.0,1.0,27.63712916374755,SH000300
2025-12-26,4639.7895,4676.131,4635.1052,4657.24,4642.5357,17539656500.0,460426934267.5,0.533511,1.0,0.31673,0.0,0.0,0.0,0.0,0.0,1.0,1.0,1.0,26.250624364707484,SH000300
2025-12-29,4658.2654,4672.0352,4629.0567,4639.3721,4657.24,20039713300.0,482613536466.5,0.609556,1.0,-0.383659,0.0,0.0,0.0,0.0,0.0,1.0,1.0,1.0,24.082856338393825,SH000300
2025-12-30,4617.3163,4664.3305,4616.6323,4651.2818,4639.3721,18037497400.0,457185489036.8,0.548685,1.0,0.256709,0.0,0.0,0.0,0.0,0.0,1.0,1.0,1.0,25.346392512123106,SH000300
2025-12-31,4656.48,4667.0467,4622.0988,4629.9395,4651.2818,17076022400.0,444491545749.0,0.519437,1.0,-0.458848,0.0,0.0,0.0,0.0,0.0,1.0,1.0,1.0,26.030157101984123,SH000300
2026-01-05,4661.616,4721.6378,4661.616,4717.7457,4629.9395,23414483900.0,630577351311.4,0.71173,1.0,1.896487,0.0,0.0,0.0,0.0,0.0,1.0,1.0,1.0,26.931080522829717,SH000300
2026-01-06,4719.2088,4790.6938,4718.0099,4790.6938,4717.7457,29697068600.0,725414566872.9,0.902617,1.0,1.546249,0.0,0.0,0.0,0.0,0.0,1.0,1.0,1.0,24.427143858666913,SH000300
2026-01-07,4796.9335,4802.6028,4751.0713,4776.6658,4790.6938,25909556400.0,664897929360.7,0.787498,1.0,-0.292818,0.0,0.0,0.0,0.0,0.0,1.0,1.0,1.0,25.6622660417567,SH000300
2026-01-08,4761.0105,4765.4863,4717.0091,4737.6536,4776.6658,23880495700.0,630655637961.6,0.725809,1.0,-0.816725,0.0,0.0,0.0,0.0,0.0,1.0,1.0,1.0,26.408816880698165,SH000300
2026-01-09,4725.9571,4771.4276,4719.134,4758.9221,4737.6536,25468803800.0,668788811126.9,0.774082,1.0,0.448925,0.0,0.0,0.0,0.0,0.0,1.0,1.0,1.0,26.25913711451576,SH000300
2026-01-12,4769.6501,4795.9327,4737.5702,4789.9155,4758.9221,29483316500.0,799954082388.1,0.896196,1.0,0.651269,0.0,0.0,0.0,0.0,0.0,1.0,1.0,1.0,27.132432078599432,SH000300
2026-01-13,4798.0488,4836.9549,4745.5154,4761.0324,4789.9155,30144949700.0,801054979639.8,0.916299,1.0,-0.602998,0.0,0.0,0.0,0.0,0.0,1.0,1.0,1.0,26.573438921339452,SH000300
2026-01-14,4767.6956,4818.1008,4720.246,4741.9306,4761.0324,36495102300.0,891334219174.3,1.109321,1.0,-0.401211,0.0,0.0,0.0,0.0,0.0,1.0,1.0,1.0,24.423392811651333,SH000300
2026-01-15,4721.7966,4769.5478,4720.9368,4751.4293,4741.9306,25400363600.0,674058683639.6,0.771893,1.0,0.200313,0.0,0.0,0.0,0.0,0.0,1.0,1.0,1.0,26.53736356906324,SH000300
2026-01-16,4778.4302,4792.5514,4715.3646,4731.8728,4751.4293,32527892900.0,785624166096.3,0.988275,1.0,-0.411592,0.0,0.0,0.0,0.0,0.0,1.0,1.0,1.0,24.15232270075201,SH000300
2026-01-19,4720.1945,4761.6317,4715.0867,4734.4556,4731.8728,26761249200.0,655149256235.7,0.813068,1.0,0.054583,0.0,0.0,0.0,0.0,0.0,1.0,1.0,1.0,24.481265853452758,SH000300
2026-01-20,4736.9096,4748.2297,4684.9684,4718.8782,4734.4556,28271957900.0,671960685391.4,0.858696,1.0,-0.329022,0.0,0.0,0.0,0.0,0.0,1.0,1.0,1.0,23.767744977838976,SH000300
2026-01-21,4714.5541,4758.2793,4714.2366,4723.0692,4718.8782,26635333200.0,665330511237.3,0.808987,1.0,0.088813,0.0,0.0,0.0,0.0,0.0,1.0,1.0,1.0,24.979244909063127,SH000300
2026-01-22,4741.7548,4757.7637,4700.4482,4723.7091,4723.0692,27419993200.0,690235248160.5,0.83289,1.0,0.013548,0.0,0.0,0.0,0.0,0.0,1.0,1.0,1.0,25.17269946516617,SH000300
2026-01-23,4729.585,4734.7942,4684.6172,4702.4966,4723.7091,31463544500.0,755617735528.3,0.955704,1.0,-0.449064,0.0,0.0,0.0,0.0,0.0,1.0,1.0,1.0,24.015658360687876,SH000300
2026-01-26,4715.3753,4754.1777,4693.1577,4706.964,4702.4966,36300448100.0,796832970315.2,1.102624,1.0,0.095001,0.0,0.0,0.0,0.0,0.0,1.0,1.0,1.0,21.951050524778505,SH000300
2026-01-27,4705.1744,4736.9857,4675.6409,4705.6918,4706.964,30147569700.0,715267914840.3,0.915731,1.0,-0.027028,0.0,0.0,0.0,0.0,0.0,1.0,1.0,1.0,23.72555804524104,SH000300
2026-01-28,4725.6014,4739.6257,4697.9063,4717.9914,4705.6918,38225560200.0,829414067055.4,1.1611,1.0,0.261377,0.0,0.0,0.0,0.0,0.0,1.0,1.0,1.0,21.69789174353029,SH000300
2026-01-29,4733.0879,4770.9599,4696.0536,4753.8697,4717.9914,41551305500.0,917966160339.3,1.262119,1.0,0.760457,0.0,0.0,0.0,0.0,0.0,1.0,1.0,1.0,22.09235424237874,SH000300
2026-01-30,4723.081,4738.8711,4645.4706,4706.3401,4753.8697,31978653100.0,750564885195.4,0.97135,1.0,-0.999809,0.0,0.0,0.0,0.0,0.0,1.0,1.0,1.0,23.47080981954803,SH000300
2026-02-02,4674.2759,4716.6069,4601.7603,4605.9799,4706.3401,30477350000.0,725920381252.0,0.925027,1.0,-2.132447,0.0,0.0,0.0,0.0,0.0,1.0,1.0,1.0,23.81835629580656,SH000300
2026-02-03,4648.3574,4662.1264,4578.2087,4660.1074,4605.9799,26554940500.0,666626842810.7,0.805864,1.0,1.175157,0.0,0.0,0.0,0.0,0.0,1.0,1.0,1.0,25.103684295986277,SH000300
2026-02-04,4647.9671,4701.4768,4641.8424,4698.6832,4660.1074,26488103200.0,636018589862.7,0.803836,1.0,0.827788,0.0,0.0,0.0,0.0,0.0,1.0,1.0,1.0,24.011481118916056,SH000300
2026-02-05,4664.7478,4687.0213,4639.43,4670.4188,4698.6832,23785635100.0,550433167197.1,0.721824,1.0,-0.601539,0.0,0.0,0.0,0.0,0.0,1.0,1.0,1.0,23.141411397381606,SH000300
2026-02-06,4622.9747,4678.2618,4606.6379,4643.5959,4670.4188,20271647700.0,505759806237.8,0.615488,1.0,-0.574315,0.0,0.0,0.0,0.0,0.0,1.0,1.0,1.0,24.949121735072378,SH000300
2026-02-09,4693.6715,4719.9642,4679.9037,4719.0559,4643.5959,20725193800.0,522757267199.4,0.629259,1.0,1.625034,0.0,0.0,0.0,0.0,0.0,1.0,1.0,1.0,25.22327521971833,SH000300
2026-02-10,4718.2552,4732.0871,4713.8684,4724.2956,4719.0559,18700095800.0,450339578978.4,0.567773,1.0,0.111033,0.0,0.0,0.0,0.0,0.0,1.0,1.0,1.0,24.082207053634455,SH000300
2026-02-11,4715.6697,4723.7043,4703.6873,4713.8185,4724.2956,17339168100.0,433428613402.0,0.526452,1.0,-0.221771,0.0,0.0,0.0,0.0,0.0,1.0,1.0,1.0,24.99708238032481,SH000300
2026-02-12,4720.0085,4726.0426,4707.7359,4719.578,4713.8185,19784143900.0,490473852275.1,0.600687,1.0,0.122183,0.0,0.0,0.0,0.0,0.0,1.0,1.0,1.0,24.79125984698787,SH000300
2026-02-13,4693.4106,4703.6332,4658.4038,4660.4056,4719.578,18916775600.0,452878594068.8,0.574352,1.0,-1.253765,0.0,0.0,0.0,0.0,0.0,1.0,1.0,1.0,23.940580765191292,SH000300
2026-02-24,4727.2961,4727.373,4698.3488,4707.544,4660.4056,21848889000.0,526084235584.0,0.662698,1.0,1.011466,0.0,0.0,0.0,0.0,0.0,1.0,1.0,1.0,24.078306022059063,SH000300
2026-02-25,4713.5754,4766.5587,4713.3438,4735.8858,4707.544,28426835400.0,596903872616.7,0.863392,1.0,0.602051,0.0,0.0,0.0,0.0,0.0,1.0,1.0,1.0,20.99790089953875,SH000300
2026-02-26,4741.3896,4742.1476,4706.6943,4726.8739,4735.8858,23484764400.0,599848915404.9,0.713289,1.0,-0.19029,0.0,0.0,0.0,0.0,0.0,1.0,1.0,1.0,25.542045267650206,SH000300
2026-02-27,4698.3,4721.0141,4692.891,4710.6469,4726.8739,26142086500.0,578820992510.3,0.793999,1.0,-0.343292,0.0,0.0,0.0,0.0,0.0,1.0,1.0,1.0,22.141346388334384,SH000300
2026-03-02,4681.0141,4735.4055,4667.2752,4728.6688,4710.6469,34926075200.0,752681937770.4,1.060789,1.0,0.382578,0.0,0.0,0.0,0.0,0.0,1.0,1.0,1.0,21.55071629034344,SH000300
2026-03-03,4737.3164,4744.5987,4651.4047,4655.8962,4728.6688,37062427200.0,801659243770.0,1.125675,1.0,-1.538966,0.0,0.0,0.0,0.0,0.0,1.0,1.0,1.0,21.629971492261035,SH000300
2026-03-04,4609.1918,4639.4204,4575.8249,4602.6247,4655.8962,30303566600.0,608923128590.3,0.920392,1.0,-1.144173,0.0,0.0,0.0,0.0,0.0,1.0,1.0,1.0,20.09410762198203,SH000300
2026-03-05,4651.9415,4671.5268,4630.3024,4647.6921,4602.6247,25931782500.0,570443777084.6,0.78761,1.0,0.979167,0.0,0.0,0.0,0.0,0.0,1.0,1.0,1.0,21.997862163335668,SH000300
2026-03-06,4621.4939,4671.7126,4612.7943,4660.439,4647.6921,23852792600.0,487807080156.9,0.724467,1.0,0.274263,0.0,0.0,0.0,0.0,0.0,1.0,1.0,1.0,20.45073247133755,SH000300
2026-03-09,4600.2535,4625.9814,4548.969,4615.4551,4660.439,32278761700.0,665821508005.3,0.980384,1.0,-0.965229,0.0,0.0,0.0,0.0,0.0,1.0,1.0,1.0,20.627232054112536,SH000300
2026-03-10,4648.7851,4677.5958,4648.7851,4674.7562,4615.4551,26390374800.0,557607876148.6,0.801539,1.0,1.284838,0.0,0.0,0.0,0.0,0.0,1.0,1.0,1.0,21.129213979507405,SH000300
2026-03-11,4681.0316,4711.8671,4674.7088,4704.4959,4674.7562,27017544300.0,579564397580.3,0.819467,1.0,0.636176,0.0,0.0,0.0,0.0,0.0,1.0,1.0,1.0,21.451409171199177,SH000300
2026-03-12,4700.7205,4704.3791,4654.3147,4687.5601,4704.4959,30298681600.0,572105482463.8,0.918987,1.0,-0.359992,0.0,0.0,0.0,0.0,0.0,1.0,1.0,1.0,18.88219065161568,SH000300
2026-03-13,4669.0619,4707.4194,4659.4979,4669.14,4687.5601,31077200900.0,580305608197.8,0.942596,1.0,-0.392957,0.0,0.0,0.0,0.0,0.0,1.0,1.0,1.0,18.67303332964585,SH000300
2026-03-16,4669.2241,4673.6929,4621.8118,4671.5591,4669.14,29621507000.0,598799098356.4,0.898444,1.0,0.05181,0.0,0.0,0.0,0.0,0.0,1.0,1.0,1.0,20.21501128745408,SH000300
2026-03-17,4685.5697,4720.8608,4637.368,4637.4392,4671.5591,26302191300.0,578501505807.6,0.797695,1.0,-0.730375,0.0,0.0,0.0,0.0,0.0,1.0,1.0,1.0,21.99442241177829,SH000300
2026-03-18,4648.7517,4662.2936,4604.5163,4658.3324,4637.4392,23469070500.0,524173911454.0,0.711772,1.0,0.450533,0.0,0.0,0.0,0.0,0.0,1.0,1.0,1.0,22.334668578118592,SH000300
2026-03-19,4611.4399,4634.5468,4570.392,4583.2511,4658.3324,25413044900.0,547850295789.2,0.770729,1.0,-1.611763,0.0,0.0,0.0,0.0,0.0,1.0,1.0,1.0,21.55783763594578,SH000300
2026-03-20,4602.8205,4628.7118,4563.0687,4567.0179,4583.2511,25787370300.0,615463088557.8,0.782097,1.0,-0.354185,0.0,0.0,0.0,0.0,0.0,1.0,1.0,1.0,23.866841845358696,SH000300
2026-03-23,4499.1004,4514.7182,4397.5661,4417.9971,4567.0179,32808194500.0,671719761060.9,0.995029,1.0,-3.262978,0.0,0.0,0.0,0.0,0.0,1.0,1.0,1.0,20.474145904642818,SH000300
2026-03-24,4458.9074,4474.825,4394.2943,4474.7224,4417.9971,25553251700.0,530149390314.2,0.774996,1.0,1.28396,0.0,0.0,0.0,0.0,0.0,1.0,1.0,1.0,20.746846488981284,SH000300
2026-03-25,4506.6247,4542.1806,4502.0265,4537.4656,4474.7224,26263927900.0,550428161188.3,0.795244,1.0,1.40217,0.0,0.0,0.0,0.0,0.0,1.0,1.0,1.0,20.957572046498804,SH000300
2026-03-26,4525.3291,4541.0502,4468.9571,4477.5343,4537.4656,21373678800.0,471127498414.3,0.647164,1.0,-1.32081,0.0,0.0,0.0,0.0,0.0,1.0,1.0,1.0,22.04241501066723,SH000300
2026-03-27,4431.5034,4519.8903,4431.4205,4502.5698,4477.5343,19240038800.0,440517561617.1,0.582553,1.0,0.559136,0.0,0.0,0.0,0.0,0.0,1.0,1.0,1.0,22.89587698841335,SH000300
2026-03-30,4461.7367,4496.4109,4447.1373,4491.95,4502.5698,20929309200.0,444629519711.2,0.633695,1.0,-0.235861,0.0,0.0,0.0,0.0,0.0,1.0,1.0,1.0,21.24434760184058,SH000300
2026-03-31,4491.9209,4523.1745,4450.0493,4450.0493,4491.95,22454158500.0,484558113011.2,0.679868,1.0,-0.932795,0.0,0.0,0.0,0.0,0.0,1.0,1.0,1.0,21.579882987429702,SH000300
2026-04-01,4517.2717,4532.1093,4492.0544,4526.0668,4450.0493,21648319600.0,503744056996.0,0.655468,1.0,1.70824,0.0,0.0,0.0,0.0,0.0,1.0,1.0,1.0,23.269429974417044,SH000300
2026-04-02,4514.4416,4519.6931,4459.6095,4478.9141,4526.0668,19099216100.0,429949131699.9,0.578246,1.0,-1.041803,0.0,0.0,0.0,0.0,0.0,1.0,1.0,1.0,22.511349651669736,SH000300
2026-04-03,4492.8461,4494.4571,4437.5952,4440.7889,4478.9141,16832170500.0,373234910157.7,0.509606,1.0,-0.851215,0.0,0.0,0.0,0.0,0.0,1.0,1.0,1.0,22.17390265608942,SH000300
2026-04-07,4445.8613,4458.9264,4420.6939,4440.6162,4440.7889,16263878700.0,378261695014.8,0.492399,1.0,-0.003889,0.0,0.0,0.0,0.0,0.0,1.0,1.0,1.0,23.257778909455343,SH000300
2026-04-08,4517.3403,4595.556,4513.7705,4595.556,4440.6162,25333921300.0,641779180969.5,0.767,1.0,3.489151,0.0,0.0,0.0,0.0,0.0,1.0,1.0,1.0,25.332800768174014,SH000300
2026-04-09,4562.6696,4579.197,4552.4244,4566.2237,4595.556,18493978300.0,500445676660.7,0.559916,1.0,-0.638275,0.0,0.0,0.0,0.0,0.0,1.0,1.0,1.0,27.05992558997974,SH000300
2026-04-10,4594.9467,4655.0988,4590.1089,4636.5655,4566.2237,20867860500.0,625717995648.2,0.631761,1.0,1.540481,0.0,0.0,0.0,0.0,0.0,1.0,1.0,1.0,29.98476991199936,SH000300
2026-04-13,4615.133,4653.3983,4615.133,4646.1546,4636.5655,19671227700.0,556620945240.3,0.595529,1.0,0.206815,0.0,0.0,0.0,0.0,0.0,1.0,1.0,1.0,28.29619755966223,SH000300
2026-04-14,4676.1235,4701.2837,4654.8526,4701.2837,4646.1546,20470033200.0,605717793585.3,0.619657,1.0,1.186553,0.0,0.0,0.0,0.0,0.0,1.0,1.0,1.0,29.590464640052467,SH000300
2026-04-15,4726.6381,4731.2729,4672.556,4685.2464,4701.2837,20168850000.0,604550556798.3,0.610423,1.0,-0.341126,0.0,0.0,0.0,0.0,0.0,1.0,1.0,1.0,29.97446839052797,SH000300
2026-04-16,4694.4309,4739.2208,4689.414,4736.6077,4685.2464,19205760000.0,567611323592.2,0.581274,1.0,1.096235,0.0,0.0,0.0,0.0,0.0,1.0,1.0,1.0,29.55422350337607,SH000300
2026-04-17,4728.9951,4738.3236,4714.4669,4728.6716,4736.6077,18291533600.0,587622682307.9,0.553604,1.0,-0.167548,0.0,0.0,0.0,0.0,0.0,1.0,1.0,1.0,32.12539173357777,SH000300
2026-04-20,4727.1661,4763.0427,4720.6853,4757.4419,4728.6716,22163349400.0,626568410330.9,0.672301,1.0,0.608422,0.0,0.0,0.0,0.0,0.0,1.0,1.0,1.0,28.270474783513542,SH000300
2026-04-21,4750.5149,4776.8258,4722.0074,4767.997,4757.4419,20561405800.0,580407995619.7,0.623707,1.0,0.221865,0.0,0.0,0.0,0.0,0.0,1.0,1.0,1.0,28.228030771110987,SH000300
2026-04-22,4751.2794,4801.4465,4750.3502,4799.627,4767.997,20448183000.0,619505670177.0,0.620207,1.0,0.663381,0.0,0.0,0.0,0.0,0.0,1.0,1.0,1.0,30.29636766146899,SH000300
2026-04-23,4816.0267,4823.4704,4759.86,4786.3273,4799.627,23286573600.0,693853775975.6,0.706295,1.0,-0.277099,0.0,0.0,0.0,0.0,0.0,1.0,1.0,1.0,29.796301847327165,SH000300
2026-04-24,4771.7348,4786.444,4735.606,4769.3688,4786.3273,19379831400.0,680097832547.3,0.587804,1.0,-0.354311,0.0,0.0,0.0,0.0,0.0,1.0,1.0,1.0,35.093072716169246,SH000300
2026-04-27,4776.3351,4795.1682,4762.6441,4770.9469,4769.3688,19279655000.0,648904814981.1,0.584768,1.0,0.033088,0.0,0.0,0.0,0.0,0.0,1.0,1.0,1.0,33.657491017401505,SH000300
2026-04-28,4757.0766,4778.1891,4743.4355,4758.2083,4770.9469,21672423300.0,631521664930.9,0.657336,1.0,-0.267004,0.0,0.0,0.0,0.0,0.0,1.0,1.0,1.0,29.139411693333805,SH000300
2026-04-29,4737.5755,4813.6104,4737.1139,4810.3468,4758.2083,23329811000.0,681020507300.6,0.707606,1.0,1.095759,0.0,0.0,0.0,0.0,0.0,1.0,1.0,1.0,29.190999759946617,SH000300
2026-04-30,4820.9716,4829.2715,4797.5445,4807.3069,4810.3468,25063337000.0,726665374516.3,0.76052,1.0,-0.063195,0.0,0.0,0.0,0.0,0.0,1.0,1.0,1.0,28.993161386143434,SH000300
2026-05-06,4857.6537,4892.7957,4834.2807,4877.0932,4807.3069,27444388000.0,881744311635.1,0.832405,1.0,1.451671,0.0,0.0,0.0,0.0,0.0,1.0,1.0,1.0,32.128401319610404,SH000300
2026-05-07,4895.8001,4901.8575,4866.8749,4900.5098,4877.0932,25783397200.0,787236200022.7,0.780253,1.0,0.480134,0.0,0.0,0.0,0.0,0.0,1.0,1.0,1.0,30.532679379531103,SH000300
2026-05-08,4871.1185,4887.2129,4849.9871,4871.9122,4900.5098,25172099600.0,716546104146.0,0.761706,1.0,-0.583564,0.0,0.0,0.0,0.0,0.0,1.0,1.0,1.0,28.46588546574796,SH000300
2026-05-11,4902.2775,4960.3975,4889.5659,4951.8366,4871.9122,30573480100.0,904479321902.1,0.925162,1.0,1.640514,0.0,0.0,0.0,0.0,0.0,1.0,1.0,1.0,29.583786959931327,SH000300
2026-05-12,4965.0175,4971.3026,4926.7897,4948.0465,4951.8366,27381200100.0,819351442664.4,0.828563,1.0,-0.076539,0.0,0.0,0.0,0.0,0.0,1.0,1.0,1.0,29.923868919989378,SH000300
2026-05-13,4919.4248,5001.1201,4919.4248,4998.3417,4948.0465,26845453700.0,823173197928.5,0.812351,1.0,1.016466,0.0,0.0,0.0,0.0,0.0,1.0,1.0,1.0,30.663411657240868,SH000300
2026-05-14,5027.6405,5030.5187,4913.6037,4914.5971,4998.3417,28069537900.0,857446326247.6,0.849392,1.0,-1.675448,0.0,0.0,0.0,0.0,0.0,1.0,1.0,1.0,30.547219170558556,SH000300
2026-05-15,4911.6223,4935.6173,4832.6899,4859.5927,4914.5971,27696776900.0,887687426984.5,0.838112,1.0,-1.119205,0.0,0.0,0.0,0.0,0.0,1.0,1.0,1.0,32.05020678722007,SH000300
2026-05-18,4836.3286,4868.6008,4806.1455,4833.5237,4859.5927,23907758700.0,733452822623.8,0.723421,1.0,-0.536444,0.0,0.0,0.0,0.0,0.0,1.0,1.0,1.0,30.678443421959084,SH000300
2026-05-19,4818.7051,4854.5247,4773.534,4852.8832,4833.5237,23228085200.0,712401049984.5,0.702854,1.0,0.400526,0.0,0.0,0.0,0.0,0.0,1.0,1.0,1.0,30.669813884809585,SH000300
2026-05-20,4829.6129,4866.2121,4825.643,4850.7,4852.8832,22002320600.0,729653332839.0,0.665764,1.0,-0.044988,0.0,0.0,0.0,0.0,0.0,1.0,1.0,1.0,33.162562536199026,SH000300
2026-05-21,4886.2389,4937.9327,4780.7107,4783.0976,4850.7,28734250700.0,891936347970.3,0.869465,1.0,-1.393663,0.0,0.0,0.0,0.0,0.0,1.0,1.0,1.0,31.040877219404926,SH000300
2026-05-22,4818.8435,4851.3489,4785.3486,4845.0956,4783.0976,28694043500.0,771823300850.7,0.868152,1.0,1.296189,0.0,0.0,0.0,0.0,0.0,1.0,1.0,1.0,26.898380524539874,SH000300
2026-05-25,4873.1962,4922.4375,4857.1345,4921.5974,4845.0956,26474323600.0,861179421899.8,0.80101,1.0,1.578953,0.0,0.0,0.0,0.0,0.0,1.0,1.0,1.0,32.52885455777235,SH000300
2026-05-26,4900.1152,4952.7412,4892.683,4947.8493,4921.5974,30279947600.0,899094487856.9,0.916153,1.0,0.533402,0.0,0.0,0.0,0.0,0.0,1.0,1.0,1.0,29.692735923258336,SH000300
2026-05-27,4940.9454,4974.2108,4891.3428,4908.1714,4947.8493,30170917500.0,909011906950.0,0.912895,1.0,-0.801922,0.0,0.0,0.0,0.0,0.0,1.0,1.0,1.0,30.128745900750285,SH000300
2026-05-28,4889.2659,4922.3297,4843.2265,4914.2133,4908.1714,26743273100.0,819897918903.1,0.809027,1.0,0.123099,0.0,0.0,0.0,0.0,0.0,1.0,1.0,1.0,30.658099172726168,SH000300
2026-05-29,4937.5119,4954.0703,4878.7869,4892.1213,4914.2133,33251861000.0,942236490058.1,1.005829,1.0,-0.449553,0.0,0.0,0.0,0.0,0.0,1.0,1.0,1.0,28.336353567040955,SH000300
2026-06-01,4897.8968,4918.7935,4836.6851,4844.2556,4892.1213,29613405100.0,823984849000.1,0.895761,1.0,-0.978424,0.0,0.0,0.0,0.0,0.0,1.0,1.0,1.0,27.824724857463284,SH000300
2026-06-02,4860.6119,4930.2776,4831.9972,4914.5591,4844.2556,28173166200.0,806751344395.2,0.852192,1.0,1.451276,0.0,0.0,0.0,0.0,0.0,1.0,1.0,1.0,28.63545185756225,SH000300
2026-06-03,4921.3445,4991.8525,4904.8969,4938.8091,4914.5591,30403594700.0,906047729419.0,0.919733,1.0,0.493432,0.0,0.0,0.0,0.0,0.0,1.0,1.0,1.0,29.800677793504462,SH000300
